-- phpMyAdmin SQL Dump
-- version 4.6.1
-- http://www.phpmyadmin.net
--
-- Host: localhost
-- Generation Time: May 12, 2017 at 11:31 AM
-- Server version: 5.7.12
-- PHP Version: 5.6.21

SET SQL_MODE = "NO_AUTO_VALUE_ON_ZERO";
SET time_zone = "+00:00";


/*!40101 SET @OLD_CHARACTER_SET_CLIENT=@@CHARACTER_SET_CLIENT */;
/*!40101 SET @OLD_CHARACTER_SET_RESULTS=@@CHARACTER_SET_RESULTS */;
/*!40101 SET @OLD_COLLATION_CONNECTION=@@COLLATION_CONNECTION */;
/*!40101 SET NAMES utf8mb4 */;

--
-- Database: `bank_management`
--

-- --------------------------------------------------------

--
-- Table structure for table `account`
--

CREATE TABLE `account` (
  `idACCOUNT` int(11) NOT NULL,
  `idACCOUNT_TYPE` int(11) NOT NULL,
  `idBranch` int(11) NOT NULL,
  `idCUSTOMER` int(11) NOT NULL,
  `Account_number` varchar(35) NOT NULL,
  `Open_date` date DEFAULT NULL,
  `Close_date` date DEFAULT NULL,
  `Currentcy_code` varchar(15) DEFAULT NULL,
  `Min_Balance` decimal(10,0) DEFAULT NULL,
  `Max_Balance` decimal(10,0) DEFAULT NULL,
  `Amount` decimal(10,0) DEFAULT NULL,
  `Status` varchar(15) DEFAULT NULL,
  `Created_by` int(11) DEFAULT NULL,
  `Last_update_by` int(11) DEFAULT NULL,
  `Created_date` datetime DEFAULT NULL,
  `Last_update_date` datetime DEFAULT NULL
) ENGINE=InnoDB DEFAULT CHARSET=utf8;

--
-- Dumping data for table `account`
--

INSERT INTO `account` (`idACCOUNT`, `idACCOUNT_TYPE`, `idBranch`, `idCUSTOMER`, `Account_number`, `Open_date`, `Close_date`, `Currentcy_code`, `Min_Balance`, `Max_Balance`, `Amount`, `Status`, `Created_by`, `Last_update_by`, `Created_date`, `Last_update_date`) VALUES
(1, 2, 54, 226, '4017955586417', '2016-05-13', '2016-05-09', 'IDR', '50000000', '100000000', '53180872', 'Y', 98, 75, '2016-08-10 20:02:20', '2016-07-23 13:23:47'),
(3, 1, 48, 154, '5018219963346814448', '2016-05-02', '2016-10-14', 'TND', '50000000', '100000000', '42121043', 'Y', 13, 10, '2017-02-04 22:10:52', '2017-03-05 19:01:16'),
(4, 4, 51, 24, '6334314888624345993', '2016-08-29', '2016-08-28', 'ALL', '50000000', '100000000', '42174313', 'Y', 23, 63, '2017-04-12 12:51:45', '2016-12-15 01:49:20'),
(5, 1, 53, 239, '5002353302848056', '2016-05-13', '2016-06-07', 'USD', '50000000', '100000000', '75811816', 'Y', 64, 3, '2016-07-28 07:35:25', '2017-03-22 19:00:44'),
(10, 3, 66, 100, '3573352974354496', '2016-08-29', '2016-09-22', 'PHP', '50000000', '100000000', '38917066', 'Y', 7, 13, '2016-06-04 20:12:56', '2017-03-20 23:41:51'),
(11, 2, 75, 15, '4175007925551091', '2016-09-13', '2016-04-26', 'VEF', '50000000', '100000000', '91113966', 'Y', 80, 40, '2017-01-28 00:30:54', '2017-04-09 16:08:30'),
(14, 3, 48, 398, '6390616885694461', '2016-09-17', '2016-04-30', 'SEK', '50000000', '100000000', '48103700', 'Y', 20, 77, '2016-06-25 05:11:06', '2017-02-13 14:24:45'),
(16, 4, 70, 396, '3549503100290456', '2017-01-08', '2017-01-15', 'MKD', '50000000', '100000000', '98122288', 'Y', 35, 90, '2016-06-16 09:02:53', '2016-09-13 23:02:43'),
(20, 4, 50, 321, '6706803464683208998', '2016-07-08', '2017-02-13', 'IDR', '50000000', '100000000', '29229897', 'Y', 82, 10, '2016-05-28 04:42:07', '2016-12-14 21:34:15'),
(22, 2, 68, 388, '3576096551853431', '2016-11-10', '2017-01-25', 'CNY', '50000000', '100000000', '4983393', 'Y', 82, 86, '2016-04-25 05:57:23', '2016-08-25 05:20:03'),
(24, 1, 23, 250, '5602222583039871', '2016-09-30', '2017-01-20', 'PE', '50000000', '100000000', '19190510', 'Y', 80, 93, '2017-02-22 18:52:36', '2016-05-14 00:41:07'),
(25, 3, 12, 383, '3565001197330425', '2016-10-03', '2016-10-30', 'BYR', '50000000', '100000000', '68323468', 'Y', 62, 45, '2016-11-30 16:27:34', '2017-02-24 19:32:04'),
(27, 4, 75, 97, '3568121655388306', '2016-05-08', '2016-08-08', 'RUB', '50000000', '100000000', '13879215', 'Y', 16, 19, '2017-01-25 06:36:05', '2016-07-11 19:54:35'),
(32, 5, 48, 344, '4917610927207001', '2017-01-31', '2016-12-14', 'CNY', '50000000', '100000000', '36474696', 'Y', 34, 14, '2016-08-26 14:44:27', '2017-02-23 03:05:30'),
(34, 5, 58, 296, '3542867261240635', '2016-06-25', '2017-03-11', 'CNY', '50000000', '100000000', '45546613', 'Y', 58, 3, '2017-02-14 08:31:29', '2016-12-15 22:09:51'),
(37, 1, 14, 285, '3589312409555929', '2016-11-15', '2016-10-30', 'PE', '50000000', '100000000', '68572024', 'Y', 87, 96, '2016-08-10 15:44:38', '2016-09-10 13:49:08'),
(38, 3, 81, 391, '4508209323567095', '2017-01-28', '2016-06-24', 'PE', '50000000', '100000000', '92069543', 'Y', 12, 50, '2016-08-21 07:26:18', '2016-04-21 08:35:03'),
(39, 4, 96, 469, '30395417692918', '2016-12-30', '2017-01-27', 'CZK', '50000000', '100000000', '30758129', 'Y', 44, 74, '2016-10-12 15:44:34', '2016-12-14 19:39:45'),
(43, 3, 51, 93, '3546209654093998', '2016-05-11', '2016-12-21', 'IDR', '50000000', '100000000', '15560653', 'Y', 21, 72, '2017-02-03 21:45:59', '2017-01-07 10:12:13'),
(45, 2, 88, 189, '3557599995125657', '2017-02-25', '2016-07-24', 'EUR', '50000000', '100000000', '69342548', 'Y', 49, 37, '2017-04-06 16:05:12', '2016-09-12 18:26:48'),
(47, 1, 5, 214, '3552405572252655', '2016-09-01', '2016-08-20', 'CNY', '50000000', '100000000', '44874505', 'Y', 35, 46, '2017-02-10 20:50:31', '2016-12-20 14:29:22'),
(48, 4, 33, 412, '5602244012355710', '2016-09-02', '2016-12-22', 'IDR', '50000000', '100000000', '16277087', 'Y', 81, 47, '2016-05-23 08:14:38', '2016-07-18 02:21:17'),
(49, 4, 19, 279, '3546109232425292', '2017-02-11', '2016-11-30', 'EUR', '50000000', '100000000', '13387721', 'Y', 14, 84, '2016-08-02 00:39:28', '2016-08-05 19:59:45'),
(51, 5, 53, 271, '3585474007477742', '2016-06-13', '2017-01-31', 'PKR', '50000000', '100000000', '48060163', 'Y', 83, 87, '2016-06-26 04:30:52', '2017-01-04 16:26:56'),
(60, 5, 50, 185, '36042399146919', '2016-07-15', '2016-05-07', 'UAH', '50000000', '100000000', '81276170', 'Y', 44, 6, '2017-02-05 17:51:15', '2016-05-10 11:23:36'),
(61, 3, 54, 447, '201800650439730', '2017-04-03', '2016-12-03', 'USD', '50000000', '100000000', '12409772', 'Y', 56, 45, '2016-12-26 16:22:36', '2016-04-27 03:13:44'),
(62, 5, 27, 381, '3581729193867848', '2016-08-10', '2016-11-19', 'CNY', '50000000', '100000000', '75257852', 'Y', 42, 97, '2016-08-27 01:56:57', '2017-03-08 13:11:08'),
(64, 3, 35, 250, '201811452062497', '2016-07-17', '2016-09-10', 'MX', '50000000', '100000000', '17169576', 'Y', 35, 77, '2016-11-03 07:28:24', '2017-01-10 15:44:32'),
(65, 4, 19, 391, '3578364141349155', '2016-06-20', '2017-02-08', 'PHP', '50000000', '100000000', '1796694', 'Y', 1, 72, '2016-08-02 13:54:57', '2016-12-23 14:54:35'),
(66, 5, 82, 80, '30029166205537', '2016-09-17', '2016-12-04', 'RUB', '50000000', '100000000', '72731920', 'Y', 95, 95, '2016-06-29 07:06:06', '2016-07-16 22:10:05'),
(69, 3, 51, 314, '3549063563719780', '2017-04-09', '2017-01-16', 'IDR', '50000000', '100000000', '93842287', 'Y', 94, 3, '2016-11-21 21:04:48', '2017-02-26 19:33:01'),
(70, 4, 14, 217, '3589745984705973', '2016-07-17', '2017-02-02', 'IDR', '50000000', '100000000', '46859933', 'Y', 20, 36, '2017-03-06 17:48:11', '2017-01-06 11:50:03'),
(74, 2, 98, 348, '3576510411535368', '2017-04-05', '2016-05-21', 'BYR', '50000000', '100000000', '71425551', 'Y', 41, 6, '2016-11-05 03:49:19', '2017-01-06 03:51:09'),
(76, 1, 39, 242, '3560646528381573', '2017-01-02', '2016-06-10', 'LTL', '50000000', '100000000', '42421446', 'Y', 92, 21, '2017-04-03 13:07:27', '2016-11-03 08:09:32'),
(79, 4, 69, 124, '6762386026875409', '2016-04-23', '2017-01-07', 'CNY', '50000000', '100000000', '94897134', 'Y', 39, 38, '2016-11-15 22:05:08', '2016-07-21 06:24:33'),
(80, 5, 63, 278, '5560852357083273', '2017-02-11', '2016-07-06', 'USD', '50000000', '100000000', '8530658', 'Y', 100, 83, '2016-09-18 20:28:27', '2017-01-20 02:22:48'),
(84, 5, 17, 330, '201641551271495', '2016-09-06', '2016-07-22', 'TZS', '50000000', '100000000', '83699900', 'Y', 48, 56, '2017-03-08 15:51:26', '2016-09-06 23:43:22'),
(87, 4, 49, 193, '201547106862433', '2016-12-07', '2016-07-12', 'XOF', '50000000', '100000000', '85919947', 'Y', 40, 99, '2017-03-29 22:33:44', '2016-08-10 21:02:06'),
(88, 4, 64, 115, '201590165812188', '2016-09-14', '2016-07-27', 'PHP', '50000000', '100000000', '80558583', 'Y', 62, 74, '2016-07-23 01:08:49', '2016-09-05 08:03:56'),
(92, 2, 60, 60, '6399789045269960', '2017-03-18', '2016-08-12', 'RUB', '50000000', '100000000', '85664706', 'Y', 12, 82, '2016-10-07 17:42:22', '2017-04-01 09:33:23'),
(93, 3, 1, 332, '3574667304547793', '2017-03-12', '2016-07-16', 'IDR', '50000000', '100000000', '11113869', 'Y', 64, 46, '2016-10-14 01:03:21', '2016-05-04 16:58:49'),
(94, 4, 18, 236, '5116305760348394', '2016-11-08', '2016-12-16', 'UAH', '50000000', '100000000', '73130966', 'Y', 22, 32, '2016-04-27 17:14:40', '2016-10-26 07:45:53'),
(96, 4, 42, 409, '5602250412997344082', '2016-10-25', '2017-02-01', 'CNY', '50000000', '100000000', '63517968', 'Y', 100, 87, '2017-03-26 07:19:02', '2017-03-28 07:38:11'),
(97, 4, 21, 113, '5588437564455221', '2017-01-03', '2016-07-31', 'EUR', '50000000', '100000000', '16745465', 'Y', 95, 2, '2017-02-22 11:53:28', '2016-07-04 21:15:52'),
(98, 2, 39, 29, '3542579682313624', '2016-09-12', '2017-04-10', 'NG', '50000000', '100000000', '41636948', 'Y', 92, 57, '2016-08-23 07:36:19', '2016-05-09 23:36:55'),
(100, 2, 39, 132, '3554621794421419', '2016-12-18', '2017-01-25', 'PHP', '50000000', '100000000', '98199940', 'Y', 23, 95, '2016-10-18 03:20:42', '2016-09-05 14:27:06'),
(101, 5, 21, 390, '3587800845930393', '2017-03-11', '2017-02-17', 'EUR', '50000000', '100000000', '2291881', 'Y', 80, 63, '2017-02-28 14:03:39', '2016-09-07 16:40:31'),
(102, 2, 88, 335, '3551285013247535', '2016-07-19', '2016-08-05', 'SEK', '50000000', '100000000', '38073788', 'Y', 54, 63, '2017-03-09 08:19:26', '2016-10-25 02:22:47'),
(103, 5, 67, 65, '3563902824834436', '2016-07-04', '2016-06-26', 'PAB', '50000000', '100000000', '97456607', 'Y', 28, 71, '2017-02-14 22:55:55', '2017-02-06 18:56:42'),
(104, 3, 69, 194, '502049901912151021', '2016-07-16', '2017-04-03', 'EUR', '50000000', '100000000', '90221595', 'Y', 6, 32, '2016-12-14 04:38:12', '2016-08-14 11:17:56'),
(107, 4, 72, 11, '374288782076870', '2016-12-08', '2016-08-29', 'EUR', '50000000', '100000000', '9485105', 'Y', 74, 44, '2016-09-21 12:36:02', '2016-11-13 15:30:07'),
(110, 4, 37, 99, '3560100172288841', '2016-05-22', '2016-10-06', 'IDR', '50000000', '100000000', '35530040', 'Y', 79, 64, '2017-04-02 22:19:27', '2016-10-22 14:00:12'),
(111, 2, 88, 319, '670619432736124924', '2017-03-11', '2016-04-28', 'CAD', '50000000', '100000000', '73752704', 'Y', 3, 86, '2017-04-09 03:17:18', '2016-04-27 07:59:09'),
(113, 4, 1, 166, '201764516863527', '2016-09-21', '2016-06-28', 'BAM', '50000000', '100000000', '14283720', 'Y', 58, 12, '2016-06-19 01:51:30', '2017-02-06 08:24:56'),
(116, 3, 70, 347, '337941782156276', '2017-03-26', '2016-05-21', 'EUR', '50000000', '100000000', '79615138', 'Y', 20, 78, '2016-07-27 14:28:05', '2016-06-18 00:59:07'),
(119, 1, 31, 290, '201772101773316', '2016-04-27', '2016-05-09', 'VEF', '50000000', '100000000', '26993878', 'Y', 92, 74, '2016-09-25 16:49:40', '2017-01-20 17:52:01'),
(122, 1, 93, 467, '3588173855923214', '2016-10-09', '2016-12-18', 'IDR', '50000000', '100000000', '47706605', 'Y', 24, 4, '2017-01-03 22:56:34', '2017-03-08 05:10:15'),
(126, 5, 59, 256, '3537076059030193', '2016-09-03', '2016-05-01', 'CAD', '50000000', '100000000', '57480742', 'Y', 54, 59, '2016-10-18 00:42:24', '2017-03-21 15:21:31'),
(128, 4, 93, 130, '3553754226147137', '2016-06-05', '2017-02-02', 'CAD', '50000000', '100000000', '75576271', 'Y', 56, 35, '2016-06-25 06:57:06', '2017-01-17 10:48:56'),
(129, 5, 18, 301, '670975685408530714', '2017-02-07', '2016-07-15', 'CAD', '50000000', '100000000', '18006817', 'Y', 10, 37, '2017-02-24 22:15:49', '2016-10-07 03:13:18'),
(130, 4, 94, 406, '4041375631538112', '2017-03-16', '2016-09-01', 'USD', '50000000', '100000000', '36044638', 'Y', 4, 2, '2017-03-21 01:57:20', '2016-05-12 02:10:54'),
(131, 1, 70, 239, '3561024615890956', '2016-05-10', '2016-12-24', 'USD', '50000000', '100000000', '41903937', 'Y', 95, 20, '2016-08-24 05:03:43', '2017-01-21 15:07:14'),
(132, 2, 95, 241, '5007663600375866', '2017-01-27', '2017-01-18', 'CNY', '50000000', '100000000', '13623439', 'Y', 29, 98, '2017-03-05 23:43:29', '2016-11-08 22:09:28'),
(133, 3, 61, 110, '67631673990789661', '2016-11-24', '2016-04-20', 'EUR', '50000000', '100000000', '5014944', 'Y', 71, 36, '2017-01-15 06:04:43', '2016-10-25 14:19:16'),
(134, 5, 95, 134, '56022188444453194', '2016-12-07', '2017-01-01', 'CZK', '50000000', '100000000', '50336281', 'Y', 92, 46, '2016-08-28 20:05:25', '2016-06-24 19:12:45'),
(135, 5, 79, 442, '5100174921194875', '2016-11-11', '2017-01-29', 'VND', '50000000', '100000000', '3472672', 'Y', 87, 82, '2017-01-20 15:00:34', '2016-12-25 14:28:33'),
(137, 3, 86, 47, '5415025272821591', '2016-07-29', '2016-12-31', 'PYG', '50000000', '100000000', '51013904', 'Y', 14, 60, '2016-11-27 04:00:46', '2017-01-18 14:11:26'),
(139, 4, 48, 423, '201582658443423', '2016-10-13', '2017-03-06', 'USD', '50000000', '100000000', '47989807', 'Y', 77, 23, '2017-01-15 22:22:53', '2017-03-19 06:54:34'),
(148, 3, 59, 258, '3535526248207526', '2016-06-09', '2017-01-08', 'IDR', '50000000', '100000000', '47165344', 'Y', 52, 28, '2016-12-23 07:46:07', '2017-02-12 09:53:52'),
(149, 5, 67, 465, '4041594012551', '2016-10-09', '2016-05-22', 'IDR', '50000000', '100000000', '87332352', 'Y', 98, 66, '2016-06-25 12:50:31', '2016-04-18 04:49:53'),
(154, 2, 58, 420, '3571321300299677', '2016-08-23', '2016-04-30', 'USD', '50000000', '100000000', '77993741', 'Y', 53, 70, '2017-03-22 09:20:30', '2016-06-22 08:52:03'),
(156, 2, 89, 261, '6759780383740274957', '2016-06-23', '2017-03-10', 'CNY', '50000000', '100000000', '88838309', 'Y', 28, 72, '2017-02-26 01:43:20', '2016-07-03 10:56:19'),
(158, 4, 4, 332, '347564351998981', '2016-05-06', '2017-03-06', 'EUR', '50000000', '100000000', '47558445', 'Y', 47, 97, '2017-03-05 01:48:31', '2016-09-11 12:47:24'),
(160, 4, 14, 229, '5038698007547525045', '2016-06-20', '2016-06-03', 'CAD', '50000000', '100000000', '6544158', 'Y', 7, 19, '2017-04-12 10:11:21', '2016-08-26 22:07:36'),
(161, 4, 57, 89, '3539433796425954', '2017-01-30', '2016-12-10', 'CNY', '50000000', '100000000', '78485437', 'Y', 86, 91, '2016-12-05 19:58:36', '2016-05-04 16:41:34'),
(162, 1, 37, 275, '201936840467486', '2017-03-06', '2016-08-14', 'XAF', '50000000', '100000000', '50170738', 'Y', 34, 61, '2016-08-23 07:25:48', '2016-06-30 02:52:28'),
(163, 5, 63, 82, '3560656477783935', '2016-08-26', '2016-11-05', 'NIO', '50000000', '100000000', '8111934', 'Y', 12, 56, '2016-12-10 04:26:13', '2017-01-21 22:33:25'),
(164, 5, 45, 366, '4980758828309194', '2016-11-28', '2016-10-11', 'CAD', '50000000', '100000000', '56198456', 'Y', 34, 65, '2016-08-23 16:50:14', '2016-07-31 21:28:55'),
(165, 4, 84, 370, '3535958532826655', '2016-10-31', '2016-05-22', 'UGX', '50000000', '100000000', '23992694', 'Y', 7, 15, '2017-03-08 01:14:59', '2016-10-26 21:02:23'),
(168, 3, 28, 403, '201455015287728', '2017-04-08', '2016-09-21', 'SEK', '50000000', '100000000', '10578155', 'Y', 92, 17, '2016-11-14 08:43:05', '2016-12-15 13:30:43'),
(169, 1, 45, 205, '5893976538513243', '2016-05-23', '2016-05-06', 'IDR', '50000000', '100000000', '62798229', 'Y', 73, 7, '2017-02-18 08:53:00', '2017-03-14 04:26:58'),
(171, 4, 17, 233, '4405201540562946', '2017-03-10', '2017-03-11', 'MAD', '50000000', '100000000', '29440036', 'Y', 36, 75, '2016-07-02 23:27:14', '2016-05-03 16:01:12'),
(172, 2, 19, 84, '4913089874092704', '2016-08-23', '2016-08-25', 'RUB', '50000000', '100000000', '97122300', 'Y', 29, 82, '2017-01-24 02:00:27', '2017-04-07 04:24:04'),
(174, 1, 8, 32, '3579486429961572', '2016-09-14', '2016-12-16', 'CNY', '50000000', '100000000', '47988279', 'Y', 18, 31, '2017-01-31 23:10:11', '2016-07-27 14:53:12'),
(175, 5, 11, 221, '5602242361695140', '2016-10-24', '2016-09-03', 'VND', '50000000', '100000000', '54653514', 'Y', 93, 12, '2017-01-31 04:45:57', '2016-07-04 07:03:43'),
(177, 4, 98, 138, '201597460340625', '2017-01-22', '2017-01-23', 'IDR', '50000000', '100000000', '80511899', 'Y', 44, 78, '2017-01-23 22:57:19', '2016-08-23 03:56:09'),
(180, 3, 31, 39, '3589206624880783', '2017-04-02', '2016-05-31', 'NG', '50000000', '100000000', '1937851', 'Y', 25, 100, '2016-05-21 16:03:29', '2017-03-08 00:38:26'),
(181, 2, 28, 107, '3538806813548141', '2016-10-09', '2016-08-18', 'RWF', '50000000', '100000000', '30454444', 'Y', 19, 72, '2016-07-16 15:06:09', '2016-11-30 19:47:44'),
(182, 2, 33, 181, '30241829889744', '2016-06-24', '2017-02-04', 'PE', '50000000', '100000000', '44967461', 'Y', 16, 66, '2016-11-12 02:32:38', '2017-03-26 12:35:51'),
(183, 3, 91, 228, '502075892846624711', '2017-03-18', '2016-09-07', 'CNY', '50000000', '100000000', '63031211', 'Y', 49, 9, '2016-12-04 22:00:25', '2016-10-11 08:36:28'),
(186, 2, 78, 446, '3549242136385424', '2016-08-01', '2017-04-11', 'CZK', '50000000', '100000000', '23236896', 'Y', 23, 31, '2016-10-20 09:25:36', '2016-09-19 17:24:16'),
(187, 2, 84, 173, '3552987579845391', '2016-06-30', '2017-01-07', 'IDR', '50000000', '100000000', '51820666', 'Y', 60, 96, '2017-03-15 05:58:58', '2016-05-27 19:16:57'),
(188, 2, 27, 15, '4175001457943594', '2017-02-11', '2017-02-23', 'IRR', '50000000', '100000000', '12492093', 'Y', 64, 90, '2016-08-12 05:22:01', '2016-07-05 22:37:37'),
(189, 2, 40, 462, '5602215259880610', '2016-06-17', '2017-03-10', 'IDR', '50000000', '100000000', '86307512', 'Y', 26, 99, '2016-11-24 23:26:31', '2017-03-12 05:22:12'),
(190, 2, 59, 37, '3531444550662789', '2016-12-21', '2016-10-21', 'IDR', '50000000', '100000000', '11460796', 'Y', 80, 36, '2016-05-17 20:39:00', '2017-03-30 00:59:11'),
(191, 1, 64, 187, '5610625193889776', '2016-08-31', '2016-04-26', 'PE', '50000000', '100000000', '87158451', 'Y', 73, 94, '2016-12-02 21:53:29', '2017-02-14 07:52:36'),
(194, 2, 3, 267, '3566279786462143', '2017-02-22', '2016-07-04', 'IDR', '50000000', '100000000', '15732342', 'Y', 27, 52, '2016-08-01 18:46:26', '2017-04-12 07:23:37'),
(201, 5, 26, 387, '30296900541895', '2016-08-26', '2016-08-04', 'BRL', '50000000', '100000000', '46046702', 'Y', 5, 1, '2017-03-04 18:30:30', '2016-06-27 22:05:51'),
(204, 3, 75, 221, '3547974483564860', '2016-07-18', '2016-08-16', 'KZT', '50000000', '100000000', '81657863', 'Y', 84, 24, '2016-10-19 15:22:46', '2017-04-13 17:01:10'),
(207, 2, 13, 463, '5010120250791285', '2016-06-10', '2016-11-28', 'KRW', '50000000', '100000000', '73552663', 'Y', 16, 67, '2017-02-08 17:52:42', '2017-03-20 18:24:14'),
(208, 1, 74, 17, '374622286024293', '2016-09-11', '2016-08-03', 'PL', '50000000', '100000000', '57685869', 'Y', 75, 68, '2016-10-30 16:51:37', '2016-09-11 04:31:03'),
(209, 4, 62, 43, '3574305376955210', '2016-08-27', '2016-05-25', 'IDR', '50000000', '100000000', '94558509', 'Y', 92, 47, '2016-12-25 17:38:57', '2016-10-12 02:39:39'),
(210, 4, 15, 345, '30306703130380', '2016-04-20', '2016-08-16', 'BYR', '50000000', '100000000', '56370091', 'Y', 15, 92, '2016-08-16 03:18:26', '2016-09-29 15:17:59'),
(211, 5, 36, 49, '560223555061906381', '2017-02-11', '2016-10-30', 'MKD', '50000000', '100000000', '71420108', 'Y', 56, 75, '2016-10-03 19:39:06', '2016-10-29 09:56:35'),
(214, 1, 66, 80, '3550277190134579', '2016-05-10', '2016-09-01', 'VND', '50000000', '100000000', '30312692', 'Y', 84, 77, '2016-12-02 15:03:37', '2016-05-22 02:15:59'),
(215, 5, 56, 261, '3546679718805241', '2016-06-10', '2017-03-21', 'TND', '50000000', '100000000', '19521773', 'Y', 59, 29, '2016-08-18 02:02:05', '2016-12-04 12:59:45'),
(218, 4, 78, 167, '201714951060063', '2016-09-07', '2016-08-28', 'UAH', '50000000', '100000000', '62247778', 'Y', 39, 42, '2016-09-06 19:39:39', '2016-04-29 08:26:12'),
(219, 1, 74, 95, '3568094019811984', '2016-09-26', '2016-06-22', 'ETB', '50000000', '100000000', '17710216', 'Y', 99, 60, '2016-09-07 08:02:17', '2016-06-09 18:24:45'),
(221, 2, 40, 249, '3548648707215264', '2017-02-17', '2016-07-20', 'CNY', '50000000', '100000000', '81630791', 'Y', 27, 20, '2016-06-24 04:36:39', '2016-04-24 18:15:51'),
(225, 5, 24, 215, '374622968852185', '2016-06-12', '2016-08-29', 'USD', '50000000', '100000000', '80517751', 'Y', 58, 9, '2016-09-19 05:42:21', '2016-05-30 14:23:12'),
(230, 4, 13, 363, '3541324934582044', '2016-08-14', '2016-11-09', 'IDR', '50000000', '100000000', '67529633', 'Y', 44, 83, '2017-01-03 15:43:55', '2016-07-14 09:40:41'),
(232, 5, 38, 391, '5602243106390934685', '2016-10-22', '2016-07-20', 'BAM', '50000000', '100000000', '58190767', 'Y', 93, 78, '2016-05-24 19:20:47', '2017-03-30 15:51:03'),
(237, 4, 22, 381, '201908312305627', '2016-07-30', '2017-02-04', 'CNY', '50000000', '100000000', '39694265', 'Y', 45, 46, '2017-01-02 00:58:59', '2016-08-29 10:02:51'),
(238, 4, 87, 251, '4844050121318296', '2016-10-25', '2016-05-15', 'IDR', '50000000', '100000000', '81267343', 'Y', 59, 26, '2017-02-01 15:13:41', '2016-08-23 08:52:46'),
(240, 1, 62, 316, '67615934655905954', '2016-12-13', '2016-09-18', 'AMD', '50000000', '100000000', '45446921', 'Y', 54, 19, '2016-07-23 03:41:03', '2016-11-23 16:58:24'),
(242, 2, 29, 213, '3578585674076746', '2017-03-07', '2016-05-08', 'IDR', '50000000', '100000000', '95238867', 'Y', 40, 73, '2016-12-10 01:49:29', '2017-03-12 17:13:52'),
(243, 5, 76, 360, '5535693122171700', '2017-03-21', '2016-06-07', 'TND', '50000000', '100000000', '30535364', 'Y', 86, 54, '2016-06-03 23:01:03', '2016-05-27 17:59:55'),
(246, 2, 36, 287, '5010129566706804', '2017-03-02', '2016-11-10', 'PHP', '50000000', '100000000', '88871428', 'Y', 68, 100, '2016-05-28 05:39:33', '2016-05-21 11:28:39'),
(250, 2, 29, 315, '3558974371716255', '2016-11-07', '2017-03-18', 'CNY', '50000000', '100000000', '7766270', 'Y', 71, 84, '2017-03-19 06:57:40', '2016-12-18 09:45:37'),
(253, 1, 53, 314, '3532277946590242', '2017-02-24', '2016-07-28', 'PHP', '50000000', '100000000', '19364505', 'Y', 9, 41, '2017-02-24 03:36:49', '2017-03-21 18:42:44'),
(254, 4, 69, 388, '3573981821218874', '2016-10-28', '2016-08-13', 'IDR', '50000000', '100000000', '24430834', 'Y', 76, 49, '2017-01-10 19:48:51', '2016-10-16 13:21:27'),
(257, 5, 25, 407, '3573413331205316', '2016-10-02', '2016-09-01', 'IDR', '50000000', '100000000', '93176940', 'Y', 71, 30, '2016-11-15 06:23:25', '2016-07-15 06:14:04'),
(259, 3, 42, 231, '201756157623723', '2016-10-05', '2016-04-26', 'IDR', '50000000', '100000000', '37162494', 'Y', 90, 96, '2016-08-21 12:29:40', '2017-02-10 07:20:57'),
(261, 2, 46, 106, '30452651786649', '2016-09-13', '2017-02-07', 'CNY', '50000000', '100000000', '29911728', 'Y', 30, 58, '2017-01-21 21:41:01', '2016-05-08 16:34:13'),
(263, 5, 97, 385, '3562878663583303', '2017-04-09', '2016-05-17', 'HNL', '50000000', '100000000', '40724246', 'Y', 9, 60, '2016-09-14 22:38:13', '2016-05-17 13:21:46'),
(264, 2, 46, 296, '3547122939751984', '2016-09-09', '2017-04-07', 'UGX', '50000000', '100000000', '52599493', 'Y', 31, 81, '2016-06-11 22:43:43', '2016-12-10 12:21:45'),
(265, 3, 45, 103, '4041592129513460', '2016-05-24', '2017-02-06', 'SEK', '50000000', '100000000', '25776420', 'Y', 64, 49, '2016-05-08 06:33:52', '2016-07-05 03:45:27'),
(266, 4, 28, 193, '3581429773264694', '2016-06-24', '2016-12-23', 'GTQ', '50000000', '100000000', '48304221', 'Y', 45, 81, '2016-07-09 17:01:53', '2016-11-20 02:27:14'),
(271, 1, 36, 400, '3582555675850096', '2016-12-04', '2017-02-19', 'CNY', '50000000', '100000000', '25087619', 'Y', 29, 5, '2016-12-22 17:28:21', '2016-10-17 17:01:13'),
(272, 4, 65, 128, '6762388978166555', '2017-01-02', '2016-08-04', 'CHF', '50000000', '100000000', '23574438', 'Y', 7, 17, '2016-07-28 22:18:53', '2016-08-28 14:13:50'),
(274, 5, 80, 129, '30173377910475', '2017-02-20', '2016-04-23', 'AZ', '50000000', '100000000', '23175696', 'Y', 26, 5, '2016-06-11 04:53:49', '2016-05-03 12:37:44'),
(275, 5, 65, 485, '6333035812669993236', '2016-05-04', '2016-12-27', 'USD', '50000000', '100000000', '43359583', 'Y', 81, 39, '2017-04-16 02:20:31', '2016-06-12 05:28:30'),
(276, 3, 4, 413, '5469524042669277', '2016-10-26', '2016-12-25', 'IDR', '50000000', '100000000', '80702725', 'Y', 53, 72, '2016-06-05 21:59:54', '2016-07-20 02:44:50'),
(278, 2, 22, 65, '3530881219402159', '2016-08-06', '2016-07-14', 'ARS', '50000000', '100000000', '76281911', 'Y', 82, 78, '2016-04-27 06:58:57', '2017-02-16 10:25:35'),
(281, 1, 67, 347, '3546759826432367', '2016-05-06', '2017-02-22', 'IDR', '50000000', '100000000', '91930796', 'Y', 50, 82, '2016-08-13 09:11:03', '2017-01-03 12:25:19'),
(282, 4, 19, 330, '3529180178421760', '2017-01-31', '2016-05-07', 'CNY', '50000000', '100000000', '64730661', 'Y', 42, 75, '2016-09-21 20:10:49', '2016-10-12 17:52:15'),
(284, 5, 63, 69, '676335384327516648', '2016-12-06', '2016-06-09', 'CNY', '50000000', '100000000', '7946268', 'Y', 66, 40, '2016-10-16 16:02:22', '2017-02-06 04:00:51'),
(287, 1, 63, 430, '3529821669098704', '2017-03-31', '2016-04-18', 'JOD', '50000000', '100000000', '16206187', 'Y', 24, 44, '2016-04-18 18:16:43', '2016-08-24 05:43:15'),
(289, 4, 46, 484, '3530739888855323', '2016-10-20', '2017-04-07', 'MKD', '50000000', '100000000', '23019917', 'Y', 94, 71, '2017-01-12 05:40:35', '2016-07-18 04:08:53'),
(291, 3, 70, 145, '5412507181968889', '2016-12-30', '2016-10-16', 'BAM', '50000000', '100000000', '5612240', 'Y', 7, 83, '2016-10-14 05:22:27', '2017-03-12 17:05:57'),
(292, 5, 98, 329, '6771539416828730', '2016-05-10', '2016-06-19', 'EGP', '50000000', '100000000', '5332556', 'Y', 91, 17, '2016-05-25 08:08:29', '2017-03-02 17:58:45'),
(293, 4, 67, 79, '3562614225766643', '2016-05-28', '2016-09-24', 'PKR', '50000000', '100000000', '12686974', 'Y', 25, 36, '2016-04-24 14:36:03', '2016-11-01 08:35:20'),
(294, 1, 18, 369, '5293718395404777', '2016-05-03', '2016-07-07', 'CNY', '50000000', '100000000', '16570949', 'Y', 1, 62, '2016-12-29 15:54:59', '2016-10-19 06:12:29'),
(299, 5, 71, 111, '345025543493028', '2016-05-29', '2016-07-22', 'BRL', '50000000', '100000000', '26341804', 'Y', 37, 92, '2016-12-29 01:10:45', '2016-12-25 01:02:36'),
(301, 5, 98, 269, '4844773533312132', '2016-05-25', '2016-05-10', 'NOK', '50000000', '100000000', '89968060', 'Y', 86, 100, '2016-07-15 02:43:39', '2016-08-08 20:53:57'),
(302, 2, 3, 380, '3563699512874787', '2016-09-05', '2017-03-25', 'CNY', '50000000', '100000000', '79630829', 'Y', 8, 31, '2017-04-10 03:57:06', '2016-07-06 00:39:02'),
(303, 5, 81, 247, '3546104911446172', '2016-12-13', '2016-04-18', 'UAH', '50000000', '100000000', '51783206', 'Y', 3, 21, '2016-10-20 16:47:23', '2016-07-13 18:59:56'),
(305, 4, 88, 370, '3528912378666690', '2016-05-06', '2016-06-05', 'CNY', '50000000', '100000000', '30564477', 'Y', 11, 4, '2016-10-30 02:42:05', '2016-07-10 20:40:35'),
(306, 3, 79, 171, '374288274917797', '2017-02-27', '2016-11-28', 'MKD', '50000000', '100000000', '41652217', 'Y', 10, 44, '2016-12-28 05:05:06', '2017-03-15 17:08:11'),
(307, 4, 21, 363, '3585735702153139', '2016-09-11', '2016-10-09', 'RUB', '50000000', '100000000', '60807188', 'Y', 1, 97, '2016-07-07 03:07:23', '2016-04-30 08:34:54'),
(308, 2, 86, 102, '6762519997327428', '2016-12-29', '2016-06-18', 'EUR', '50000000', '100000000', '91403578', 'Y', 84, 83, '2017-02-17 20:34:17', '2016-08-24 01:04:18'),
(309, 1, 71, 152, '4905528219317433', '2016-12-17', '2016-12-05', 'XOF', '50000000', '100000000', '61726007', 'Y', 24, 11, '2016-04-28 06:07:14', '2016-05-11 13:16:09'),
(310, 3, 39, 57, '3587284020253170', '2016-12-05', '2016-07-13', 'CNY', '50000000', '100000000', '37225826', 'Y', 27, 39, '2017-03-03 19:17:43', '2016-09-01 23:18:26'),
(311, 3, 54, 365, '6304788047255377391', '2017-03-24', '2016-08-06', 'GHS', '50000000', '100000000', '59365822', 'Y', 8, 67, '2016-11-30 14:51:58', '2016-11-25 22:13:41'),
(313, 3, 14, 338, '3560964575466076', '2016-11-30', '2017-02-25', 'VND', '50000000', '100000000', '42031151', 'Y', 77, 54, '2017-02-18 10:49:27', '2016-06-05 18:37:24'),
(314, 5, 86, 196, '3552172490516435', '2016-09-11', '2016-09-12', 'ZAR', '50000000', '100000000', '82920641', 'Y', 60, 39, '2016-07-12 04:54:28', '2016-05-01 10:43:02'),
(315, 1, 67, 247, '4903879358797466217', '2016-08-04', '2017-01-09', 'KES', '50000000', '100000000', '43651031', 'Y', 34, 6, '2016-05-21 19:16:22', '2016-04-28 05:18:04'),
(319, 4, 11, 336, '374283167851914', '2016-06-12', '2017-04-03', 'RUB', '50000000', '100000000', '52478423', 'Y', 16, 23, '2016-12-15 10:16:35', '2016-07-21 12:43:26'),
(320, 3, 8, 237, '6374329044573424', '2017-03-24', '2016-12-19', 'CNY', '50000000', '100000000', '42973888', 'Y', 97, 30, '2016-06-17 11:06:02', '2016-12-05 20:02:40'),
(322, 5, 92, 430, '3576652046674764', '2017-03-26', '2016-11-27', 'IDR', '50000000', '100000000', '46433581', 'Y', 42, 82, '2016-07-13 10:45:07', '2016-08-25 16:49:47'),
(324, 1, 36, 125, '5020421224509306874', '2017-01-20', '2016-06-22', 'CZK', '50000000', '100000000', '80696725', 'Y', 19, 37, '2017-01-27 02:17:40', '2017-01-06 22:05:07'),
(327, 5, 24, 100, '3529776670175380', '2017-01-19', '2016-05-29', 'RUB', '50000000', '100000000', '59136251', 'Y', 76, 46, '2016-05-12 21:59:47', '2016-05-25 07:19:40'),
(328, 5, 71, 360, '3535685124034493', '2016-07-21', '2016-09-14', 'IRR', '50000000', '100000000', '24198444', 'Y', 40, 31, '2017-04-05 12:15:03', '2016-06-16 01:07:20'),
(330, 3, 58, 74, '4913531640326650', '2016-05-30', '2016-10-20', 'THB', '50000000', '100000000', '34307378', 'Y', 84, 91, '2016-12-10 09:33:16', '2016-06-04 15:02:59'),
(334, 4, 47, 240, '5578973652135582', '2016-05-01', '2016-10-31', 'IDR', '50000000', '100000000', '10844744', 'Y', 63, 30, '2016-12-29 19:30:12', '2017-03-29 02:53:15'),
(338, 2, 40, 222, '5602247344647308', '2016-07-10', '2017-02-16', 'IDR', '50000000', '100000000', '233776', 'Y', 19, 37, '2016-06-29 16:38:16', '2016-04-19 17:23:00'),
(340, 2, 59, 245, '5108752243784804', '2017-03-12', '2016-10-30', 'CNY', '50000000', '100000000', '10148741', 'Y', 21, 10, '2016-07-31 21:44:55', '2017-04-10 04:16:39'),
(341, 3, 44, 167, '343437624136602', '2017-02-13', '2016-05-28', 'EUR', '50000000', '100000000', '58477465', 'Y', 90, 70, '2017-04-12 07:37:18', '2017-02-15 13:39:07'),
(343, 4, 90, 200, '3569910226002266', '2016-07-22', '2016-05-28', 'RUB', '50000000', '100000000', '95867208', 'Y', 28, 64, '2017-01-30 21:39:39', '2017-01-27 08:23:14'),
(345, 3, 59, 25, '6304218234566006', '2016-07-24', '2016-10-05', 'IDR', '50000000', '100000000', '89004105', 'Y', 89, 52, '2016-05-22 03:59:29', '2016-05-08 08:32:17'),
(349, 1, 3, 278, '3570957014300763', '2016-07-08', '2016-06-06', 'GBP', '50000000', '100000000', '64138752', 'Y', 52, 1, '2017-02-25 15:30:46', '2016-08-29 11:45:03'),
(353, 2, 43, 276, '201441341631375', '2017-03-23', '2017-01-28', 'BRL', '50000000', '100000000', '98869868', 'Y', 42, 70, '2016-11-29 01:52:34', '2016-10-14 02:27:33'),
(355, 4, 43, 481, '373398759758763', '2016-09-02', '2016-08-12', 'CNY', '50000000', '100000000', '88296567', 'Y', 7, 67, '2016-11-26 23:26:32', '2017-01-18 01:54:51'),
(356, 4, 69, 208, '56022383911438386', '2017-02-13', '2017-03-13', 'CNY', '50000000', '100000000', '1664839', 'Y', 67, 63, '2017-04-12 12:18:36', '2016-11-08 13:00:37'),
(357, 4, 62, 237, '3568459186496457', '2016-05-18', '2016-07-22', 'IDR', '50000000', '100000000', '59315363', 'Y', 72, 56, '2016-10-03 19:35:24', '2016-08-24 09:29:37'),
(362, 1, 27, 318, '3536295520995237', '2016-07-27', '2017-02-03', 'PKR', '50000000', '100000000', '64599677', 'Y', 51, 89, '2017-04-13 12:36:49', '2016-08-25 04:24:23'),
(364, 3, 66, 301, '3545987932085230', '2016-11-15', '2016-11-21', 'EUR', '50000000', '100000000', '10144118', 'Y', 38, 46, '2016-05-11 09:03:46', '2017-02-18 05:08:02'),
(365, 3, 51, 19, '3563226751984067', '2016-06-19', '2016-05-13', 'JPY', '50000000', '100000000', '57811582', 'Y', 5, 94, '2016-05-09 10:01:33', '2016-07-27 01:33:36'),
(366, 2, 87, 330, '201878307332300', '2016-06-05', '2016-09-27', 'PE', '50000000', '100000000', '45503558', 'Y', 92, 90, '2016-05-22 22:08:25', '2017-03-21 07:14:58'),
(368, 3, 30, 164, '6767959268523435', '2016-12-22', '2016-06-14', 'PL', '50000000', '100000000', '54475325', 'Y', 33, 29, '2016-06-28 10:08:19', '2017-02-01 00:01:32'),
(372, 1, 26, 240, '3528583214416283', '2016-09-29', '2016-04-27', 'EUR', '50000000', '100000000', '87554785', 'Y', 81, 29, '2017-03-01 16:30:47', '2016-08-09 21:22:29'),
(373, 2, 52, 34, '63048452134036206', '2016-12-15', '2017-02-27', 'IDR', '50000000', '100000000', '43846681', 'Y', 8, 37, '2016-08-06 02:08:33', '2016-08-15 12:57:53'),
(376, 4, 80, 277, '5100149789298885', '2017-03-30', '2016-11-25', 'CHF', '50000000', '100000000', '24818282', 'Y', 90, 60, '2016-04-19 23:02:14', '2017-03-09 10:09:27'),
(377, 1, 8, 371, '3544115037198556', '2016-05-05', '2017-04-05', 'EUR', '50000000', '100000000', '46656792', 'Y', 58, 81, '2017-03-21 16:53:38', '2016-05-20 15:34:06'),
(378, 5, 64, 421, '6376587687485747', '2016-08-01', '2016-09-23', 'TND', '50000000', '100000000', '67489447', 'Y', 89, 8, '2016-07-04 09:52:35', '2016-05-09 06:57:45'),
(380, 5, 5, 228, '3540956406643811', '2017-01-19', '2017-03-18', 'IDR', '50000000', '100000000', '70494856', 'Y', 48, 45, '2016-04-28 04:45:23', '2016-06-11 00:29:21'),
(381, 5, 3, 82, '3588851682895297', '2016-06-06', '2016-10-16', 'ILS', '50000000', '100000000', '65913502', 'Y', 86, 20, '2016-08-22 12:11:41', '2017-03-16 22:06:45'),
(385, 4, 84, 34, '349467078158988', '2017-04-16', '2016-08-08', 'VND', '50000000', '100000000', '91797758', 'Y', 55, 91, '2017-03-23 03:27:45', '2016-12-15 23:13:00'),
(386, 5, 99, 482, '3585677264126949', '2017-02-21', '2016-11-14', 'JPY', '50000000', '100000000', '10169122', 'Y', 77, 1, '2016-11-06 18:26:04', '2016-11-08 13:15:37'),
(393, 1, 45, 18, '6771008872063539', '2016-04-18', '2016-05-24', 'NOK', '50000000', '100000000', '56638338', 'Y', 16, 4, '2016-10-11 01:29:29', '2016-08-09 15:26:05'),
(394, 4, 33, 402, '5020568429288831', '2016-07-21', '2017-01-03', 'ETB', '50000000', '100000000', '36688603', 'Y', 67, 8, '2017-01-28 15:34:50', '2016-07-20 01:40:45'),
(395, 1, 3, 462, '3574178425490210', '2016-07-09', '2016-07-01', 'PL', '50000000', '100000000', '88749489', 'Y', 5, 92, '2016-10-14 13:28:14', '2016-12-14 22:12:45'),
(396, 1, 34, 459, '3561665404238623', '2017-04-14', '2016-09-26', 'DKK', '50000000', '100000000', '34631465', 'Y', 63, 68, '2016-05-01 04:40:40', '2016-06-07 15:02:29'),
(399, 4, 93, 272, '5602210844987863', '2016-09-10', '2016-10-14', 'CZK', '50000000', '100000000', '27078059', 'Y', 55, 39, '2016-12-26 05:32:46', '2016-11-02 22:52:21'),
(403, 4, 93, 27, '6334365454225369', '2016-06-04', '2016-10-08', 'HRK', '50000000', '100000000', '22108006', 'Y', 56, 86, '2016-10-21 10:16:15', '2017-03-31 03:02:47'),
(404, 5, 36, 309, '349648433392095', '2016-08-22', '2016-08-04', 'CNY', '50000000', '100000000', '16437614', 'Y', 75, 14, '2016-10-28 07:22:42', '2016-09-11 11:28:42'),
(405, 4, 48, 382, '30178363387265', '2016-07-07', '2016-09-29', 'RUB', '50000000', '100000000', '60753141', 'Y', 72, 48, '2016-05-28 05:10:07', '2016-11-13 22:00:16'),
(406, 2, 81, 109, '3543391342855856', '2017-03-30', '2016-07-07', 'IDR', '50000000', '100000000', '10831332', 'Y', 37, 99, '2016-09-13 21:16:12', '2016-09-16 20:06:19'),
(407, 1, 1, 103, '201476478987463', '2016-04-28', '2016-08-11', 'CNY', '50000000', '100000000', '48221290', 'Y', 34, 43, '2017-02-14 08:23:54', '2016-06-06 07:49:16'),
(408, 5, 39, 145, '3551894790375409', '2017-03-21', '2017-03-12', 'CNY', '50000000', '100000000', '78328507', 'Y', 3, 91, '2016-12-07 07:30:25', '2016-06-23 23:26:52'),
(409, 3, 36, 475, '3555548526036067', '2016-12-08', '2016-05-30', 'EUR', '50000000', '100000000', '55820995', 'Y', 56, 25, '2016-06-09 20:29:22', '2016-12-09 11:39:09'),
(410, 2, 51, 5, '374288717337249', '2016-09-26', '2016-06-08', 'BG', '50000000', '100000000', '87923692', 'Y', 15, 96, '2017-01-20 04:48:26', '2016-12-28 03:34:17'),
(413, 1, 16, 247, '3574872381890773', '2016-08-21', '2016-09-09', 'CAD', '50000000', '100000000', '28940318', 'Y', 54, 7, '2017-01-12 01:46:45', '2017-03-23 22:13:29'),
(417, 5, 18, 371, '501848256557538478', '2016-06-05', '2016-11-14', 'IDR', '50000000', '100000000', '55737764', 'Y', 80, 19, '2017-01-05 00:20:21', '2017-03-12 22:40:04'),
(420, 5, 10, 55, '201875666123346', '2017-01-09', '2016-06-05', 'EUR', '50000000', '100000000', '53966206', 'Y', 86, 98, '2017-01-01 23:05:45', '2016-12-09 10:16:56'),
(423, 4, 62, 289, '3578473919001185', '2016-09-18', '2016-12-21', 'CLP', '50000000', '100000000', '81429978', 'Y', 43, 58, '2017-02-20 06:05:42', '2016-07-28 03:44:33'),
(425, 5, 70, 452, '340560899024592', '2017-03-11', '2016-10-19', 'XAF', '50000000', '100000000', '88712865', 'Y', 45, 78, '2017-03-18 14:57:08', '2017-03-15 15:13:12'),
(426, 5, 82, 35, '337941664356283', '2016-08-13', '2016-06-25', 'HRK', '50000000', '100000000', '63636818', 'Y', 93, 58, '2016-11-20 00:30:54', '2016-12-18 10:45:45'),
(434, 5, 56, 181, '30307119952375', '2016-10-04', '2016-06-27', 'UYU', '50000000', '100000000', '2216841', 'Y', 31, 61, '2016-12-31 18:34:46', '2017-02-26 17:37:19'),
(435, 5, 94, 409, '3535908652446826', '2016-12-01', '2016-10-14', 'CZK', '50000000', '100000000', '12061914', 'Y', 8, 23, '2016-04-19 13:25:43', '2016-06-06 20:10:40'),
(436, 2, 67, 466, '201543490339823', '2017-02-22', '2016-07-19', 'BAM', '50000000', '100000000', '94861813', 'Y', 45, 37, '2016-09-29 05:18:30', '2017-03-06 21:26:06'),
(437, 5, 53, 73, '3536602381711084', '2016-08-19', '2017-01-29', 'XAF', '50000000', '100000000', '83906294', 'Y', 18, 26, '2016-09-02 06:40:38', '2016-05-07 10:01:42'),
(438, 5, 59, 335, '3549692354306579', '2016-10-21', '2016-04-23', 'PHP', '50000000', '100000000', '17011511', 'Y', 15, 37, '2016-11-25 09:53:55', '2017-01-19 08:54:04'),
(439, 2, 70, 35, '30548713270991', '2016-05-14', '2017-02-25', 'AWG', '50000000', '100000000', '54095909', 'Y', 13, 67, '2017-04-06 05:31:08', '2016-12-03 20:38:13'),
(440, 5, 48, 366, '5533421911818758', '2016-04-23', '2016-10-18', 'RUB', '50000000', '100000000', '16340552', 'Y', 65, 78, '2016-09-28 17:57:47', '2016-08-09 10:07:21'),
(442, 2, 84, 45, '6392638022356869', '2016-09-09', '2017-02-28', 'MX', '50000000', '100000000', '63680953', 'Y', 55, 87, '2016-08-01 04:26:10', '2016-09-20 09:46:41'),
(443, 1, 88, 227, '4175000612233354', '2016-12-12', '2017-01-02', 'CNY', '50000000', '100000000', '97814731', 'Y', 8, 38, '2016-06-19 13:58:15', '2016-10-23 23:43:15'),
(445, 1, 59, 105, '30071842333523', '2016-11-30', '2016-08-25', 'PHP', '50000000', '100000000', '65887730', 'Y', 34, 71, '2017-02-01 01:39:29', '2016-10-20 06:10:59'),
(446, 2, 91, 266, '3552420078578693', '2017-04-12', '2016-06-23', 'RUB', '50000000', '100000000', '45553958', 'Y', 90, 62, '2016-10-26 10:40:52', '2017-01-09 18:10:35'),
(447, 5, 22, 59, '3562966438596716', '2016-10-06', '2016-04-28', 'NOK', '50000000', '100000000', '99940318', 'Y', 4, 33, '2016-06-10 13:48:28', '2016-07-17 07:04:59'),
(448, 1, 52, 319, '3585305842207821', '2016-11-01', '2016-12-11', 'THB', '50000000', '100000000', '85243387', 'Y', 65, 97, '2016-12-30 02:23:02', '2016-05-26 03:22:23'),
(449, 5, 31, 296, '4913047796629821', '2016-07-09', '2016-11-27', 'CNY', '50000000', '100000000', '19053544', 'Y', 44, 18, '2016-08-04 18:21:50', '2016-05-19 13:11:59'),
(454, 3, 70, 198, '63045230020509780', '2016-11-19', '2016-09-06', 'CNY', '50000000', '100000000', '73204823', 'Y', 56, 79, '2016-08-12 08:29:43', '2016-08-21 10:35:59'),
(456, 3, 8, 71, '5018607812484627585', '2016-05-19', '2017-04-08', 'PL', '50000000', '100000000', '38700917', 'Y', 45, 10, '2016-12-20 07:32:48', '2016-09-05 03:38:26'),
(457, 4, 20, 172, '3565119995510988', '2016-07-15', '2016-05-12', 'PL', '50000000', '100000000', '49521725', 'Y', 78, 6, '2016-06-26 16:07:20', '2017-03-12 16:41:15'),
(460, 2, 64, 358, '30383987356064', '2016-12-16', '2016-09-02', 'EUR', '50000000', '100000000', '86199259', 'Y', 2, 47, '2016-11-20 15:33:23', '2016-09-08 09:37:24'),
(461, 5, 16, 481, '3581724787824123', '2016-08-16', '2016-05-15', 'JMD', '50000000', '100000000', '19603543', 'Y', 7, 70, '2016-10-20 08:58:58', '2016-09-14 07:54:33'),
(466, 3, 56, 31, '5424035740771848', '2017-02-10', '2017-01-30', 'IDR', '50000000', '100000000', '57821272', 'Y', 67, 21, '2016-10-03 07:31:24', '2016-04-22 22:27:53'),
(467, 1, 77, 184, '630401615482556226', '2017-01-11', '2017-02-23', 'CAD', '50000000', '100000000', '88473936', 'Y', 37, 31, '2016-08-12 10:19:50', '2016-10-24 17:23:38'),
(468, 1, 98, 155, '201513064238065', '2017-01-03', '2017-03-15', 'NOK', '50000000', '100000000', '33618919', 'Y', 17, 54, '2016-11-08 14:26:57', '2016-06-16 20:00:41'),
(472, 2, 54, 373, '3580450170211048', '2016-08-22', '2017-03-18', 'IDR', '50000000', '100000000', '26329430', 'Y', 42, 71, '2017-03-13 19:10:04', '2016-04-23 04:51:21'),
(473, 1, 58, 213, '374622050221570', '2016-08-20', '2016-06-07', 'SEK', '50000000', '100000000', '78636773', 'Y', 37, 67, '2017-02-28 10:29:34', '2017-01-06 23:54:34'),
(474, 1, 31, 185, '4844988535533895', '2016-08-04', '2017-01-20', 'SEK', '50000000', '100000000', '86367974', 'Y', 6, 21, '2016-05-29 07:17:04', '2016-11-16 04:15:44'),
(475, 5, 81, 337, '676706866035423498', '2017-03-27', '2016-05-07', 'GYD', '50000000', '100000000', '7114952', 'Y', 77, 72, '2017-01-02 14:19:23', '2016-06-18 23:12:24'),
(477, 5, 73, 315, '3536391825298516', '2016-11-20', '2017-02-10', 'EUR', '50000000', '100000000', '19726662', 'Y', 20, 59, '2016-08-07 02:30:47', '2017-02-24 05:12:21'),
(478, 4, 53, 285, '201426417592155', '2016-09-19', '2016-10-30', 'RUB', '50000000', '100000000', '89690379', 'Y', 53, 50, '2016-06-04 00:54:22', '2016-07-29 23:02:38'),
(479, 5, 62, 166, '3552682336427357', '2016-05-26', '2016-10-06', 'CNY', '50000000', '100000000', '54752995', 'Y', 63, 79, '2016-05-17 02:15:42', '2017-01-03 21:59:43'),
(481, 3, 41, 436, '3528377824636723', '2016-11-19', '2016-11-14', 'COP', '50000000', '100000000', '79669636', 'Y', 76, 32, '2016-08-30 03:11:15', '2016-09-02 00:06:40'),
(486, 2, 19, 102, '337941281933126', '2016-09-22', '2016-06-13', 'PE', '50000000', '100000000', '98981683', 'Y', 51, 12, '2017-01-18 10:24:27', '2017-01-23 04:07:45'),
(488, 2, 5, 73, '50203719361298529', '2017-03-17', '2016-04-26', 'CNY', '50000000', '100000000', '34269886', 'Y', 8, 53, '2016-10-18 19:39:58', '2016-12-06 18:52:19'),
(492, 4, 83, 307, '5038482232610696', '2016-06-13', '2016-10-08', 'IDR', '50000000', '100000000', '17590796', 'Y', 42, 34, '2016-08-15 01:51:21', '2016-07-11 14:23:51'),
(493, 3, 43, 281, '4903044067866243924', '2017-01-02', '2016-05-14', 'PL', '50000000', '100000000', '33269260', 'Y', 39, 53, '2017-04-07 23:21:43', '2017-04-15 10:13:36'),
(494, 3, 76, 322, '675995661867785144', '2016-06-19', '2016-08-20', 'PE', '50000000', '100000000', '52466300', 'Y', 73, 73, '2017-03-26 04:13:13', '2016-06-27 11:02:26'),
(498, 2, 41, 25, '5610120229842832116', '2016-09-29', '2017-03-14', 'UAH', '50000000', '100000000', '68622198', 'Y', 75, 78, '2016-10-07 09:46:10', '2017-02-20 01:32:48'),
(500, 5, 29, 266, '6709951667500198', '2016-10-27', '2016-07-25', 'PHP', '50000000', '100000000', '76637117', 'Y', 61, 26, '2016-08-12 23:51:32', '2016-10-17 12:38:19'),
(502, 2, 46, 8, '30097544095458', '2016-10-30', '2016-07-15', 'HRK', '50000000', '100000000', '5647908', 'Y', 97, 48, '2016-08-18 12:10:59', '2016-08-21 05:01:21'),
(503, 3, 37, 190, '345754301120834', '2016-09-13', '2016-08-13', 'PAB', '50000000', '100000000', '14391743', 'Y', 46, 74, '2016-07-18 22:46:53', '2016-05-03 12:10:15'),
(506, 2, 20, 75, '3532741406533174', '2017-01-01', '2016-05-01', 'NG', '50000000', '100000000', '14891752', 'Y', 64, 57, '2016-05-14 14:27:21', '2016-10-31 13:22:07'),
(507, 1, 70, 461, '50382606606405295', '2016-11-01', '2016-11-21', 'CNY', '50000000', '100000000', '98976655', 'Y', 58, 86, '2017-03-26 13:30:28', '2017-02-05 17:35:47'),
(509, 3, 4, 177, '5100143367022015', '2017-02-28', '2016-12-08', 'CNY', '50000000', '100000000', '21040578', 'Y', 22, 20, '2016-11-16 01:16:51', '2016-04-26 23:38:51'),
(511, 1, 26, 23, '4844523224673080', '2017-03-14', '2016-08-03', 'JPY', '50000000', '100000000', '21026243', 'Y', 98, 82, '2016-09-09 06:46:40', '2016-08-11 09:08:55'),
(513, 1, 11, 122, '201958620477386', '2016-10-15', '2016-09-01', 'PHP', '50000000', '100000000', '82068076', 'Y', 87, 45, '2017-01-25 23:18:05', '2017-02-10 10:26:58'),
(516, 1, 43, 29, '3532073213770140', '2017-04-12', '2017-02-10', 'CNY', '50000000', '100000000', '22989753', 'Y', 20, 100, '2017-02-05 09:04:41', '2016-11-18 07:21:21'),
(517, 3, 46, 423, '3529784527993542', '2016-05-16', '2017-02-10', 'EUR', '50000000', '100000000', '22333068', 'Y', 11, 55, '2016-07-16 11:44:58', '2016-09-22 13:17:04'),
(519, 5, 6, 160, '3585157263419090', '2016-05-27', '2016-07-15', 'RUB', '50000000', '100000000', '32258953', 'Y', 6, 98, '2016-10-11 19:21:12', '2016-11-03 22:25:15'),
(520, 2, 71, 447, '56022130070970216', '2016-07-15', '2016-07-18', 'PHP', '50000000', '100000000', '11990331', 'Y', 60, 16, '2017-03-24 02:44:37', '2016-10-13 09:01:24'),
(522, 1, 66, 6, '3575106017326335', '2016-10-26', '2016-08-26', 'CNY', '50000000', '100000000', '70699915', 'Y', 66, 71, '2017-04-13 07:01:35', '2016-10-19 23:35:13'),
(524, 5, 39, 487, '30220720998127', '2017-03-12', '2016-09-01', 'PHP', '50000000', '100000000', '35824322', 'Y', 76, 57, '2016-10-20 20:17:58', '2016-07-16 03:35:32'),
(527, 2, 1, 28, '3547386530847679', '2016-08-16', '2017-04-12', 'PL', '50000000', '100000000', '98924694', 'Y', 44, 35, '2016-06-21 20:16:50', '2016-11-12 20:52:51'),
(530, 2, 97, 472, '3576240086431236', '2016-06-28', '2016-10-10', 'IDR', '50000000', '100000000', '17065381', 'Y', 63, 75, '2016-06-11 21:49:32', '2016-09-17 17:43:15'),
(531, 2, 30, 417, '3535623427929291', '2017-01-19', '2016-04-22', 'COP', '50000000', '100000000', '62837930', 'Y', 84, 82, '2016-07-15 01:59:46', '2016-06-10 23:43:54'),
(536, 4, 84, 392, '3570588795076288', '2017-03-27', '2017-01-18', 'THB', '50000000', '100000000', '20307486', 'Y', 4, 18, '2016-10-09 20:03:34', '2016-07-29 00:46:32'),
(537, 3, 71, 345, '5893671733116203', '2016-07-23', '2016-06-10', 'YER', '50000000', '100000000', '87433146', 'Y', 30, 32, '2017-03-15 10:16:21', '2016-04-17 17:29:35'),
(539, 4, 96, 405, '3587500506476542', '2016-05-21', '2017-03-17', 'PE', '50000000', '100000000', '25236877', 'Y', 45, 24, '2016-07-04 19:26:55', '2016-12-12 09:20:22'),
(544, 1, 31, 11, '201639623948975', '2016-10-20', '2016-09-10', 'CNY', '50000000', '100000000', '23602978', 'Y', 47, 28, '2016-10-02 22:36:50', '2016-10-19 00:23:44'),
(546, 4, 95, 354, '3553854340996227', '2016-07-31', '2016-08-01', 'RUB', '50000000', '100000000', '427521', 'Y', 55, 6, '2016-10-14 07:15:11', '2016-06-05 15:43:03'),
(547, 3, 41, 34, '50181832927158032', '2016-09-30', '2016-12-05', 'NOK', '50000000', '100000000', '18925697', 'Y', 95, 39, '2016-12-16 11:15:19', '2017-01-12 13:21:55'),
(549, 4, 76, 329, '373524554563658', '2016-07-29', '2017-04-15', 'USD', '50000000', '100000000', '80933761', 'Y', 16, 85, '2016-07-13 04:39:50', '2017-04-09 14:43:15'),
(550, 1, 50, 84, '4905432441481461747', '2017-01-01', '2016-06-30', 'NZD', '50000000', '100000000', '96048778', 'Y', 93, 38, '2016-07-05 18:26:51', '2016-09-26 22:49:44'),
(551, 5, 32, 371, '6763586156171318552', '2016-04-17', '2016-10-31', 'CNY', '50000000', '100000000', '64268986', 'Y', 10, 50, '2016-08-04 22:45:20', '2016-08-24 08:16:27'),
(552, 2, 100, 230, '3580611051257604', '2016-06-20', '2016-07-10', 'PHP', '50000000', '100000000', '63649641', 'Y', 32, 97, '2016-05-15 08:56:24', '2017-02-07 13:44:09'),
(553, 2, 85, 487, '5100139740166552', '2016-12-21', '2016-12-07', 'PHP', '50000000', '100000000', '5182422', 'Y', 70, 89, '2017-02-03 14:46:40', '2016-07-11 21:06:57'),
(554, 5, 86, 265, '201830572287800', '2016-07-06', '2016-12-13', 'JPY', '50000000', '100000000', '4745150', 'Y', 97, 31, '2016-04-24 01:35:23', '2017-01-07 20:02:58'),
(556, 4, 89, 141, '3575862031167747', '2017-02-07', '2016-08-08', 'CNY', '50000000', '100000000', '64271098', 'Y', 100, 98, '2016-10-24 02:39:40', '2016-12-30 04:14:04'),
(557, 1, 10, 338, '374288438040106', '2016-10-28', '2016-08-02', 'GBP', '50000000', '100000000', '69036915', 'Y', 49, 45, '2017-01-26 15:20:04', '2017-02-16 07:47:02'),
(567, 2, 76, 98, '201872218134707', '2016-06-04', '2017-01-31', 'VEF', '50000000', '100000000', '35025801', 'Y', 67, 33, '2017-03-01 06:39:47', '2017-02-07 10:08:19'),
(568, 4, 57, 292, '3582124160726905', '2017-03-13', '2017-03-19', 'COP', '50000000', '100000000', '42873020', 'Y', 93, 81, '2016-06-05 04:09:48', '2016-07-13 13:30:05'),
(570, 1, 28, 70, '201628578897857', '2017-04-15', '2017-02-04', 'AF', '50000000', '100000000', '87533837', 'Y', 36, 27, '2016-09-19 22:27:54', '2016-07-03 13:05:02'),
(572, 3, 57, 464, '3565478473186616', '2016-12-19', '2016-12-07', 'LKR', '50000000', '100000000', '74817559', 'Y', 79, 10, '2016-11-25 07:35:36', '2016-05-17 14:05:15'),
(573, 1, 30, 310, '201582841993417', '2016-07-03', '2017-04-07', 'CNY', '50000000', '100000000', '86426837', 'Y', 56, 11, '2016-08-19 12:45:46', '2016-12-05 09:15:40'),
(574, 5, 79, 240, '3557471147727204', '2016-07-14', '2017-01-02', 'MYR', '50000000', '100000000', '43227678', 'Y', 14, 93, '2016-05-20 21:58:58', '2016-06-25 00:04:48'),
(577, 5, 51, 337, '4017954318209880', '2016-07-22', '2016-12-27', 'AF', '50000000', '100000000', '75597969', 'Y', 69, 38, '2016-04-28 22:07:03', '2016-09-18 02:10:11'),
(578, 1, 71, 58, '675900182293966244', '2016-11-30', '2017-03-23', 'EUR', '50000000', '100000000', '35498258', 'Y', 1, 89, '2016-09-14 15:55:12', '2016-06-16 14:35:27'),
(579, 4, 73, 263, '4508319581655613', '2016-08-12', '2017-03-17', 'CLP', '50000000', '100000000', '78591838', 'Y', 49, 20, '2017-02-07 18:24:35', '2017-01-13 04:39:23'),
(580, 3, 98, 57, '5558761117260572', '2016-09-21', '2016-05-13', 'RUB', '50000000', '100000000', '56684834', 'Y', 99, 61, '2016-06-14 20:25:17', '2016-08-11 01:44:12'),
(581, 4, 49, 405, '5100178505514028', '2016-12-15', '2016-07-26', 'RUB', '50000000', '100000000', '62872064', 'Y', 47, 75, '2017-03-07 03:49:30', '2016-05-16 21:55:42'),
(582, 1, 9, 411, '3557028062536745', '2016-04-19', '2016-09-12', 'MGA', '50000000', '100000000', '91716293', 'Y', 50, 29, '2016-12-10 06:57:56', '2016-12-09 02:40:42'),
(583, 5, 6, 92, '4911574098258084', '2017-01-28', '2016-08-07', 'EUR', '50000000', '100000000', '49635510', 'Y', 48, 85, '2016-09-29 10:19:36', '2016-07-01 03:00:32'),
(584, 2, 10, 447, '4405809394441627', '2016-11-21', '2016-09-20', 'USD', '50000000', '100000000', '30142556', 'Y', 61, 73, '2017-01-21 15:27:04', '2017-02-25 12:47:35'),
(587, 5, 68, 261, '6771513650684986724', '2016-12-16', '2017-01-05', 'JOD', '50000000', '100000000', '88592559', 'Y', 23, 62, '2016-08-07 02:21:38', '2016-08-14 18:02:21'),
(588, 3, 6, 329, '3561939433257981', '2016-07-13', '2016-08-08', 'MNT', '50000000', '100000000', '77704106', 'Y', 97, 66, '2016-10-04 12:39:26', '2016-09-15 05:10:01'),
(589, 2, 75, 433, '36435001197496', '2016-07-10', '2017-03-17', 'CNY', '50000000', '100000000', '68086044', 'Y', 36, 49, '2016-08-24 00:40:03', '2016-07-28 22:32:21'),
(592, 1, 34, 75, '3588494945910817', '2017-03-06', '2016-08-06', 'SEK', '50000000', '100000000', '35971920', 'Y', 91, 34, '2016-04-22 22:49:33', '2016-07-14 13:23:27'),
(593, 4, 90, 160, '201913377784914', '2016-09-21', '2016-10-18', 'IRR', '50000000', '100000000', '22536655', 'Y', 31, 77, '2016-12-12 00:13:31', '2016-08-16 14:25:46'),
(597, 1, 57, 235, '3563096727210396', '2016-12-19', '2016-12-21', 'PHP', '50000000', '100000000', '36145059', 'Y', 52, 30, '2017-03-23 16:58:59', '2017-03-21 03:03:46'),
(599, 5, 3, 255, '4844013878774814', '2016-06-27', '2017-03-05', 'CNY', '50000000', '100000000', '31825382', 'Y', 60, 5, '2016-09-30 22:45:02', '2017-02-17 06:17:05'),
(601, 4, 7, 197, '30022587961689', '2016-10-30', '2017-02-13', 'CNY', '50000000', '100000000', '47147149', 'Y', 78, 70, '2016-07-14 09:39:15', '2016-07-01 12:04:42');
INSERT INTO `account` (`idACCOUNT`, `idACCOUNT_TYPE`, `idBranch`, `idCUSTOMER`, `Account_number`, `Open_date`, `Close_date`, `Currentcy_code`, `Min_Balance`, `Max_Balance`, `Amount`, `Status`, `Created_by`, `Last_update_by`, `Created_date`, `Last_update_date`) VALUES
(606, 2, 49, 243, '30192137052998', '2016-10-07', '2016-04-23', 'CNY', '50000000', '100000000', '71947062', 'Y', 70, 10, '2016-05-30 05:06:28', '2017-02-17 14:57:32'),
(609, 2, 71, 387, '3580563072354300', '2016-06-11', '2016-11-12', 'PL', '50000000', '100000000', '24608003', 'Y', 10, 24, '2016-07-08 02:40:51', '2016-07-24 22:41:12'),
(610, 4, 12, 371, '4508892192629680', '2016-07-02', '2017-02-09', 'CNY', '50000000', '100000000', '87508082', 'Y', 73, 53, '2016-07-10 10:11:09', '2016-07-27 13:17:30'),
(611, 3, 20, 476, '6396428857454658', '2016-06-15', '2017-03-24', 'SEK', '50000000', '100000000', '38100768', 'Y', 78, 75, '2017-03-14 07:22:06', '2017-01-08 14:03:52'),
(612, 5, 56, 89, '3537893346400645', '2017-04-15', '2016-12-29', 'MAD', '50000000', '100000000', '38272450', 'Y', 15, 83, '2016-05-24 04:52:45', '2017-01-31 15:25:35'),
(613, 1, 82, 273, '5100178141779779', '2016-11-28', '2017-04-15', 'CNY', '50000000', '100000000', '20633909', 'Y', 49, 56, '2016-05-28 02:22:53', '2016-11-01 10:59:14'),
(614, 1, 1, 51, '3586026077758358', '2016-05-29', '2016-12-10', 'CNY', '50000000', '100000000', '23486371', 'Y', 29, 63, '2016-10-12 20:33:49', '2017-03-04 23:04:47'),
(615, 2, 55, 450, '201982229582149', '2016-08-27', '2017-01-13', 'GTQ', '50000000', '100000000', '36570407', 'Y', 100, 37, '2016-10-22 18:13:38', '2016-05-17 03:47:06'),
(620, 2, 54, 295, '5602241899576749', '2016-08-17', '2017-03-23', 'PHP', '50000000', '100000000', '7215966', 'Y', 49, 11, '2016-08-26 16:32:26', '2016-05-09 21:01:32'),
(621, 4, 32, 175, '3529261912088022', '2017-01-05', '2016-10-15', 'TJS', '50000000', '100000000', '1386522', 'Y', 3, 82, '2016-12-15 08:30:37', '2017-04-03 03:47:59'),
(622, 5, 63, 266, '3563884939665543', '2016-07-06', '2016-08-21', 'PHP', '50000000', '100000000', '19468163', 'Y', 45, 84, '2016-12-28 04:11:18', '2016-12-08 20:59:46'),
(623, 2, 86, 448, '3587480341285426', '2017-03-14', '2017-04-11', 'EUR', '50000000', '100000000', '28868263', 'Y', 52, 37, '2017-01-29 18:48:39', '2016-05-25 06:39:33'),
(625, 5, 64, 50, '30472293703125', '2016-10-05', '2016-08-19', 'RUB', '50000000', '100000000', '58410475', 'Y', 69, 23, '2016-07-03 05:58:49', '2016-10-26 17:54:04'),
(627, 1, 82, 129, '3579967116726618', '2017-01-06', '2016-07-16', 'AUD', '50000000', '100000000', '51670582', 'Y', 42, 75, '2016-11-29 10:32:37', '2016-05-31 13:20:53'),
(629, 4, 80, 210, '201795241210840', '2016-05-25', '2016-04-21', 'USD', '50000000', '100000000', '62575633', 'Y', 80, 31, '2017-02-28 23:45:34', '2017-01-05 10:34:47'),
(631, 4, 17, 279, '30480892660604', '2016-08-03', '2016-06-26', 'HUF', '50000000', '100000000', '71550992', 'Y', 13, 33, '2017-02-15 18:20:05', '2016-10-04 19:46:27'),
(632, 2, 9, 334, '3531147969561712', '2016-09-13', '2016-12-25', 'XOF', '50000000', '100000000', '3363440', 'Y', 54, 33, '2016-10-12 22:54:36', '2016-04-30 06:12:26'),
(633, 1, 72, 151, '341132375175527', '2017-04-07', '2016-08-11', 'IDR', '50000000', '100000000', '13144308', 'Y', 91, 95, '2016-06-17 10:51:05', '2016-08-12 02:45:42'),
(635, 1, 28, 199, '5602232108727744', '2016-09-21', '2016-04-21', 'MNT', '50000000', '100000000', '72368229', 'Y', 76, 7, '2017-01-21 08:07:30', '2016-12-14 09:19:42'),
(636, 5, 66, 65, '201600342257890', '2016-10-05', '2016-12-04', 'VND', '50000000', '100000000', '22340621', 'Y', 76, 7, '2016-05-10 12:40:26', '2016-08-15 06:07:16'),
(638, 2, 62, 182, '3539771573611605', '2016-07-10', '2017-04-12', 'SAR', '50000000', '100000000', '48919558', 'Y', 96, 12, '2016-08-30 13:57:11', '2016-10-09 04:34:01'),
(640, 5, 40, 394, '5007662122058943', '2017-01-06', '2017-03-02', 'EUR', '50000000', '100000000', '99901452', 'Y', 72, 83, '2017-03-14 02:41:59', '2017-03-05 16:48:07'),
(644, 5, 51, 108, '3530878292572619', '2016-10-24', '2016-11-29', 'CNY', '50000000', '100000000', '90415835', 'Y', 11, 63, '2016-06-10 14:05:35', '2017-03-07 14:31:04'),
(646, 5, 85, 222, '4903739066680672', '2016-12-01', '2016-09-01', 'BRL', '50000000', '100000000', '73351239', 'Y', 59, 9, '2016-05-26 13:37:09', '2017-01-30 02:57:33'),
(647, 3, 14, 261, '4053421584402487', '2016-05-07', '2016-11-12', 'XAF', '50000000', '100000000', '23663711', 'Y', 98, 100, '2016-06-25 01:12:59', '2016-05-01 20:29:59'),
(650, 5, 43, 442, '3549941991501658', '2016-09-02', '2016-08-16', 'GBP', '50000000', '100000000', '76388938', 'Y', 84, 20, '2017-02-20 15:18:31', '2017-03-01 14:15:39'),
(651, 3, 15, 264, '3547719438152240', '2016-07-10', '2017-02-08', 'EUR', '50000000', '100000000', '70858655', 'Y', 54, 30, '2017-04-04 05:11:41', '2016-12-17 11:13:33'),
(652, 3, 77, 259, '3569791385244455', '2016-11-14', '2016-10-20', 'EUR', '50000000', '100000000', '68985117', 'Y', 63, 40, '2016-07-17 22:44:33', '2016-10-17 17:52:06'),
(655, 2, 74, 478, '4405489415763067', '2016-05-10', '2017-04-01', 'CNY', '50000000', '100000000', '83626261', 'Y', 38, 19, '2016-10-22 16:38:59', '2016-07-16 17:56:46'),
(656, 5, 100, 144, '201733811334187', '2017-03-21', '2017-02-17', 'PHP', '50000000', '100000000', '41819324', 'Y', 82, 43, '2016-12-05 20:08:14', '2017-01-25 15:20:03'),
(658, 4, 63, 370, '3553063685129812', '2016-05-20', '2017-01-28', 'CZK', '50000000', '100000000', '74002424', 'Y', 91, 70, '2016-05-12 11:23:48', '2017-03-10 21:05:40'),
(659, 1, 83, 178, '201572401305078', '2017-01-25', '2016-10-30', 'CNY', '50000000', '100000000', '92924264', 'Y', 91, 2, '2016-06-06 18:39:38', '2016-10-25 14:44:06'),
(660, 3, 80, 151, '30438278904327', '2017-02-22', '2016-09-28', 'BRL', '50000000', '100000000', '5849884', 'Y', 83, 95, '2017-02-26 11:53:52', '2017-04-14 18:55:39'),
(661, 4, 35, 165, '5108759807874632', '2016-04-20', '2016-04-23', 'IDR', '50000000', '100000000', '38531003', 'Y', 3, 12, '2016-06-14 05:15:26', '2016-11-05 15:18:48'),
(662, 4, 82, 108, '3552153169452854', '2016-10-31', '2016-08-14', 'CNY', '50000000', '100000000', '81066160', 'Y', 11, 84, '2016-09-21 02:08:36', '2016-09-15 07:29:04'),
(663, 5, 90, 379, '3533210332336051', '2017-03-10', '2016-10-28', 'EUR', '50000000', '100000000', '50917693', 'Y', 39, 29, '2017-03-05 06:34:28', '2016-11-10 12:05:02'),
(666, 3, 23, 150, '6334174546115477993', '2016-07-01', '2017-02-25', 'EUR', '50000000', '100000000', '16250892', 'Y', 11, 62, '2017-02-07 09:34:19', '2017-02-22 14:53:41'),
(668, 5, 91, 472, '3545355787432248', '2016-11-08', '2016-12-02', 'RUB', '50000000', '100000000', '78081496', 'Y', 92, 19, '2016-12-12 12:09:28', '2016-04-26 06:02:41'),
(669, 1, 12, 81, '56022168493241765', '2016-10-12', '2016-07-08', 'CNY', '50000000', '100000000', '95338941', 'Y', 80, 97, '2016-08-07 23:28:29', '2017-02-12 05:47:44'),
(673, 2, 90, 76, '3528573164322029', '2016-04-22', '2016-05-07', 'ZWL', '50000000', '100000000', '76887376', 'Y', 23, 50, '2017-01-02 15:11:40', '2016-05-30 21:17:37'),
(674, 5, 73, 146, '56022445217498404', '2016-09-04', '2016-07-06', 'PHP', '50000000', '100000000', '56162644', 'Y', 96, 26, '2017-03-12 08:52:18', '2017-04-07 21:24:04'),
(676, 1, 55, 442, '372301871326205', '2016-04-18', '2016-10-12', 'SEK', '50000000', '100000000', '31502780', 'Y', 52, 57, '2016-07-03 20:53:32', '2016-08-01 09:25:23'),
(677, 4, 76, 376, '6334314752337299469', '2016-11-05', '2016-07-07', 'EUR', '50000000', '100000000', '95425393', 'Y', 16, 76, '2016-11-29 04:15:03', '2016-09-12 08:45:39'),
(678, 3, 81, 283, '5571950463907232', '2016-05-03', '2017-03-08', 'CNY', '50000000', '100000000', '32033579', 'Y', 31, 74, '2016-11-17 14:59:02', '2016-12-05 09:15:39'),
(679, 1, 11, 398, '3531643507402112', '2017-03-10', '2016-07-21', 'PL', '50000000', '100000000', '83537364', 'Y', 49, 27, '2016-06-21 23:16:43', '2016-11-19 07:38:08'),
(680, 4, 59, 68, '5602220708662130', '2016-09-17', '2017-03-12', 'VND', '50000000', '100000000', '90539423', 'Y', 28, 33, '2017-01-19 06:31:40', '2017-01-31 20:26:37'),
(683, 4, 90, 204, '4917501412271760', '2017-02-14', '2016-06-17', 'RUB', '50000000', '100000000', '53152401', 'Y', 30, 49, '2016-05-11 05:33:46', '2017-01-13 19:13:30'),
(684, 5, 39, 161, '6395823942192076', '2017-02-05', '2016-11-25', 'IDR', '50000000', '100000000', '36357128', 'Y', 52, 11, '2017-04-01 01:14:46', '2017-04-08 09:16:52'),
(685, 2, 81, 213, '3535563088361253', '2016-08-08', '2016-11-21', 'KMF', '50000000', '100000000', '12833851', 'Y', 71, 16, '2016-09-22 02:20:45', '2016-10-12 18:06:58'),
(686, 3, 77, 269, '3568803166860267', '2016-05-18', '2016-05-07', 'YER', '50000000', '100000000', '86703880', 'Y', 10, 25, '2016-09-26 21:27:30', '2016-08-31 05:27:27'),
(688, 4, 46, 105, '4844350949265624', '2016-09-14', '2016-04-25', 'GTQ', '50000000', '100000000', '68419147', 'Y', 4, 21, '2016-11-09 07:44:16', '2016-09-30 19:19:28'),
(690, 1, 58, 456, '5048379763881738', '2016-12-13', '2016-12-12', 'KPW', '50000000', '100000000', '46428090', 'Y', 42, 57, '2016-05-20 06:52:32', '2016-06-15 20:58:01'),
(692, 3, 73, 295, '5108752035978432', '2017-01-27', '2016-05-08', 'CNY', '50000000', '100000000', '93881586', 'Y', 51, 49, '2017-03-10 20:16:00', '2016-12-24 07:46:43'),
(695, 5, 45, 95, '4026946131215945', '2016-06-08', '2017-03-11', 'IDR', '50000000', '100000000', '31084392', 'Y', 15, 10, '2017-01-14 17:10:26', '2016-06-21 13:55:27'),
(698, 3, 67, 260, '3566775884957785', '2016-11-16', '2016-08-14', 'EUR', '50000000', '100000000', '12390678', 'Y', 52, 41, '2017-03-12 13:37:19', '2017-02-06 19:53:15'),
(700, 5, 73, 386, '6709321238600382', '2016-10-16', '2016-09-05', 'RUB', '50000000', '100000000', '58319205', 'Y', 71, 100, '2017-02-22 22:12:56', '2017-01-13 14:30:08'),
(701, 1, 70, 187, '3545426063539061', '2016-12-13', '2017-03-09', 'IDR', '50000000', '100000000', '22365538', 'Y', 45, 13, '2016-12-27 13:08:05', '2017-03-02 08:39:15'),
(706, 1, 68, 278, '3550619303394956', '2016-11-24', '2017-04-10', 'XOF', '50000000', '100000000', '30268098', 'Y', 41, 52, '2017-03-21 08:38:32', '2017-02-19 13:57:12'),
(707, 5, 92, 75, '5602254544224615', '2016-10-11', '2017-04-09', 'CNY', '50000000', '100000000', '66896997', 'Y', 51, 83, '2017-02-12 04:27:53', '2016-06-13 20:54:27'),
(708, 1, 1, 254, '5100147425697403', '2016-11-14', '2016-10-04', 'RUB', '50000000', '100000000', '70743453', 'Y', 74, 97, '2016-05-23 13:38:18', '2016-08-29 02:55:41'),
(709, 2, 58, 413, '56022581095039512', '2016-05-02', '2016-08-30', 'NPR', '50000000', '100000000', '27435122', 'Y', 25, 75, '2016-11-23 06:24:10', '2017-02-13 14:15:32'),
(711, 2, 81, 110, '3558874378009946', '2016-06-28', '2016-07-11', 'EUR', '50000000', '100000000', '93336498', 'Y', 3, 30, '2017-01-24 23:53:15', '2016-04-29 01:20:42'),
(713, 1, 81, 14, '3539244727227801', '2016-11-01', '2017-04-09', 'IDR', '50000000', '100000000', '9069266', 'Y', 95, 9, '2016-10-09 18:15:44', '2016-04-18 15:33:08'),
(715, 1, 78, 340, '3553018920103071', '2017-04-12', '2016-10-18', 'EUR', '50000000', '100000000', '34738854', 'Y', 56, 8, '2017-02-11 05:22:58', '2017-02-27 01:47:45'),
(723, 3, 10, 301, '4936871173329389', '2016-10-18', '2016-05-03', 'CNY', '50000000', '100000000', '83954473', 'Y', 97, 27, '2016-08-01 01:52:02', '2016-05-19 20:58:53'),
(724, 3, 18, 292, '3535308155454528', '2017-03-25', '2016-05-25', 'IDR', '50000000', '100000000', '14171868', 'Y', 89, 44, '2016-08-24 15:45:43', '2016-11-21 17:34:38'),
(726, 5, 78, 58, '3583846634053321', '2016-07-22', '2017-03-09', 'CZK', '50000000', '100000000', '36374408', 'Y', 93, 79, '2016-07-26 00:39:02', '2016-07-19 01:05:18'),
(727, 2, 48, 335, '676290706327167373', '2017-02-01', '2016-11-09', 'IQD', '50000000', '100000000', '61392406', 'Y', 13, 46, '2016-09-23 22:15:23', '2016-09-13 04:52:54'),
(728, 2, 38, 396, '3528298376716129', '2017-03-19', '2016-12-22', 'PL', '50000000', '100000000', '18426394', 'Y', 56, 52, '2016-08-03 18:28:07', '2016-09-18 12:24:05'),
(730, 3, 74, 33, '3528802611244472', '2016-11-08', '2016-12-20', 'HNL', '50000000', '100000000', '28010713', 'Y', 27, 14, '2016-07-31 11:12:29', '2016-10-20 13:58:48'),
(731, 1, 57, 192, '4913294589573879', '2016-10-01', '2016-06-26', 'IDR', '50000000', '100000000', '47674629', 'Y', 16, 48, '2016-12-04 11:18:52', '2017-01-16 17:57:46'),
(732, 4, 28, 103, '5048373348548714', '2017-01-07', '2017-04-15', 'ANG', '50000000', '100000000', '10287002', 'Y', 10, 92, '2017-03-27 21:44:24', '2017-01-23 22:18:38'),
(733, 4, 13, 92, '5108750842410169', '2017-04-07', '2017-01-04', 'BRL', '50000000', '100000000', '81085709', 'Y', 49, 17, '2017-03-24 02:13:40', '2016-11-23 23:18:05'),
(736, 1, 100, 179, '3534244515396532', '2016-07-04', '2017-02-23', 'IDR', '50000000', '100000000', '98503484', 'Y', 20, 99, '2016-11-01 08:31:26', '2016-07-03 14:51:31'),
(738, 1, 99, 383, '3546781941312415', '2016-06-25', '2017-03-05', 'ARS', '50000000', '100000000', '21588373', 'Y', 16, 59, '2016-07-16 18:22:33', '2017-01-26 02:54:32'),
(739, 2, 98, 175, '3536669678076299', '2016-12-09', '2017-01-02', 'HRK', '50000000', '100000000', '77131112', 'Y', 44, 45, '2016-06-16 03:35:09', '2017-01-19 19:27:47'),
(740, 1, 61, 112, '3558488969829776', '2016-06-28', '2016-11-28', 'JPY', '50000000', '100000000', '19284877', 'Y', 86, 40, '2016-12-30 22:56:22', '2016-10-04 02:01:28'),
(741, 3, 86, 480, '3529975057855750', '2016-09-20', '2016-05-28', 'RUB', '50000000', '100000000', '62508485', 'Y', 34, 46, '2017-04-11 13:39:53', '2016-04-24 19:07:25'),
(743, 2, 17, 349, '3541259716319076', '2016-08-15', '2016-11-12', 'CNY', '50000000', '100000000', '50561532', 'Y', 61, 91, '2016-04-20 12:29:21', '2016-07-03 09:24:14'),
(744, 2, 92, 137, '6706477899247500', '2016-11-01', '2016-09-27', 'IDR', '50000000', '100000000', '46570164', 'Y', 31, 19, '2016-11-07 19:41:14', '2016-05-05 09:13:09'),
(745, 5, 69, 315, '5610289936601145', '2016-05-04', '2016-08-04', 'CUP', '50000000', '100000000', '91921175', 'Y', 3, 39, '2016-08-18 22:02:47', '2016-11-20 09:46:53'),
(746, 4, 53, 356, '3562159659660326', '2016-05-15', '2016-09-05', 'PE', '50000000', '100000000', '96027532', 'Y', 2, 86, '2016-06-08 14:51:17', '2016-05-02 00:57:39'),
(748, 1, 27, 165, '3585307012855066', '2016-11-02', '2016-11-12', 'RUB', '50000000', '100000000', '18933033', 'Y', 61, 54, '2016-06-23 09:25:19', '2016-06-04 07:00:37'),
(752, 1, 61, 133, '201555982811556', '2017-04-05', '2016-05-14', 'SEK', '50000000', '100000000', '22745910', 'Y', 75, 23, '2016-12-02 22:33:04', '2016-11-29 11:31:33'),
(758, 2, 83, 104, '30183043937125', '2017-03-23', '2016-09-18', 'XAF', '50000000', '100000000', '26853203', 'Y', 73, 73, '2017-03-26 12:01:33', '2016-09-12 20:45:26'),
(761, 2, 59, 170, '6383705529727610', '2016-10-28', '2016-09-17', 'PHP', '50000000', '100000000', '26775309', 'Y', 4, 73, '2016-06-18 10:26:14', '2016-07-29 04:57:39'),
(768, 2, 24, 255, '5641829617324104', '2016-07-17', '2017-03-13', 'CNY', '50000000', '100000000', '70196136', 'Y', 31, 38, '2016-05-15 20:48:28', '2016-10-26 13:23:21'),
(769, 2, 62, 298, '5002351142564636', '2016-10-19', '2016-09-19', 'COP', '50000000', '100000000', '35564183', 'Y', 53, 82, '2017-01-21 02:45:18', '2016-07-05 17:44:10'),
(770, 2, 33, 467, '6759913315834698774', '2017-04-14', '2017-03-08', 'IDR', '50000000', '100000000', '89121142', 'Y', 30, 2, '2016-08-11 16:26:26', '2016-06-08 08:04:58'),
(771, 2, 9, 111, '4175008150115446', '2016-09-04', '2017-03-12', 'RUB', '50000000', '100000000', '95981318', 'Y', 47, 100, '2016-05-18 14:54:35', '2016-09-29 12:29:38'),
(774, 3, 59, 417, '56022386074916452', '2016-11-09', '2017-01-10', 'ARS', '50000000', '100000000', '39286285', 'Y', 25, 74, '2016-12-08 17:33:29', '2017-02-23 15:47:30'),
(776, 4, 64, 342, '5002354012332977', '2017-01-03', '2016-07-24', 'EUR', '50000000', '100000000', '57814580', 'Y', 10, 99, '2017-03-18 23:01:44', '2016-12-15 06:29:13'),
(777, 2, 9, 369, '633411165932039300', '2016-05-08', '2017-01-21', 'PHP', '50000000', '100000000', '96712752', 'Y', 9, 65, '2017-01-03 19:16:15', '2017-03-20 13:52:32'),
(779, 4, 19, 421, '3549590913652949', '2016-05-22', '2016-08-09', 'EUR', '50000000', '100000000', '2287312', 'Y', 26, 82, '2017-03-22 10:16:22', '2017-01-09 02:22:24'),
(781, 4, 8, 61, '3559447943776551', '2016-09-27', '2017-03-04', 'RUB', '50000000', '100000000', '68567841', 'Y', 43, 36, '2017-03-10 14:40:59', '2016-10-10 20:47:12'),
(786, 2, 63, 459, '6304164129569920597', '2016-09-26', '2016-09-29', 'RUB', '50000000', '100000000', '28916542', 'Y', 48, 84, '2017-01-05 07:33:54', '2016-04-17 09:17:28'),
(789, 5, 56, 175, '3540814314889424', '2016-10-26', '2016-12-12', 'EUR', '50000000', '100000000', '76194782', 'Y', 91, 6, '2017-01-21 03:07:17', '2016-11-20 22:37:23'),
(790, 4, 17, 92, '6762573943895574', '2016-07-18', '2017-03-03', 'IDR', '50000000', '100000000', '31717700', 'Y', 23, 40, '2016-08-12 05:02:07', '2016-06-04 02:53:16'),
(791, 2, 1, 119, '3538921575612991', '2017-02-09', '2016-11-21', 'PL', '50000000', '100000000', '70559964', 'Y', 90, 32, '2016-12-01 14:51:36', '2016-10-19 23:46:57'),
(794, 3, 61, 130, '560221203441411507', '2017-03-07', '2016-05-13', 'ARS', '50000000', '100000000', '83355229', 'Y', 55, 99, '2016-09-26 06:39:24', '2016-12-12 00:51:15'),
(796, 5, 13, 65, '374283297399800', '2016-06-13', '2016-10-16', 'EUR', '50000000', '100000000', '8210039', 'Y', 97, 33, '2016-12-05 13:10:25', '2017-03-15 12:53:21'),
(800, 5, 93, 30, '3556344132976188', '2016-08-30', '2017-01-28', 'MX', '50000000', '100000000', '52442093', 'Y', 59, 46, '2016-05-22 18:08:27', '2016-09-04 11:34:29'),
(802, 2, 76, 126, '67614031355184393', '2016-05-20', '2016-09-18', 'IDR', '50000000', '100000000', '28513106', 'Y', 74, 94, '2016-08-13 15:09:36', '2017-01-21 09:00:05'),
(804, 3, 80, 395, '67597451553543953', '2016-10-23', '2016-07-18', 'AED', '50000000', '100000000', '43328397', 'Y', 84, 76, '2016-10-30 14:59:57', '2017-03-16 12:20:14'),
(806, 4, 35, 433, '201630367050755', '2016-05-17', '2016-11-03', 'USD', '50000000', '100000000', '66697036', 'Y', 40, 10, '2017-03-14 06:02:52', '2017-03-15 20:49:43'),
(807, 4, 47, 451, '4026406143796853', '2017-02-03', '2016-04-27', 'COP', '50000000', '100000000', '4642382', 'Y', 28, 29, '2016-12-27 20:03:24', '2016-05-06 22:03:48'),
(811, 3, 30, 19, '30210471056191', '2017-01-09', '2016-12-01', 'PHP', '50000000', '100000000', '4520566', 'Y', 46, 20, '2017-02-16 00:40:52', '2016-05-23 06:26:38'),
(812, 1, 34, 484, '3533003684680824', '2016-04-22', '2016-06-12', 'NG', '50000000', '100000000', '8643899', 'Y', 46, 48, '2016-06-30 13:22:49', '2016-05-28 06:21:22'),
(813, 2, 20, 241, '5048373717641041', '2016-10-17', '2017-02-13', 'TZS', '50000000', '100000000', '49864875', 'Y', 25, 41, '2017-02-07 11:38:24', '2016-12-11 20:18:39'),
(814, 4, 73, 304, '3589481775428340', '2016-07-17', '2016-08-19', 'XOF', '50000000', '100000000', '57815865', 'Y', 73, 67, '2016-11-14 09:55:01', '2016-05-30 18:53:23'),
(815, 2, 43, 395, '6767932108047683', '2016-11-20', '2016-10-19', 'DOP', '50000000', '100000000', '33032258', 'Y', 35, 35, '2017-01-26 17:52:07', '2017-03-12 03:40:23'),
(816, 3, 4, 28, '3580146089162922', '2016-07-15', '2016-05-08', 'SZL', '50000000', '100000000', '26829917', 'Y', 18, 75, '2016-12-05 02:31:21', '2016-05-13 15:15:38'),
(819, 2, 76, 113, '4594587175223', '2016-05-25', '2017-02-03', 'EUR', '50000000', '100000000', '94641693', 'Y', 55, 6, '2017-04-04 19:52:38', '2016-05-11 15:55:24'),
(820, 2, 59, 325, '3567438792093362', '2017-02-21', '2016-05-11', 'PL', '50000000', '100000000', '32765135', 'Y', 26, 72, '2016-10-23 11:29:15', '2016-10-02 11:15:00'),
(821, 2, 67, 5, '5610183866280170', '2017-04-07', '2016-10-31', 'CNY', '50000000', '100000000', '18807441', 'Y', 48, 34, '2016-10-07 08:35:22', '2016-05-17 17:18:33'),
(826, 5, 27, 221, '6393362018862710', '2017-01-16', '2017-04-04', 'PKR', '50000000', '100000000', '41285266', 'Y', 56, 41, '2016-06-20 06:42:03', '2016-06-25 03:33:44'),
(828, 3, 54, 380, '3529901774195023', '2017-01-01', '2017-04-15', 'CNY', '50000000', '100000000', '11084870', 'Y', 41, 33, '2016-08-30 00:57:44', '2016-11-24 23:53:24'),
(835, 4, 99, 9, '4041375902400', '2016-08-30', '2016-10-13', 'CNY', '50000000', '100000000', '77997496', 'Y', 84, 79, '2016-10-07 19:28:25', '2016-04-27 04:39:30'),
(836, 3, 63, 168, '67099360932834822', '2016-10-03', '2016-06-13', 'CZK', '50000000', '100000000', '60326017', 'Y', 68, 36, '2017-03-02 15:36:14', '2016-08-26 08:28:00'),
(837, 4, 64, 69, '5602235742027958133', '2016-09-17', '2016-05-13', 'RUB', '50000000', '100000000', '40302285', 'Y', 74, 39, '2016-12-17 20:59:48', '2016-11-12 12:12:32'),
(843, 4, 85, 345, '6392588034638327', '2017-02-22', '2016-09-14', 'CNY', '50000000', '100000000', '6399949', 'Y', 14, 37, '2017-03-03 21:24:51', '2016-08-15 04:54:46'),
(844, 4, 40, 470, '201653375517243', '2016-06-02', '2016-05-23', 'PL', '50000000', '100000000', '66563205', 'Y', 5, 97, '2016-08-15 08:51:21', '2016-09-24 06:34:17'),
(847, 4, 69, 36, '3586051178290168', '2016-06-07', '2016-11-30', 'PHP', '50000000', '100000000', '40135494', 'Y', 8, 20, '2016-07-12 20:47:13', '2017-02-23 08:54:38'),
(850, 5, 18, 8, '4905504132859540021', '2017-02-08', '2016-06-28', 'RUB', '50000000', '100000000', '16598600', 'Y', 5, 75, '2016-07-28 12:18:17', '2016-06-10 15:48:49'),
(852, 5, 32, 235, '4917516696781599', '2016-07-30', '2016-08-09', 'PHP', '50000000', '100000000', '33784999', 'Y', 89, 56, '2016-12-19 18:06:29', '2016-07-21 14:03:41'),
(855, 4, 12, 366, '5100147509618093', '2016-11-24', '2016-11-14', 'IDR', '50000000', '100000000', '89544362', 'Y', 1, 100, '2017-03-27 00:38:27', '2016-05-31 10:26:20'),
(856, 2, 25, 320, '30326103355999', '2017-04-14', '2016-09-08', 'BRL', '50000000', '100000000', '85421100', 'Y', 46, 68, '2016-05-20 11:48:28', '2016-08-26 14:40:31'),
(857, 4, 67, 159, '6331104581944821', '2017-03-06', '2016-10-07', 'SEK', '50000000', '100000000', '8053586', 'Y', 21, 52, '2016-12-31 14:16:30', '2016-07-29 17:45:50'),
(858, 5, 44, 151, '3530501479460818', '2017-04-03', '2017-01-25', 'CNY', '50000000', '100000000', '24389217', 'Y', 49, 82, '2016-11-07 17:22:34', '2016-05-31 07:02:43'),
(861, 2, 66, 146, '3528093637439888', '2016-09-30', '2016-12-20', 'IDR', '50000000', '100000000', '2666251', 'Y', 9, 73, '2016-07-18 02:15:06', '2016-12-14 21:42:15'),
(863, 3, 50, 384, '493621872182825487', '2017-02-10', '2016-05-14', 'CNY', '50000000', '100000000', '14457722', 'Y', 48, 97, '2017-01-30 11:43:29', '2017-03-18 10:07:02'),
(864, 4, 37, 64, '6334968304981543', '2016-07-21', '2016-04-24', 'NPR', '50000000', '100000000', '10200947', 'Y', 88, 47, '2016-07-02 07:02:02', '2017-01-03 20:22:35'),
(866, 5, 8, 21, '6706996370098411712', '2016-06-07', '2016-08-22', 'CZK', '50000000', '100000000', '33576783', 'Y', 20, 68, '2016-05-15 07:52:47', '2016-07-08 23:01:45'),
(867, 4, 82, 304, '4905941755637803542', '2016-11-28', '2016-11-12', 'JPY', '50000000', '100000000', '71612336', 'Y', 16, 40, '2016-05-29 01:31:06', '2016-05-27 09:23:16'),
(868, 2, 52, 276, '3557921773799919', '2017-02-09', '2016-08-02', 'BYR', '50000000', '100000000', '34387901', 'Y', 17, 55, '2016-06-05 10:41:10', '2017-02-23 23:58:41'),
(870, 4, 61, 229, '3533809247549474', '2016-05-30', '2016-07-21', 'XOF', '50000000', '100000000', '37265461', 'Y', 59, 28, '2017-04-03 09:43:24', '2016-11-03 06:50:35'),
(872, 4, 13, 356, '4903253820222417', '2016-09-11', '2016-06-22', 'CNY', '50000000', '100000000', '77296105', 'Y', 21, 20, '2017-01-01 23:53:44', '2016-07-11 12:52:59'),
(874, 1, 79, 248, '5020674258587728629', '2016-07-01', '2017-02-21', 'EUR', '50000000', '100000000', '66738048', 'Y', 71, 50, '2016-07-19 00:41:50', '2016-10-19 16:05:02'),
(877, 1, 92, 71, '3586109015350965', '2017-03-13', '2016-09-07', 'JPY', '50000000', '100000000', '15181721', 'Y', 19, 6, '2016-09-19 09:57:03', '2016-09-19 08:01:41'),
(880, 2, 60, 211, '3584299473464796', '2016-06-14', '2017-01-11', 'BOB', '50000000', '100000000', '78614826', 'Y', 95, 28, '2016-11-16 09:49:37', '2016-08-20 17:18:42'),
(881, 3, 87, 77, '6304742130689253431', '2017-04-06', '2016-12-04', 'IDR', '50000000', '100000000', '80578990', 'Y', 81, 77, '2016-11-16 11:41:12', '2016-04-22 13:54:36'),
(882, 4, 54, 148, '5479486209788571', '2016-08-24', '2016-11-14', 'EGP', '50000000', '100000000', '8897658', 'Y', 95, 50, '2017-01-17 07:08:42', '2017-02-14 22:12:18'),
(885, 5, 18, 143, '3571051456503198', '2017-02-02', '2016-11-05', 'CNY', '50000000', '100000000', '93436567', 'Y', 42, 39, '2017-03-25 16:39:18', '2017-04-04 22:14:17'),
(887, 4, 80, 294, '4917551067991022', '2016-09-24', '2016-06-17', 'ARS', '50000000', '100000000', '66005310', 'Y', 14, 52, '2017-02-22 08:10:28', '2017-03-19 19:21:25'),
(888, 2, 29, 426, '3548329867773612', '2016-08-24', '2016-07-31', 'ZAR', '50000000', '100000000', '55602373', 'Y', 94, 14, '2016-09-17 00:20:55', '2016-12-29 13:36:14'),
(890, 4, 12, 156, '3560961746590826', '2016-12-17', '2016-08-05', 'IDR', '50000000', '100000000', '28586581', 'Y', 88, 67, '2016-05-15 20:34:04', '2016-07-03 06:31:49'),
(891, 4, 81, 76, '50185944860208652', '2017-02-25', '2017-03-05', 'NOK', '50000000', '100000000', '74809407', 'Y', 8, 98, '2016-05-13 19:28:44', '2016-05-13 23:35:19'),
(895, 5, 10, 24, '3549289803514554', '2016-07-24', '2016-08-17', 'EUR', '50000000', '100000000', '68090630', 'Y', 15, 41, '2017-01-09 19:41:24', '2016-09-29 21:25:47'),
(896, 2, 86, 61, '3552430019231039', '2016-11-21', '2016-04-29', 'MX', '50000000', '100000000', '68476708', 'Y', 28, 89, '2017-02-11 04:03:45', '2016-11-16 20:50:28'),
(897, 5, 12, 168, '3531277888431372', '2017-02-10', '2016-10-16', 'EUR', '50000000', '100000000', '34820581', 'Y', 46, 89, '2016-06-06 11:32:23', '2016-05-07 20:02:10'),
(898, 5, 34, 102, '3552003194197711', '2017-02-02', '2017-01-31', 'NG', '50000000', '100000000', '98950808', 'Y', 40, 86, '2017-01-09 16:17:15', '2016-11-10 23:00:08'),
(900, 1, 31, 224, '3560533897030645', '2016-11-30', '2017-03-12', 'SYP', '50000000', '100000000', '25668728', 'Y', 77, 51, '2016-11-13 23:05:46', '2016-09-23 09:45:43'),
(901, 1, 49, 201, '3559688847503613', '2016-12-13', '2016-07-26', 'PHP', '50000000', '100000000', '87750194', 'Y', 83, 78, '2017-04-06 14:57:27', '2016-10-16 17:19:36'),
(906, 3, 67, 450, '4917731003883273', '2016-05-05', '2016-06-07', 'IDR', '50000000', '100000000', '28172760', 'Y', 48, 71, '2017-01-02 12:40:25', '2016-05-05 02:23:41'),
(907, 3, 98, 26, '4185406024770925', '2017-01-08', '2016-06-18', 'ALL', '50000000', '100000000', '86151108', 'Y', 23, 49, '2016-12-17 18:19:58', '2017-03-01 20:16:21'),
(909, 4, 94, 156, '5314923113991312', '2017-01-28', '2016-05-07', 'BRL', '50000000', '100000000', '57242091', 'Y', 71, 68, '2017-01-06 23:53:16', '2017-01-31 10:18:17'),
(911, 4, 13, 20, '67716052471039664', '2016-06-12', '2017-02-05', 'EUR', '50000000', '100000000', '90025350', 'Y', 93, 40, '2017-01-21 21:59:52', '2017-01-28 12:48:51'),
(912, 2, 52, 315, '5602228761483856', '2016-05-14', '2016-07-03', 'THB', '50000000', '100000000', '2944380', 'Y', 53, 4, '2016-09-02 21:33:10', '2016-05-07 19:19:34'),
(916, 2, 48, 383, '5018406200018032', '2017-04-05', '2016-09-20', 'CNY', '50000000', '100000000', '48100533', 'Y', 43, 10, '2017-02-07 19:30:57', '2016-06-11 18:12:40'),
(917, 2, 13, 218, '3570929836155402', '2017-03-22', '2016-08-31', 'VEF', '50000000', '100000000', '1020773', 'Y', 18, 72, '2016-08-06 01:06:21', '2017-01-28 14:31:49'),
(918, 5, 90, 21, '3533829048324216', '2016-06-05', '2016-12-01', 'IDR', '50000000', '100000000', '80173788', 'Y', 38, 24, '2016-08-16 02:30:24', '2017-03-03 19:28:19'),
(923, 3, 32, 108, '3548260122455713', '2017-03-20', '2016-09-20', 'IDR', '50000000', '100000000', '28549822', 'Y', 11, 34, '2017-03-08 16:03:45', '2016-06-26 20:57:21'),
(927, 4, 4, 219, '3567494931218568', '2016-12-11', '2016-08-21', 'CNY', '50000000', '100000000', '9462253', 'Y', 44, 77, '2017-02-06 00:51:25', '2017-02-14 08:35:23'),
(928, 5, 56, 430, '201937819890096', '2016-07-11', '2017-01-28', 'USD', '50000000', '100000000', '15271226', 'Y', 79, 15, '2017-02-12 07:48:11', '2016-11-19 22:38:59'),
(933, 5, 42, 254, '3563010345750493', '2016-06-27', '2016-06-30', 'ALL', '50000000', '100000000', '5252763', 'Y', 19, 99, '2017-04-03 04:15:41', '2016-12-19 13:16:46'),
(935, 2, 99, 173, '5108754811104563', '2016-06-05', '2017-04-07', 'IDR', '50000000', '100000000', '9983849', 'Y', 52, 21, '2016-08-21 07:03:49', '2017-03-11 16:17:42'),
(937, 1, 80, 315, '3536120233013401', '2016-05-15', '2016-11-12', 'USD', '50000000', '100000000', '27978864', 'Y', 2, 20, '2016-06-28 10:13:28', '2017-02-15 22:38:22'),
(941, 5, 69, 284, '4026010831327029', '2016-09-01', '2017-01-20', 'PE', '50000000', '100000000', '85660449', 'Y', 73, 54, '2016-09-29 05:01:04', '2016-06-09 07:16:45'),
(942, 5, 11, 302, '633349852350234219', '2017-04-05', '2017-01-07', 'CNY', '50000000', '100000000', '25466130', 'Y', 32, 89, '2016-09-03 14:21:20', '2016-12-09 22:53:42'),
(943, 4, 71, 212, '372301310332046', '2017-03-23', '2017-03-26', 'PE', '50000000', '100000000', '73780726', 'Y', 24, 6, '2016-12-05 14:32:03', '2016-12-07 20:03:00'),
(944, 5, 61, 430, '4911173629982773', '2017-02-21', '2016-11-07', 'CNY', '50000000', '100000000', '29501016', 'Y', 68, 76, '2016-12-10 09:09:52', '2016-08-14 11:41:15'),
(945, 4, 96, 315, '3537616565793048', '2017-04-15', '2016-05-15', 'BRL', '50000000', '100000000', '39787155', 'Y', 29, 68, '2016-10-16 19:23:37', '2017-03-25 16:39:34'),
(949, 1, 33, 260, '6331107048883938', '2016-12-09', '2016-09-15', 'CNY', '50000000', '100000000', '16655254', 'Y', 92, 30, '2016-09-05 21:10:34', '2016-10-10 11:13:29'),
(950, 3, 16, 88, '6759773533086841', '2016-04-28', '2016-07-29', 'BDT', '50000000', '100000000', '15821594', 'Y', 27, 29, '2016-12-26 02:25:45', '2017-03-10 04:43:11'),
(951, 2, 45, 339, '3539645640673360', '2016-05-20', '2016-12-21', 'CNY', '50000000', '100000000', '91475938', 'Y', 49, 31, '2017-04-15 17:57:11', '2016-08-10 20:14:55'),
(953, 2, 14, 328, '676211746027916147', '2017-01-03', '2017-01-05', 'IDR', '50000000', '100000000', '61631827', 'Y', 95, 36, '2016-08-13 21:40:30', '2016-11-24 18:31:04'),
(954, 1, 10, 136, '3561042886864690', '2016-07-06', '2016-09-02', 'PHP', '50000000', '100000000', '7258718', 'Y', 44, 73, '2016-09-27 05:56:16', '2016-10-20 10:24:03'),
(955, 1, 73, 397, '4026770566283396', '2017-01-20', '2016-05-08', 'CNY', '50000000', '100000000', '91213842', 'Y', 25, 60, '2017-01-28 06:09:58', '2016-05-25 02:18:49'),
(956, 1, 4, 122, '6331104346581771602', '2016-04-21', '2016-07-24', 'IDR', '50000000', '100000000', '87646981', 'Y', 38, 86, '2016-06-13 04:39:17', '2016-10-08 05:24:21'),
(957, 1, 91, 243, '3548667824707243', '2017-03-09', '2016-10-04', 'BRL', '50000000', '100000000', '5836260', 'Y', 26, 38, '2016-06-23 20:05:01', '2016-07-29 01:38:46'),
(962, 1, 28, 473, '3564510117012377', '2016-09-12', '2016-08-15', 'USD', '50000000', '100000000', '87067527', 'Y', 36, 74, '2017-02-15 13:42:03', '2016-08-06 11:23:25'),
(963, 5, 4, 320, '5282968170022822', '2017-02-04', '2016-08-21', 'AUD', '50000000', '100000000', '13197176', 'Y', 3, 95, '2016-12-10 10:22:30', '2016-11-05 17:54:35'),
(965, 4, 23, 79, '6759141440550889', '2017-02-26', '2016-10-15', 'RUB', '50000000', '100000000', '45841582', 'Y', 26, 3, '2016-10-24 19:30:01', '2016-07-08 05:50:52'),
(966, 5, 90, 232, '5602237266866161201', '2016-09-26', '2016-10-07', 'IDR', '50000000', '100000000', '14352168', 'Y', 56, 10, '2017-02-01 20:26:16', '2016-06-28 22:41:12'),
(969, 3, 9, 366, '3544191675311769', '2016-08-25', '2016-07-25', 'PE', '50000000', '100000000', '99404666', 'Y', 33, 35, '2016-12-10 02:16:51', '2016-07-06 20:15:56'),
(973, 1, 31, 483, '3544431370212593', '2017-03-03', '2017-01-16', 'CNY', '50000000', '100000000', '60366861', 'Y', 1, 57, '2016-07-27 16:35:54', '2016-09-23 15:17:09'),
(975, 2, 51, 43, '374288534946461', '2016-05-12', '2016-04-20', 'CNY', '50000000', '100000000', '96077638', 'Y', 68, 96, '2017-04-07 08:48:39', '2016-08-03 09:26:38'),
(980, 4, 25, 386, '3580339541776815', '2016-06-24', '2016-11-24', 'CNY', '50000000', '100000000', '57984100', 'Y', 97, 74, '2017-03-22 23:00:38', '2017-02-24 07:22:24'),
(981, 5, 44, 154, '3550692886961806', '2016-07-12', '2016-08-30', 'RUB', '50000000', '100000000', '50667394', 'Y', 95, 68, '2016-04-27 19:37:51', '2017-02-02 13:09:16'),
(986, 2, 36, 17, '3536681579909718', '2016-11-24', '2016-08-29', 'PL', '50000000', '100000000', '27347310', 'Y', 15, 10, '2016-09-06 14:24:25', '2017-02-25 01:03:27'),
(989, 1, 30, 436, '63047851359257366', '2017-04-03', '2016-11-04', 'HNL', '50000000', '100000000', '8940556', 'Y', 70, 91, '2016-05-06 17:48:06', '2016-11-29 05:27:12'),
(991, 1, 12, 480, '3547491689693260', '2016-10-16', '2017-04-09', 'VND', '50000000', '100000000', '63213323', 'Y', 92, 80, '2016-08-30 07:07:58', '2016-09-02 16:22:01'),
(992, 3, 81, 202, '5602252132610930', '2017-02-12', '2016-11-28', 'CNY', '50000000', '100000000', '1158876', 'Y', 40, 59, '2017-01-27 09:29:52', '2016-12-18 11:49:14'),
(993, 2, 80, 368, '4041592154082', '2017-02-03', '2016-10-16', 'SAR', '50000000', '100000000', '3342926', 'Y', 100, 55, '2017-02-05 03:10:28', '2017-01-28 21:43:31'),
(994, 3, 57, 58, '3538639019025154', '2016-11-24', '2017-03-01', 'PHP', '50000000', '100000000', '52488822', 'Y', 87, 51, '2017-02-16 19:18:45', '2016-10-07 11:50:59'),
(997, 5, 61, 52, '3565748042056890', '2016-12-06', '2016-11-09', 'RUB', '50000000', '100000000', '77138198', 'Y', 52, 73, '2016-06-01 22:23:36', '2017-02-09 18:52:20'),
(998, 3, 68, 370, '201524643135243', '2017-02-13', '2017-01-26', 'USD', '50000000', '100000000', '18232576', 'Y', 85, 15, '2016-09-20 01:57:35', '2016-08-17 06:37:58'),
(999, 2, 17, 36, '4903703278958441530', '2016-09-25', '2017-01-04', 'KRW', '50000000', '100000000', '45961996', 'Y', 76, 72, '2016-12-16 14:40:15', '2016-11-18 10:16:34'),
(1000, 1, 23, 11, '3542423738215675', '2017-01-07', '2016-06-15', 'HUF', '50000000', '100000000', '47646019', 'Y', 68, 100, '2017-01-08 03:26:38', '2017-02-28 03:39:24');

-- --------------------------------------------------------

--
-- Table structure for table `account_type`
--

CREATE TABLE `account_type` (
  `idACCOUNT_TYPE` int(11) NOT NULL,
  `Name` varchar(155) DEFAULT NULL,
  `MinBal` decimal(10,0) DEFAULT NULL,
  `MaxBal` decimal(10,0) DEFAULT NULL,
  `Status` varchar(15) DEFAULT NULL,
  `Created_by` int(11) DEFAULT NULL,
  `Last_update_by` int(11) DEFAULT NULL,
  `Create_date` datetime DEFAULT NULL,
  `Last_update_date` datetime DEFAULT NULL
) ENGINE=InnoDB DEFAULT CHARSET=utf8;

--
-- Dumping data for table `account_type`
--

INSERT INTO `account_type` (`idACCOUNT_TYPE`, `Name`, `MinBal`, `MaxBal`, `Status`, `Created_by`, `Last_update_by`, `Create_date`, `Last_update_date`) VALUES
(1, 'mastercard', '50000', '50000000', 'Y', 25, 42, '2016-08-04 19:39:36', '2016-07-11 18:26:34'),
(2, 'china-unionpay', '100000', '100000000', 'Y', 23, 54, '2016-08-26 16:14:08', '2017-03-17 12:03:02'),
(3, 'switch', '50000', '50000000', 'Y', 32, 87, '2016-05-12 02:05:24', '2016-12-14 00:11:00'),
(4, 'jcb', '50000', '10000000', 'Y', 97, 37, '2017-03-02 22:03:48', '2016-08-06 18:03:51'),
(5, 'americanexpress', '50000', '100000000', 'Y', 38, 76, '2016-10-07 11:49:50', '2017-04-15 19:49:37'),
(6, 'instapayment', '50000', '100000000', 'Y', 93, 64, '2016-10-02 11:03:45', '2017-04-08 02:39:33'),
(7, 'laser', '50000', '50000000', 'Y', 93, 64, '2016-10-02 11:03:45', '2017-04-08 02:39:33');

-- --------------------------------------------------------

--
-- Table structure for table `branch`
--

CREATE TABLE `branch` (
  `idBranch` int(11) NOT NULL,
  `idOWNER` int(11) NOT NULL,
  `Name` varchar(150) DEFAULT NULL,
  `Address` varchar(255) DEFAULT NULL,
  `Phone` varchar(15) DEFAULT NULL,
  `Fax` varchar(20) DEFAULT NULL,
  `created_by` int(11) DEFAULT NULL,
  `last_update_by` int(11) DEFAULT NULL,
  `created_date` datetime DEFAULT NULL,
  `last_update_date` datetime DEFAULT NULL
) ENGINE=InnoDB DEFAULT CHARSET=utf8;

--
-- Dumping data for table `branch`
--

INSERT INTO `branch` (`idBranch`, `idOWNER`, `Name`, `Address`, `Phone`, `Fax`, `created_by`, `last_update_by`, `created_date`, `last_update_date`) VALUES
(1, 3, 'Liberta', '902 Lakewood Drive', '787274956', '690551697', 2, 7, '2016-06-29 21:43:33', '2016-11-05 00:12:56'),
(2, 2, 'Vozuca', '2591 Butterfield Plaza', '336071181', '716788587', 5, 6, '2016-06-08 12:48:34', '2016-05-12 10:43:33'),
(3, 1, 'Marseille', '2978 Katie Alley', '965755287', '700865765', 5, 2, '2016-09-05 19:51:33', '2017-01-12 00:44:13'),
(4, 2, 'Strizhi', '634 Village Place', '704139486', '282494587', 5, 1, '2016-06-11 08:10:43', '2016-12-12 07:08:54'),
(5, 3, 'Banjar Berata', '74 Manitowish Place', '866240072', '973756115', 7, 6, '2016-10-08 23:04:04', '2017-02-23 10:33:20'),
(6, 2, 'Fezna', '00 Delladonna Road', '766471161', '901118533', 8, 3, '2017-01-29 21:22:24', '2016-11-11 19:54:54'),
(7, 3, 'Fs', '75613 Arrowood Terrace', '441855786', '878328979', 7, 1, '2017-01-26 20:18:24', '2016-09-27 14:29:44'),
(8, 2, 'Cangsha', '583 Melby Place', '119762300', '473041469', 3, 4, '2016-06-18 10:59:19', '2016-11-09 23:50:58'),
(9, 1, 'Sabana Grande de Boy', '2531 Stuart Plaza', '709005594', '522679417', 1, 6, '2016-06-10 10:55:10', '2016-07-26 05:30:02'),
(10, 3, 'Chacapalpa', '278 Marquette Hill', '388809317', '312277766', 8, 5, '2016-10-02 02:20:21', '2016-12-30 19:48:42'),
(11, 3, 'Kertasari', '377 Crest Line Trail', '615436788', '319513050', 8, 9, '2016-08-20 22:16:04', '2016-09-25 17:21:55'),
(12, 3, 'Xinmi', '28579 Transport Court', '675114085', '358987429', 2, 4, '2016-06-06 18:26:46', '2016-08-24 01:09:07'),
(13, 3, 'Paseh', '253 Becker Park', '912091333', '231754435', 1, 5, '2016-07-21 07:03:49', '2017-03-03 03:24:21'),
(14, 3, 'Noormarkku', '38355 Kim Drive', '879499813', '615466947', 4, 6, '2016-11-19 06:44:09', '2016-10-19 10:32:54'),
(15, 1, 'Ningyua', '50999 Pond Circle', '361311627', '889643556', 6, 9, '2016-09-07 09:06:47', '2017-03-26 23:09:26'),
(16, 3, 'Sanhe', '8108 Comanche Pass', '252218677', '408958712', 7, 3, '2016-05-26 09:21:21', '2016-11-19 23:03:08'),
(17, 2, 'deshg', '12 Delaware Place', '603381895', '397700025', 2, 8, '2016-10-11 11:54:30', '2017-04-04 07:38:00'),
(18, 1, 'Kotabaru Hilir', '01 Maryland Way', '910159632', '604440560', 10, 2, '2016-08-10 23:06:57', '2016-06-09 15:00:52'),
(19, 3, 'Oslo', '9705 Michigan Crossing', '476511132', '953927002', 9, 10, '2016-06-14 07:21:21', '2017-01-20 19:19:39'),
(20, 3, 'Strellc i Eprm', '618 Del Mar Alley', '478323521', '143559638', 5, 5, '2016-05-11 15:08:08', '2016-11-12 16:50:55'),
(21, 3, 'Albio', '9 Northwestern Parkway', '835690278', '873903186', 3, 1, '2016-12-10 18:54:35', '2016-11-26 12:27:37'),
(22, 1, 'Tabasalu', '99 Hovde Place', '309380951', '508473554', 4, 3, '2017-02-19 02:09:08', '2017-03-30 03:39:04'),
(23, 2, 'Bacnar', '49 Browning Road', '762913455', '198573713', 9, 3, '2016-06-25 05:02:02', '2016-12-17 09:15:01'),
(24, 2, 'Tsagaanders', '420 Tennyson Center', '685636272', '503106725', 7, 2, '2017-03-17 17:55:47', '2016-07-22 04:29:23'),
(25, 2, 'Rejoyoso', '3040 Packers Avenue', '564496451', '808200217', 3, 7, '2016-08-02 12:28:56', '2016-09-10 23:29:54'),
(26, 1, 'Bojong', '1 Prairie Rose Avenue', '521659162', '625671533', 9, 2, '2017-03-20 20:50:08', '2016-08-29 13:03:51'),
(27, 3, 'Chegutu', '6642 Hoard Junctio', '348155673', '673437499', 1, 8, '2016-10-12 18:05:39', '2016-11-19 19:32:12'),
(28, 3, 'Roissy Charles-de-Gaulle', '20 Clyde Gallagher Drive', '277994046', '509263854', 9, 5, '2017-04-04 17:58:01', '2016-08-13 11:00:09'),
(29, 2, 'Kiruna', '7 Melrose Way', '667468582', '590849489', 2, 7, '2016-06-28 01:55:42', '2016-11-22 11:42:52'),
(30, 3, 'Circa', '68172 Stone Corner Street', '488970945', '978933623', 1, 4, '2017-01-21 10:16:51', '2017-02-18 17:44:06'),
(31, 1, 'Uberlndia', '3112 Esker Trail', '225218656', '120092334', 3, 3, '2016-04-23 15:20:56', '2016-05-10 02:39:27'),
(32, 3, 'Leide', '4601 Ruskin Road', '182561752', '226755289', 7, 5, '2016-08-11 05:54:33', '2016-08-20 00:10:52'),
(33, 3, 'Ube', '7743 Waxwing Court', '887637722', '556883746', 1, 10, '2016-08-26 21:49:39', '2016-11-30 09:14:05'),
(34, 1, 'Yajiang', '96 Nevada Pass', '430958142', '904776105', 8, 2, '2017-01-02 15:26:32', '2017-03-19 21:48:18'),
(35, 1, 'Yingla', '882 High Crossing Lane', '126304702', '472880585', 1, 1, '2016-06-20 23:38:40', '2016-12-08 08:22:36'),
(36, 1, 'Hengjiang', '6344 Forest Dale Court', '773248002', '996730470', 7, 3, '2016-06-12 11:44:50', '2017-01-11 22:38:16'),
(37, 2, 'Spnga', '862 Kropf Plaza', '999338072', '768231217', 4, 9, '2016-08-10 08:32:41', '2016-09-17 23:55:12'),
(38, 3, 'Wuku', '18 Canary Crossing', '300834564', '724172875', 6, 9, '2016-06-02 18:15:44', '2017-01-15 01:06:34'),
(39, 2, 'Bustonqala', '9442 Mendota Terrace', '256854438', '591208095', 5, 9, '2016-08-25 07:51:49', '2016-11-09 01:18:07'),
(40, 2, 'Sanxi', '46639 Katie Road', '501335971', '540734838', 10, 6, '2016-11-10 10:03:07', '2016-06-29 23:31:35'),
(41, 1, 'Pacira', '815 Sauthoff Point', '424311738', '261718446', 7, 3, '2017-04-10 18:50:51', '2016-12-26 15:34:03'),
(42, 3, 'Phonsava', '9542 Jana Pass', '763471234', '850159512', 1, 5, '2016-11-08 20:47:17', '2016-04-29 03:18:43'),
(43, 1, 'Gllivare', '67273 Farragut Drive', '322176771', '496208467', 6, 2, '2017-03-09 10:54:39', '2016-12-16 04:12:56'),
(44, 2, 'Loreto', '2497 Hazelcrest Parkway', '393745857', '646437639', 3, 9, '2016-06-02 21:37:25', '2016-11-03 23:44:33'),
(45, 1, 'Arrentela', '3 Hazelcrest Avenue', '588304080', '394575295', 9, 6, '2017-01-10 07:32:48', '2016-07-25 09:58:00'),
(46, 1, 'Zhongfa', '6403 Pond Point', '277835366', '957689655', 7, 5, '2016-10-31 06:14:38', '2017-03-11 06:28:43'),
(47, 1, 'Son', '39 Fordem Point', '953513478', '915428711', 1, 6, '2016-11-05 06:36:02', '2016-12-28 15:24:20'),
(48, 1, 'Baih', '5152 Dunning Avenue', '360330590', '324932906', 4, 2, '2016-12-22 23:29:01', '2016-09-28 11:32:38'),
(49, 2, 'Cop', '8874 Merchant Junctio', '862866722', '600400456', 2, 10, '2017-01-25 10:00:00', '2017-01-05 02:31:26'),
(50, 1, 'Guagua', '4036 Longview Terrace', '371929229', '497991935', 6, 1, '2016-05-19 03:12:28', '2016-04-28 19:07:33'),
(51, 1, 'Ciparay', '62 Barby Park', '115425070', '781568371', 3, 8, '2016-11-22 01:19:13', '2016-11-13 12:46:18'),
(52, 2, 'Wangmeng', '91 Doe Crossing Alley', '817707686', '778805714', 7, 1, '2017-01-01 02:31:32', '2016-11-08 01:14:10'),
(53, 2, 'Miami', '4469 Sugar Point', '957410373', '474873448', 1, 3, '2016-07-02 07:24:21', '2017-03-30 01:37:50'),
(54, 2, 'Nanling', '9 Morningstar Place', '555533904', '736938449', 7, 7, '2016-09-17 08:08:41', '2016-09-06 18:02:27'),
(55, 3, 'Volodarka', '63 High Crossing Trail', '171775715', '684090839', 3, 4, '2016-07-01 08:35:37', '2016-09-15 00:16:07'),
(56, 1, 'Ban Phaeo', '3838 Luster Way', '998169970', '282054572', 7, 5, '2016-11-24 03:49:53', '2016-09-03 12:35:58'),
(57, 3, 'Karangsari', '9151 Jenna Terrace', '399803074', '357136048', 10, 5, '2016-10-25 08:13:22', '2016-07-07 12:44:28'),
(58, 3, 'Bani Mazar', '7 Canary Drive', '988196385', '345000556', 3, 8, '2016-08-18 23:25:39', '2017-02-14 18:31:00'),
(59, 1, 'Watsa', '7899 Wayridge Crossing', '948604114', '330033028', 5, 10, '2016-12-29 14:43:02', '2016-10-27 17:18:17'),
(60, 3, 'Turbo', '1835 Carpenter Drive', '204141910', '911860780', 7, 9, '2016-06-04 17:57:16', '2016-12-11 23:08:59'),
(61, 2, 'Bolnisi', '1675 Loeprich Crossing', '171362653', '797003001', 1, 1, '2016-05-30 13:49:56', '2016-12-27 00:41:56'),
(62, 1, 'Kochani', '14 Merry Terrace', '659130664', '914228365', 7, 8, '2016-11-15 13:23:45', '2016-08-03 00:58:32'),
(63, 2, 'Otaclio Costa', '12558 Ludington Crossing', '457838238', '442591352', 5, 6, '2016-12-16 03:14:20', '2016-12-26 21:38:41'),
(64, 2, 'Unio dos Palmares', '4 Hallows Drive', '744947586', '872512560', 3, 5, '2016-04-29 02:44:12', '2016-10-19 11:30:15'),
(65, 2, 'Malapaubhara', '67 Oxford Trail', '414391686', '828622890', 4, 9, '2016-04-29 13:37:13', '2016-08-02 19:00:08'),
(66, 2, 'Khost', '4 Nelson Alley', '354322683', '299387308', 4, 6, '2016-12-19 02:27:56', '2016-09-22 14:29:34'),
(67, 2, 'Nasilava', '76 Lyons Hill', '484396649', '937211025', 6, 2, '2016-05-03 14:21:20', '2016-07-02 21:55:00'),
(68, 3, 'Melaka', '4 Arrowood Avenue', '702326205', '911795398', 3, 5, '2016-12-16 07:11:08', '2017-03-31 19:04:18'),
(69, 2, 'Santa Cruz', '993 Bellgrove Drive', '560968871', '852278021', 1, 9, '2016-07-31 19:50:07', '2016-09-24 21:37:57'),
(70, 2, 'Wichita', '54 Hollow Ridge Place', '118487414', '782974443', 7, 6, '2016-07-27 20:33:42', '2016-05-18 03:31:42'),
(71, 3, 'Kontiolahti', '14574 Loeprich Plaza', '716852173', '842890190', 3, 8, '2017-04-03 05:09:07', '2016-11-28 08:41:31'),
(72, 2, 'Sawahrandu', '523 Melby Court', '128634674', '201897050', 10, 3, '2017-03-14 20:20:24', '2017-02-09 19:48:07'),
(73, 2, 'San Mariano', '0 Warrior Hill', '691882416', '582624798', 3, 1, '2016-07-19 18:29:27', '2016-04-24 18:27:43'),
(74, 3, 'Presidencia Roque Senz Pea', '65977 Everett Court', '928136726', '541652983', 10, 6, '2017-01-30 13:33:25', '2016-09-04 00:22:42'),
(75, 2, 'Rijau', '13 Nelson Alley', '485396565', '820931589', 9, 3, '2016-10-25 12:52:17', '2016-07-12 12:36:03'),
(76, 1, 'Megulung', '73 Dayton Parkway', '507417851', '586192997', 3, 4, '2016-11-16 14:31:38', '2017-01-01 02:23:25'),
(77, 3, 'Novi Vinodolski', '404 Vernon Drive', '651969712', '775653594', 9, 3, '2017-02-05 19:59:58', '2016-10-02 00:39:04'),
(78, 3, 'Baiyanghe', '31831 Gulseth Circle', '580940869', '325232004', 10, 10, '2016-06-24 09:34:35', '2016-06-27 16:43:07'),
(79, 3, 'Marondera', '2 Kensington Park', '763722244', '131479546', 9, 8, '2016-08-10 16:12:23', '2016-12-01 08:15:34'),
(80, 3, 'Chadiza', '634 Sherman Crossing', '181733326', '928857696', 6, 7, '2016-10-24 06:16:43', '2017-01-20 19:34:39'),
(81, 3, 'Etten-Leur', '81551 Ramsey Plaza', '126625148', '455893310', 5, 7, '2017-04-15 08:30:29', '2016-05-31 23:34:45'),
(82, 3, 'Seren Barat', '66 Elmside Place', '406055957', '461730897', 8, 6, '2017-02-18 20:26:56', '2016-05-28 10:03:16'),
(83, 2, 'Heze', '7 Butterfield Parkway', '755594117', '171458172', 9, 10, '2016-12-10 15:23:18', '2016-11-27 01:35:20'),
(84, 2, 'Sidrolndia', '5 Burning Wood Place', '622323705', '559117068', 10, 1, '2016-05-30 11:58:44', '2017-02-23 22:24:50'),
(85, 2, 'Paiandu', '3277 Roth Junctio', '727750486', '295589361', 4, 4, '2016-10-18 11:37:26', '2016-09-19 13:29:03'),
(86, 3, 'Shuitou', '82181 Northwestern Terrace', '257290878', '950573981', 6, 8, '2016-08-09 21:03:36', '2016-12-12 02:27:43'),
(87, 1, 'Sobreira', '2 Ohio Lane', '784200983', '996436829', 10, 4, '2016-12-08 17:26:31', '2017-01-28 07:52:39'),
(88, 3, 'Lanxi', '49 Schurz Point', '272553795', '697234383', 6, 9, '2016-06-27 10:29:34', '2016-12-07 21:25:20'),
(89, 1, 'Kalia', '86340 Walton Street', '800458403', '875555499', 7, 3, '2017-01-27 23:27:51', '2016-10-03 23:54:11'),
(90, 1, 'Denver', '108 Center Drive', '609012199', '773389405', 3, 8, '2017-01-20 09:14:23', '2016-04-28 17:46:57'),
(91, 3, 'Saint-Joseph-de-Coleraine', '46382 Westerfield Lane', '645047848', '285832036', 7, 2, '2017-03-23 13:34:15', '2016-12-14 09:31:23'),
(92, 2, 'Podol', '5 Village Alley', '331785626', '903967893', 1, 3, '2016-04-26 18:31:40', '2017-02-15 17:03:15'),
(93, 2, 'Tentgal', '4 Melrose Parkway', '697877000', '678224110', 6, 2, '2017-03-01 18:36:49', '2016-05-08 07:10:50'),
(94, 3, 'Angkahgede', '5 Jana Circle', '586019574', '335931670', 10, 2, '2017-01-01 19:05:08', '2016-06-24 10:52:29'),
(95, 1, 'Parakanpanjang', '9 Steensland Avenue', '692321960', '576473533', 1, 6, '2016-10-19 22:49:08', '2016-06-16 04:54:39'),
(96, 3, 'Talhar', '68372 Chinook Trail', '596134292', '123391961', 3, 5, '2017-01-06 17:08:30', '2016-12-11 19:01:13'),
(97, 1, 'Sumberbening', '88160 Talmadge Pass', '358983000', '742440345', 1, 10, '2017-01-30 04:17:28', '2016-05-10 16:34:09'),
(98, 2, 'Ishm', '81 Jay Terrace', '273698654', '521690157', 3, 2, '2016-06-15 02:14:18', '2016-12-05 14:59:36'),
(99, 1, 'Santana do Paraso', '41044 Shoshone Trail', '548234270', '925502811', 2, 10, '2016-09-13 08:56:15', '2017-02-18 11:07:55'),
(100, 3, 'Mendoza', '38962 Spaight Drive', '648377210', '728356342', 10, 1, '2016-06-06 12:32:46', '2017-04-16 14:41:42');

-- --------------------------------------------------------

--
-- Table structure for table `customer`
--

CREATE TABLE `customer` (
  `idCUSTOMER` int(11) NOT NULL,
  `idBranch` int(11) NOT NULL,
  `Name` varchar(55) DEFAULT NULL,
  `Address` varchar(255) DEFAULT NULL,
  `Birthday` date DEFAULT NULL,
  `Sex` varchar(5) DEFAULT NULL,
  `Phone` varchar(15) DEFAULT NULL,
  `Fax` varchar(20) DEFAULT NULL,
  `Email` varchar(45) DEFAULT NULL,
  `ID_NUMBER` varchar(25) DEFAULT NULL,
  `ID_DATE` date DEFAULT NULL,
  `ID_PLACE` varchar(155) DEFAULT NULL,
  `Status` varchar(15) DEFAULT NULL,
  `Created_by` int(11) DEFAULT NULL,
  `Last_update_by` int(11) DEFAULT NULL,
  `Created_date` datetime DEFAULT NULL,
  `Last_update_date` datetime DEFAULT NULL
) ENGINE=InnoDB DEFAULT CHARSET=utf8;

--
-- Dumping data for table `customer`
--

INSERT INTO `customer` (`idCUSTOMER`, `idBranch`, `Name`, `Address`, `Birthday`, `Sex`, `Phone`, `Fax`, `Email`, `ID_NUMBER`, `ID_DATE`, `ID_PLACE`, `Status`, `Created_by`, `Last_update_by`, `Created_date`, `Last_update_date`) VALUES
(1, 22, 'Jason Palmer', '8 Mallard Way', '1993-01-19', 'Male', '227714513', '453135363', 'jpalmer0@sina.com.c', '8045650444', '1992-01-08', 'Buenavista', 'Y', 47, 49, '2017-03-14 20:57:04', '2016-07-16 09:34:31'),
(2, 81, 'Jerry Parker', '18094 Little Fleur Center', '1964-07-26', 'Male', '825466303', '186372403', 'jparker1@arstechnica.com', '9020879320', '1991-04-29', 'Tlutup', 'Y', 12, 88, '2016-07-16 00:29:31', '2016-08-04 21:04:02'),
(3, 51, 'Fred West', '437 Schiller Alley', '1991-08-02', 'Male', '863052907', '417352452', 'fwest2@yahoo.com', '6080338184', '1997-01-08', 'Hualong', 'Y', 12, 48, '2016-09-01 21:57:02', '2016-07-23 12:47:31'),
(4, 72, 'Andrew Knight', '74568 Di Loreto Alley', '1993-07-16', 'Male', '144453908', '313277464', 'aknight7@hp.com', '8690669883', '1998-02-22', 'Avellaneda', 'Y', 76, 21, '2016-11-09 07:35:55', '2017-01-09 08:54:13'),
(5, 16, 'Joe Cook', '65716 Donald Drive', '1985-03-25', 'Male', '261187322', '492967295', 'jcook8@flavors.me', '5283412375', '1995-06-05', 'Jackso', 'Y', 99, 71, '2017-02-01 08:22:43', '2016-06-18 02:54:34'),
(6, 57, 'Aaron Ellis', '60348 Luster Junctio', '1985-10-04', 'Male', '753761748', '492479511', 'aellis9@hatena.ne.jp', '2689428494', '1992-04-12', 'Gambela', 'Y', 58, 42, '2016-06-14 08:10:38', '2016-07-12 23:32:21'),
(7, 14, 'Victor Rogers', '90 Rigney Point', '1966-12-07', 'Male', '791245116', '743753066', 'vrogersc@devhub.com', '7111284901', '1998-07-31', 'Stockholm', 'Y', 33, 91, '2016-11-25 12:01:15', '2016-06-23 06:05:10'),
(8, 33, 'Anthony Gutierrez', '5 Wayridge Circle', '1987-02-27', 'Male', '141603539', '702604763', 'agutierrezd@thetimes.co.uk', '9845310536', '1999-05-28', 'Brdw', 'Y', 19, 36, '2016-09-14 02:04:43', '2016-12-21 13:54:44'),
(9, 53, 'Fred Roberts', '639 Debra Way', '1980-02-13', 'Male', '179323065', '863343264', 'frobertsf@whitehouse.v', '6479202664', '1999-09-04', 'Tsurusaki', 'Y', 34, 97, '2017-01-26 08:08:11', '2017-02-09 07:24:38'),
(10, 71, 'Matthew Hanse', '4 Muir Crossing', '1974-04-07', 'Male', '926593852', '423565717', 'mhanseng@europa.eu', '2505428637', '1999-10-09', 'Muruni', 'Y', 58, 13, '2016-09-18 00:16:17', '2016-06-28 13:18:36'),
(11, 62, 'Scott Garcia', '68450 Nobel Place', '1978-03-10', 'Male', '748870176', '262925932', 'sgarciai@theatlantic.com', '6735094634', '1991-03-02', 'Palhais', 'Y', 85, 83, '2016-09-21 23:31:39', '2016-05-02 07:23:27'),
(12, 95, 'Albert Reynolds', '595 Mendota Lane', '1971-03-02', 'Male', '961754298', '612788446', 'areynoldsk@ogle.pl', '9911433750', '1990-04-26', 'Chyzne', 'Y', 3, 73, '2016-07-02 07:56:23', '2016-05-30 08:50:52'),
(13, 33, 'Nicholas George', '8 Fallview Street', '1994-09-05', 'Male', '947589058', '357128550', 'ngeorgel@squarespace.com', '3883025790', '1997-05-08', 'Otaslavice', 'Y', 18, 24, '2016-12-23 05:58:06', '2016-09-27 07:11:31'),
(14, 62, 'Steve Diaz', '0 Melvin Place', '1968-07-13', 'Male', '868902987', '126133531', 'sdiazp@jugem.jp', '4570669260', '1993-06-10', 'Xinxi', 'Y', 46, 29, '2016-08-20 01:26:13', '2016-06-27 06:07:17'),
(15, 37, 'Todd Smith', '90736 Arizona Street', '1997-12-28', 'Male', '632239835', '255734483', 'tsmithr@admin.ch', '1756721169', '1998-06-12', 'Kenscoff', 'Y', 2, 29, '2016-05-03 00:01:08', '2017-01-14 10:36:56'),
(16, 53, 'Ryan Gardner', '749 Doe Crossing Parkway', '1966-02-04', 'Male', '393900952', '376318357', 'rgardnerw@wix.com', '3053285117', '1998-10-17', 'Chocianw', 'Y', 6, 14, '2016-11-08 18:35:34', '2016-06-20 20:34:14'),
(17, 29, 'Edward Gilbert', '406 Schiller Place', '1997-04-21', 'Male', '953468753', '583060591', 'egilbert11@china.com.c', '4804630136', '1998-12-18', 'Anping', 'Y', 1, 2, '2016-06-28 06:52:38', '2016-10-25 04:18:09'),
(18, 7, 'Ernest Williams', '5436 Prairieview Pass', '1987-05-05', 'Male', '926136504', '951624562', 'ewilliams12@aboutads.info', '3226256048', '2000-03-03', 'Dongsheng', 'Y', 66, 61, '2016-05-15 12:29:48', '2017-01-03 17:01:28'),
(19, 71, 'Anthony Payne', '7617 Hallows Park', '1983-03-30', 'Male', '505956614', '717406789', 'apayne17@un.org', '7273236723', '1995-07-21', 'Kirkland', 'Y', 22, 18, '2016-05-23 12:18:50', '2016-05-12 19:59:26'),
(20, 86, 'Jerry Baker', '8 Donald Court', '1964-01-25', 'Male', '311427941', '849065190', 'jbaker1b@npr.org', '6977781851', '1995-04-06', 'Khanpur', 'Y', 8, 54, '2016-04-21 06:53:10', '2016-09-29 16:19:10'),
(21, 24, 'Roy Rodriguez', '08 Summerview Place', '1996-07-02', 'Male', '554702853', '357803287', 'rrodriguez1c@tripod.com', '4774210039', '2000-03-07', 'Jiuxia', 'Y', 43, 12, '2017-01-13 13:05:47', '2016-05-31 13:21:44'),
(22, 64, 'Bobby Harris', '9849 6th Circle', '1978-02-07', 'Male', '905698322', '756142649', 'bharris1e@taobao.com', '6940413857', '1997-11-22', 'Laiyang', 'Y', 65, 33, '2016-07-28 17:00:02', '2016-06-09 22:33:12'),
(23, 56, 'Willie Graham', '6344 Buena Vista Trail', '1969-12-29', 'Male', '345509990', '405044793', 'wgraham1g@stanford.edu', '8585968417', '1993-03-03', 'Tenkodo', 'Y', 39, 79, '2016-12-01 06:12:46', '2017-02-27 01:58:23'),
(24, 75, 'Chris Fernandez', '17240 Glendale Pass', '1993-02-06', 'Male', '124839538', '518007671', 'cfernandez1h@hc360.com', '7143322629', '1995-05-12', 'Huzhou', 'Y', 54, 46, '2016-06-12 21:20:36', '2016-08-18 15:23:28'),
(25, 35, 'Timothy Webb', '34647 Bultman Way', '1986-10-01', 'Male', '170554904', '222245218', 'twebb1j@fda.v', '3585207069', '1997-08-21', 'Krasnyy Oktyabr', 'Y', 42, 38, '2016-07-29 16:25:55', '2017-02-18 23:50:30'),
(26, 14, 'Charles Ray', '835 Atwood Point', '1978-05-25', 'Male', '534861584', '914052027', 'cray1k@joomla.org', '5418377340', '1999-05-04', 'Nizhnedevitsk', 'Y', 42, 39, '2017-04-13 23:41:22', '2017-03-07 23:31:44'),
(27, 71, 'Todd Mccoy', '91 Melrose Parkway', '1991-07-23', 'Male', '816421797', '127932165', 'tmccoy1l@cocolog-nifty.com', '6405680445', '1999-11-19', 'Vorontsovka', 'Y', 16, 54, '2017-01-10 15:01:08', '2016-12-19 10:21:25'),
(28, 58, 'Richard Martinez', '177 Carberry Trail', '1994-07-30', 'Male', '944055189', '563576816', 'rmartinez1m@odnoklassniki.ru', '3032642524', '1994-07-12', 'Vi', 'Y', 8, 52, '2016-04-23 02:00:33', '2017-03-02 21:42:21'),
(29, 58, 'Craig Gilbert', '357 Kedzie Junctio', '1967-05-03', 'Male', '340534072', '552583965', 'cgilbert1o@forbes.com', '3418514923', '1995-11-17', 'Utkivka', 'Y', 54, 51, '2016-07-15 16:55:49', '2017-04-12 11:03:16'),
(30, 14, 'Jeremy Jackso', '050 Sloan Lane', '1992-11-01', 'Male', '459781298', '823312436', 'jjackson1p@jigsy.com', '3709590177', '1992-07-28', 'Datia', 'Y', 57, 87, '2016-09-25 04:05:47', '2017-01-27 02:40:52'),
(31, 11, 'David Peters', '73 Loftsrdon Crossing', '1984-02-25', 'Male', '495929898', '128654190', 'dpeters1s@xinhuanet.com', '4772135743', '1999-05-29', 'Khanaqah', 'Y', 47, 43, '2016-09-29 16:22:22', '2016-12-27 03:50:21'),
(32, 51, 'Gerald Barnes', '8738 Clarendon Circle', '1974-03-01', 'Male', '846582208', '347283430', 'gbarnes1w@exblog.jp', '4466320428', '1997-01-28', 'Farroupilha', 'Y', 44, 76, '2016-07-24 23:19:44', '2016-09-16 22:09:26'),
(33, 32, 'Ronald Brooks', '5004 Nancy Road', '1978-10-08', 'Male', '748056161', '209084414', 'rbrooks1y@phpbb.com', '6589395700', '1991-05-12', 'Bayasgalant', 'Y', 68, 36, '2017-02-04 22:21:43', '2016-10-31 20:41:21'),
(34, 26, 'Jeremy Lewis', '67888 Summit Lane', '1998-12-11', 'Male', '815535976', '460823958', 'jlewis20@tinyurl.com', '1965690142', '1996-06-17', 'Pasinan Barat', 'Y', 58, 23, '2016-08-04 21:08:40', '2017-01-29 11:43:34'),
(35, 33, 'Lawrence Smith', '622 Russell Street', '1971-05-03', 'Male', '451610267', '725851567', 'lsmith21@reuters.com', '5097959540', '1994-09-14', 'Chone', 'Y', 23, 16, '2016-12-11 21:37:33', '2017-02-19 05:31:23'),
(36, 47, 'Justin Bishop', '57 Manufacturers Parkway', '1987-02-03', 'Male', '805520208', '345596349', 'jbishop22@reference.com', '8473946359', '2000-01-08', 'Zhongling', 'Y', 57, 58, '2016-11-14 20:45:28', '2016-11-20 03:36:46'),
(37, 55, 'Alan Warre', '04611 lf Way', '1960-11-03', 'Male', '660748920', '117003740', 'awarren23@opera.com', '4661344996', '1998-03-15', 'Leeuwarde', 'Y', 30, 6, '2016-07-28 10:25:09', '2016-07-13 01:05:13'),
(38, 85, 'Paul Wallace', '3265 Texas Point', '1995-09-29', 'Male', '185225145', '763585630', 'pwallace24@yellowpages.com', '4085706546', '1995-04-23', 'Selnica', 'Y', 89, 63, '2016-06-23 16:18:23', '2016-05-27 21:17:08'),
(39, 97, 'Lawrence nzales', '4660 4th Lane', '1971-04-11', 'Male', '452751864', '909460617', 'lnzales25@patch.com', '4127555143', '1996-03-08', 'Malabugas', 'Y', 62, 27, '2017-01-17 06:49:24', '2016-10-03 21:15:44'),
(40, 51, 'Arthur Anderso', '4 Drewry Court', '1962-03-28', 'Male', '816210482', '478702519', 'aanderson27@amazon.de', '6956678745', '2000-03-15', 'Tarasco', 'Y', 69, 4, '2016-08-13 19:34:44', '2016-06-06 00:33:06'),
(41, 100, 'Joe Stevens', '60001 Hoffman Crossing', '1991-08-02', 'Male', '531741741', '354136772', 'jstevens29@vistaprint.com', '3382774975', '1998-05-08', 'Dongcu', 'Y', 22, 44, '2016-12-11 02:17:43', '2016-06-15 04:37:58'),
(42, 49, 'Robert Maso', '688 Moose Place', '1977-09-28', 'Male', '546322988', '760565998', 'rmason2b@oracle.com', '5109694235', '1990-05-11', 'Kasama', 'Y', 38, 24, '2016-12-20 08:33:31', '2017-01-26 13:27:20'),
(43, 49, 'Jimmy Lawso', '7 Summer Ridge Pass', '1970-10-05', 'Male', '982799505', '895252714', 'jlawson2d@washington.edu', '9360646257', '1996-02-06', 'Toupi', 'Y', 72, 90, '2016-09-26 15:24:54', '2017-03-13 00:11:11'),
(44, 63, 'Jeremy Marshall', '14 Burning Wood Lane', '1961-12-13', 'Male', '533127852', '602929821', 'jmarshall2f@kickstarter.com', '6058097383', '1996-02-19', 'Karangsari', 'Y', 86, 20, '2016-08-18 23:48:46', '2016-07-18 00:43:12'),
(45, 82, 'George Dixo', '7455 Mallard Road', '1994-01-10', 'Male', '822522338', '616528417', 'gdixon2g@engadget.com', '4851540272', '1994-06-23', 'Wanger', 'Y', 64, 21, '2016-06-01 07:44:41', '2017-02-04 01:14:15'),
(46, 19, 'Edward Montmery', '30241 Debra Terrace', '1984-08-04', 'Male', '576792930', '788517413', 'emontmery2h@salon.com', '9914180660', '1994-10-14', 'Xiaochengzi', 'Y', 57, 50, '2016-11-03 14:33:15', '2017-03-18 01:35:33'),
(47, 55, 'Daniel Bradley', '33069 Russell Place', '1982-01-12', 'Male', '612029614', '323505869', 'dbradley2i@bizjournals.com', '7801938827', '1994-03-17', 'Kuala Lumpur', 'Y', 1, 88, '2016-06-16 09:24:24', '2016-04-22 17:36:58'),
(48, 93, 'George Rice', '805 Coleman Court', '1985-01-25', 'Male', '803985687', '481748825', 'grice2j@xing.com', '7355556889', '1997-06-12', 'Sritanjung', 'Y', 48, 43, '2016-08-30 18:43:14', '2016-09-25 02:35:44'),
(49, 45, 'Douglas Williamso', '0803 Center Drive', '1960-08-19', 'Male', '497267643', '978523007', 'dwilliamson2l@networkadvertising.org', '1324458867', '1997-09-10', 'Suba', 'Y', 70, 44, '2016-12-08 19:18:15', '2016-09-09 16:58:55'),
(50, 89, 'Scott Hudso', '903 Butterfield Way', '1972-05-02', 'Male', '499827044', '654230423', 'shudson2p@about.com', '7552548239', '1998-12-11', 'Bromma', 'Y', 40, 49, '2017-04-01 06:15:03', '2016-06-21 22:25:15'),
(51, 9, 'Douglas Mills', '56475 Vernon Alley', '1986-04-22', 'Male', '927964466', '822586806', 'dmills2r@addthis.com', '5771870875', '1993-04-07', 'Jaworzyna Slaska', 'Y', 39, 65, '2017-01-20 04:23:46', '2016-05-26 13:16:16'),
(52, 98, 'Ronald Mcdonald', '0 West Alley', '1963-07-11', 'Male', '472769232', '380793717', 'rmcdonald2t@blogtalkradio.com', '1512030574', '1997-06-05', 'Re de gua', 'Y', 28, 67, '2016-08-05 01:37:38', '2016-12-11 08:04:40'),
(53, 78, 'Juan Harper', '0 Northridge Road', '1979-05-21', 'Male', '218185644', '922563240', 'jharper2w@redcross.org', '6641607115', '1991-01-23', 'Dolinsk', 'Y', 6, 9, '2017-02-15 02:30:48', '2016-05-29 02:53:22'),
(54, 20, 'Jack Marshall', '10 Cascade Drive', '1968-10-10', 'Male', '505783457', '787562467', 'jmarshall2y@hatena.ne.jp', '6123655262', '1999-12-21', 'Sacotes', 'Y', 26, 15, '2016-09-30 05:16:57', '2017-02-16 02:13:31'),
(55, 82, 'Chris Reyes', '0494 Monterey Court', '1964-12-13', 'Male', '954975272', '328322658', 'creyes2z@ca.v', '3764026564', '1992-05-23', 'Al Ul', 'Y', 13, 22, '2016-05-16 11:59:29', '2016-08-02 07:55:09'),
(56, 95, 'Jonathan Reyes', '4 Hovde Plaza', '1976-06-18', 'Male', '577792864', '191925754', 'jreyes30@youku.com', '4428815395', '1993-11-11', 'Al Kiswah', 'Y', 49, 47, '2016-05-08 04:53:07', '2016-04-24 14:39:38'),
(57, 38, 'Jimmy Bennett', '0 Lawn Way', '1978-05-03', 'Male', '784659362', '307987532', 'jbennett31@amazon.co.jp', '7447353917', '1991-10-30', 'Koukkuniemi', 'Y', 12, 4, '2017-04-10 10:28:26', '2016-11-14 18:58:35'),
(58, 17, 'Fred Lynch', '21287 Paget Street', '1974-07-23', 'Male', '457406867', '586863004', 'flynch32@w3.org', '7082654872', '1990-10-14', 'Laolong', 'Y', 69, 96, '2016-12-17 09:49:36', '2016-10-30 13:17:42'),
(59, 4, 'Keith Nelso', '38145 Morning Court', '1973-09-30', 'Male', '656923446', '215798379', 'knelson33@microsoft.com', '5547005120', '1991-03-10', 'San Jose', 'Y', 6, 39, '2016-04-26 18:06:58', '2016-09-19 22:49:51'),
(60, 40, 'Gary Rose', '93 Reindahl Court', '1973-01-19', 'Male', '595449021', '605508461', 'grose34@bing.com', '5193234434', '1993-08-10', 'Aqqa', 'Y', 58, 19, '2016-12-12 13:26:07', '2016-11-07 00:52:13'),
(61, 17, 'Samuel Webb', '4420 Anhalt Trail', '1995-08-02', 'Male', '327657325', '874081732', 'swebb36@thetimes.co.uk', '8814520544', '1993-10-30', 'Gainesville', 'Y', 65, 58, '2016-05-30 02:01:05', '2016-12-07 05:48:11'),
(62, 15, 'Juan Ramirez', '4679 Darwin Alley', '1962-10-22', 'Male', '190060143', '263890106', 'jramirez38@nationalgeographic.com', '2569624667', '1997-08-29', 'Noda', 'Y', 19, 40, '2016-07-25 10:53:43', '2017-01-25 05:34:12'),
(63, 13, 'Justin Clark', '18 Coleman Junctio', '1995-09-13', 'Male', '170619910', '434379473', 'jclark3c@slideshare.net', '7234522603', '1994-06-08', 'Xinchengzi', 'Y', 75, 73, '2016-09-24 07:07:12', '2017-03-09 11:17:45'),
(64, 99, 'William Armstrong', '90 Towne Pass', '1969-04-30', 'Male', '619996881', '192155848', 'warmstrong3d@usgs.v', '5548742660', '1996-04-15', 'Guantouzui', 'Y', 36, 6, '2016-06-06 11:54:20', '2016-06-18 18:52:07'),
(65, 40, 'Timothy Ramos', '4 Packers Avenue', '1987-10-01', 'Male', '862796613', '375912514', 'tramos3e@dyndns.org', '8120252926', '1993-09-22', 'Haeju', 'Y', 17, 76, '2017-02-03 09:38:29', '2016-10-10 01:14:47'),
(66, 11, 'Joe Medina', '615 Havey Way', '1978-05-23', 'Male', '567854533', '524865762', 'jmedina3f@aol.com', '6201772175', '1993-02-02', 'Pithri', 'Y', 41, 25, '2016-12-11 09:14:26', '2016-12-30 07:26:54'),
(67, 48, 'Lawrence Matthews', '6 Truax Road', '1970-07-04', 'Male', '630955990', '698480141', 'lmatthews3g@hibu.com', '2889035551', '1993-04-24', 'Costa Nova do Prado', 'Y', 46, 81, '2017-02-10 19:46:39', '2017-03-13 12:56:22'),
(68, 44, 'Russell Gutierrez', '01 Artisan Junctio', '1977-08-24', 'Male', '380252646', '928692895', 'rgutierrez3h@gnu.org', '2850362035', '1999-02-07', 'Velagici', 'Y', 71, 14, '2016-11-15 10:03:27', '2016-08-04 20:19:14'),
(69, 78, 'Ralph Alvarez', '94 Steensland Park', '1967-03-09', 'Male', '789664927', '970730066', 'ralvarez3l@shinystat.com', '8509830743', '1997-01-02', 'Remedios', 'Y', 95, 22, '2016-07-24 04:21:25', '2016-05-16 16:13:45'),
(70, 97, 'Roger Mccoy', '7041 Heffernan Junctio', '1990-10-29', 'Male', '486202372', '632828407', 'rmccoy3m@army.mil', '7028961043', '1990-12-29', 'Shali', 'Y', 52, 78, '2016-10-23 08:03:47', '2016-08-30 21:57:52'),
(71, 38, 'Ernest Hart', '8740 Caliangt Court', '1989-03-03', 'Male', '502015904', '542997589', 'ehart3n@dailymotion.com', '4224502008', '1999-11-19', 'Roue', 'Y', 45, 41, '2016-08-12 18:52:50', '2016-09-08 06:03:36'),
(72, 42, 'Bobby Hanso', '44 Clarendon Crossing', '1999-04-08', 'Male', '626141843', '730630628', 'bhanson3o@census.v', '3298469514', '1993-12-12', 'Badou', 'Y', 40, 78, '2016-09-04 09:11:16', '2016-05-02 06:15:23'),
(73, 12, 'Jerry Ross', '85863 Judy Court', '1985-04-27', 'Male', '633327271', '874483350', 'jross3p@usa.v', '6983779785', '1999-03-22', 'A dos Negros', 'Y', 31, 44, '2016-06-03 17:01:10', '2017-04-12 02:32:42'),
(74, 78, 'Harold Jorda', '30 Lawn Court', '1992-02-03', 'Male', '486853592', '185338460', 'hjordan3s@plala.or.jp', '3370257947', '1995-09-24', 'Yeghvard', 'Y', 60, 70, '2016-06-23 03:07:34', '2016-10-08 13:03:38'),
(75, 13, 'Ronald Parker', '5283 Coolidge Way', '1992-11-07', 'Male', '681927534', '514796493', 'rparker3w@slashdot.org', '6473743243', '2000-03-21', 'Santa Rita Aplaya', 'Y', 66, 63, '2016-07-15 12:20:38', '2016-05-07 03:20:03'),
(76, 45, 'Harold Richardso', '852 Cascade Junctio', '1997-05-16', 'Male', '206368728', '772703440', 'hrichardson3x@cnbc.com', '2100544137', '1991-07-13', 'Vylkove', 'Y', 100, 3, '2016-08-27 16:10:49', '2016-05-23 02:06:47'),
(77, 2, 'Benjamin King', '647 Hooker Pass', '1963-12-19', 'Male', '407783177', '464103677', 'bking3y@livejournal.com', '7427209656', '1991-09-13', 'Zastro', 'Y', 76, 6, '2016-08-04 17:16:12', '2016-07-07 19:52:42'),
(78, 37, 'Jason Williams', '3 Buhler Circle', '1993-08-09', 'Male', '370363812', '815491662', 'jwilliams3z@soundcloud.com', '2616485880', '1994-04-19', 'Megio', 'Y', 5, 23, '2017-01-06 12:39:42', '2016-12-15 00:29:41'),
(79, 83, 'David Rodriguez', '1264 Emmet Road', '1990-06-22', 'Male', '156178128', '925597388', 'drodriguez40@kickstarter.com', '1333209139', '1990-09-23', 'San Lorenzo', 'Y', 59, 77, '2016-08-17 13:06:50', '2016-08-15 19:34:21'),
(80, 68, 'Bobby Porter', '87 Bashford Trail', '1985-02-11', 'Male', '724166907', '430281281', 'bporter41@pcworld.com', '7230045721', '1998-11-04', 'Washingto', 'Y', 6, 57, '2016-09-14 03:25:08', '2016-07-10 12:52:37'),
(81, 69, 'Andrew Johnso', '1547 Forster Road', '1996-07-29', 'Male', '513535991', '234625092', 'ajohnson43@nifty.com', '5039342019', '1992-09-22', 'Pakalonga', 'Y', 39, 52, '2016-07-27 18:20:27', '2017-03-30 22:47:20'),
(82, 74, 'Chris Alvarez', '21 Caliangt Plaza', '1980-06-24', 'Male', '310862495', '440536652', 'calvarez44@studiopress.com', '6933371438', '1994-11-17', 'Uppsala', 'Y', 10, 38, '2016-07-17 02:34:25', '2016-07-06 23:32:50'),
(83, 2, 'Andrew Campbell', '301 Rusk Point', '1999-12-14', 'Male', '527949291', '224102503', 'acampbell47@arizona.edu', '9563723915', '1994-11-17', 'Dzhankoy', 'Y', 100, 27, '2016-07-20 12:00:55', '2016-06-13 17:19:09'),
(84, 96, 'Harry Montmery', '78427 Scott Terrace', '1984-01-27', 'Male', '821546828', '330724661', 'hmontmery4b@dmoz.org', '5688095803', '1992-07-21', 'Poncokusumo', 'Y', 19, 6, '2017-03-13 11:54:23', '2016-12-09 11:56:09'),
(85, 56, 'Robert White', '69 Mosinee Crossing', '1981-01-21', 'Male', '821099090', '399513397', 'rwhite4c@seesaa.net', '3382199154', '1993-03-26', 'Say', 'Y', 78, 84, '2016-06-29 21:31:20', '2016-05-28 10:43:40'),
(86, 83, 'Matthew Perkins', '7006 Drewry Court', '1997-10-27', 'Male', '644034328', '669473455', 'mperkins4d@fda.v', '3564242058', '1991-06-22', 'Qatanah', 'Y', 61, 38, '2016-12-19 11:54:58', '2016-06-12 02:12:45'),
(87, 45, 'Fred Fuller', '00157 Brickson Park Road', '1977-04-24', 'Male', '893652966', '877797890', 'ffuller4e@reverbnation.com', '8343968667', '1990-07-12', 'Xinye', 'Y', 18, 71, '2016-10-16 19:57:35', '2017-02-08 03:30:28'),
(88, 16, 'Joe nzalez', '19 Morning Road', '1980-08-31', 'Male', '812012429', '210717696', 'jnzalez4h@themeforest.net', '5396213517', '1995-09-02', 'Tianxingchang', 'Y', 44, 92, '2017-03-13 22:35:44', '2016-05-28 13:53:02'),
(89, 2, 'Jonathan Fields', '5190 Manley Hill', '1969-06-03', 'Male', '232492273', '135846307', 'jfields4j@cbslocal.com', '7179672175', '1995-09-28', 'Nanao', 'Y', 61, 38, '2016-05-26 16:29:40', '2016-10-20 04:11:15'),
(90, 34, 'Steve Morales', '367 Fieldstone Drive', '1967-03-09', 'Male', '334322268', '650618799', 'smorales4n@multiply.com', '8331365955', '1993-03-29', 'Kangding', 'Y', 6, 67, '2016-09-10 17:21:19', '2017-03-05 03:23:42'),
(91, 31, 'Kevin Garza', '2367 Menomonie Pass', '1995-04-18', 'Male', '112377089', '751735519', 'kgarza4o@businessweek.com', '9500764114', '1998-01-18', 'Paris La Dfense', 'Y', 37, 9, '2016-05-06 21:33:44', '2016-05-08 17:41:51'),
(92, 8, 'Daniel Hanse', '7 Stang Street', '1992-04-01', 'Male', '821251726', '642768833', 'dhansen4p@dandesign.com', '3089456749', '1990-08-14', 'Huili', 'Y', 88, 74, '2017-04-01 01:49:31', '2017-01-26 10:47:34'),
(93, 8, 'Frank Montmery', '2157 Autumn Leaf Way', '1980-04-29', 'Male', '853263503', '597478410', 'fmontmery4q@wikipedia.org', '4400543800', '1994-10-15', 'Darayya', 'Y', 54, 93, '2016-06-30 07:35:42', '2016-10-17 06:32:53'),
(94, 6, 'Terry Dun', '518 Bowman Pass', '1960-07-11', 'Male', '444858825', '830559375', 'tdunn4v@ucoz.com', '5131031166', '1992-02-19', 'rnskldsvik', 'Y', 16, 3, '2016-10-04 04:23:37', '2016-05-30 09:19:21'),
(95, 68, 'Adam Kim', '248 Corry Circle', '1961-02-21', 'Male', '317546714', '309857401', 'akim4x@odreads.com', '8892028672', '1993-09-04', 'Brusy', 'Y', 73, 96, '2017-03-23 21:56:20', '2016-06-14 18:30:09'),
(96, 14, 'Eric Mitchell', '5 Drewry Street', '1994-05-08', 'Male', '430905463', '975539795', 'emitchell4y@alexa.com', '8952189522', '1996-02-18', 'San Cristobal', 'Y', 98, 12, '2016-10-18 22:06:52', '2016-09-14 10:14:37'),
(97, 73, 'Matthew Maso', '62369 Crest Line Parkway', '1990-07-16', 'Male', '427236202', '299086500', 'mmason4z@people.com.c', '4440864104', '1991-08-17', 'Praia', 'Y', 29, 90, '2017-01-12 16:46:09', '2016-07-30 05:01:14'),
(98, 67, 'Arthur Wheeler', '87529 Hollow Ridge Way', '1967-09-22', 'Male', '909755136', '690362900', 'awheeler50@drupal.org', '5701553810', '1993-05-16', 'Karano', 'Y', 10, 35, '2016-08-19 06:30:23', '2017-03-23 08:55:46'),
(99, 54, 'Scott Reyes', '6050 Jenna Lane', '1981-12-26', 'Male', '791220276', '155146995', 'sreyes51@imgur.com', '7897382065', '1998-11-27', 'Leiyang', 'Y', 92, 2, '2016-11-11 01:05:28', '2016-12-10 07:55:08'),
(100, 18, 'Joseph Simmons', '9435 Florence Crossing', '1980-11-24', 'Male', '756851464', '490018084', 'jsimmons53@ox.ac.uk', '1920650024', '1992-11-23', 'Ust-Dzheguta', 'Y', 9, 31, '2016-10-13 15:27:08', '2016-11-09 06:17:38'),
(101, 40, 'Phillip Kelley', '330 Riverside Crossing', '1978-04-30', 'Male', '355035431', '981807163', 'pkelley54@addtoany.com', '3155301839', '1997-02-08', 'Jrflla', 'Y', 46, 29, '2017-02-03 23:07:59', '2016-06-09 02:56:40'),
(102, 9, 'Peter Peters', '1693 Gina Terrace', '1985-06-12', 'Male', '594576203', '315260729', 'ppeters56@.com', '5626234129', '1996-04-09', 'Altagracia de Orituco', 'Y', 80, 42, '2016-09-04 06:55:59', '2017-03-27 18:31:42'),
(103, 16, 'Clarence Johnso', '00877 Doe Crossing Lane', '1971-01-22', 'Male', '810785592', '387971441', 'cjohnson5a@ogle.pl', '2732314292', '1992-11-20', 'Huyua', 'Y', 78, 46, '2017-01-08 12:00:10', '2017-01-01 13:00:41'),
(104, 24, 'Harold Chapma', '032 Forest Run Parkway', '1970-11-16', 'Male', '470700071', '389218577', 'hchapman5e@livejournal.com', '2197521115', '1992-07-25', 'Kapotnya', 'Y', 50, 1, '2017-04-06 22:06:27', '2017-02-06 19:06:32'),
(105, 39, 'Sean Washingto', '1189 Division Trail', '1964-06-13', 'Male', '113710237', '482618004', 'swashington5g@amazon.com', '7037183428', '1991-04-06', 'Ban Na Muang', 'Y', 38, 66, '2016-07-12 20:41:04', '2016-09-07 20:24:54'),
(106, 94, 'Randy Henry', '5900 Killdeer Pass', '1963-03-02', 'Male', '771083971', '690140074', 'rhenry5j@techcrunch.com', '1415952647', '1997-12-04', 'Nong Ki', 'Y', 2, 54, '2016-09-28 13:12:30', '2016-06-29 21:56:18'),
(107, 31, 'Peter Mitchell', '41 Hoard Avenue', '1977-09-26', 'Male', '929839700', '236134439', 'pmitchell5m@wikimedia.org', '5477876180', '1997-12-28', 'Wangping', 'Y', 50, 49, '2017-03-15 22:16:36', '2016-12-07 18:15:40'),
(108, 45, 'Christopher Martinez', '644 Kings Crossing', '1981-03-04', 'Male', '885777660', '132045759', 'cmartinez5q@microsoft.com', '1586611408', '1993-10-14', 'Wantia', 'Y', 68, 27, '2016-09-28 00:53:42', '2017-03-05 13:25:06'),
(109, 78, 'Terry Perez', '609 Knutson Alley', '1993-01-02', 'Male', '366065358', '764387270', 'tperez5r@buzzfeed.com', '7784806450', '1995-11-18', 'Nov Mesto nad Metuj', 'Y', 11, 98, '2016-05-29 13:44:49', '2016-07-08 19:55:56'),
(110, 57, 'Lawrence Rodriguez', '39531 Coolidge Hill', '1966-04-11', 'Male', '769109650', '339339646', 'lrodriguez5s@blinklist.com', '1477343190', '1997-03-02', 'Logung', 'Y', 87, 61, '2016-05-30 15:24:44', '2016-08-30 05:39:29'),
(111, 95, 'Juan Reed', '5341 Heath Point', '1972-01-09', 'Male', '156527383', '639153525', 'jreed5u@marriott.com', '5796295232', '1994-08-30', 'Okpoma', 'Y', 40, 26, '2016-04-20 15:48:39', '2016-11-13 03:42:58'),
(112, 60, 'Charles Jorda', '051 Oakridge Street', '1979-01-13', 'Male', '254674840', '502666906', 'cjordan5v@ibm.com', '8614651590', '1996-12-01', 'San Pedro', 'Y', 75, 98, '2016-12-05 09:47:38', '2016-06-01 15:08:32'),
(113, 20, 'Paul Bennett', '57 Rutledge Circle', '1963-07-02', 'Male', '314999897', '640173004', 'pbennett5z@addtoany.com', '3162498011', '1999-10-07', 'Kosla', 'Y', 17, 71, '2017-01-12 16:22:46', '2016-10-26 18:43:05'),
(114, 94, 'Thomas Morris', '8 Boyd Trail', '1986-10-24', 'Male', '414846146', '848199344', 'tmorris60@soundcloud.com', '7112353886', '1996-01-29', 'Asan Kumbang', 'Y', 11, 66, '2017-03-15 11:32:39', '2017-03-12 23:51:24'),
(115, 26, 'Ronald Smith', '01364 Gulseth Way', '1973-01-23', 'Male', '131033653', '428673431', 'rsmith63@tamu.edu', '6150037724', '1996-09-25', 'Sherwood Park', 'Y', 35, 80, '2016-09-15 01:16:57', '2017-03-11 16:39:46'),
(116, 1, 'Aaron Hunter', '49652 Dottie Court', '1977-12-16', 'Male', '419748701', '709620809', 'ahunter65@archive.org', '3352541664', '1995-01-30', 'Galesong', 'Y', 48, 58, '2017-04-06 15:39:53', '2016-07-16 18:20:36'),
(117, 97, 'Aaron Wagner', '2 Kensington Crossing', '1962-03-06', 'Male', '516650464', '619301453', 'awagner66@blogtalkradio.com', '6871283550', '1997-05-25', 'Aleksandrovsk-Sakhalinskiy', 'Y', 8, 59, '2017-03-26 16:29:04', '2017-04-13 05:47:43'),
(118, 1, 'Carlos Sulliva', '97 Maywood Point', '1980-09-04', 'Male', '850333624', '544263532', 'csullivan69@eventbrite.com', '9082211416', '1995-01-14', 'Bayshint', 'Y', 22, 5, '2017-02-24 04:33:12', '2016-12-20 21:06:11'),
(119, 85, 'Stephen Rose', '75 Bellgrove Lane', '1998-12-17', 'Male', '112282361', '617068389', 'srose6b@webeden.co.uk', '7060441409', '1991-07-26', 'Divo', 'Y', 47, 31, '2017-04-08 11:18:56', '2016-08-16 01:44:48'),
(120, 14, 'Carl Perez', '1657 Knutson Trail', '1968-02-23', 'Male', '811277409', '408896337', 'cperez6c@e-recht24.de', '4039909991', '1992-07-10', 'Falu', 'Y', 75, 41, '2016-08-07 11:09:59', '2016-04-23 11:11:26'),
(121, 89, 'Matthew Russell', '9 Jenifer Center', '1990-03-12', 'Male', '684309199', '788712221', 'mrussell6d@apple.com', '7217334826', '1993-12-01', 'Krzemienica', 'Y', 66, 5, '2017-01-27 20:00:04', '2016-08-22 11:45:30'),
(122, 44, 'Jimmy Perry', '04 Hermina Crossing', '1961-10-20', 'Male', '262501892', '263494457', 'jperry6e@independent.co.uk', '3737029341', '1999-10-24', 'Oguma', 'Y', 49, 68, '2016-10-26 04:39:58', '2017-01-27 14:30:14'),
(123, 39, 'Brian Torres', '71 Bobwhite Park', '1992-01-28', 'Male', '819725016', '116294847', 'btorres6h@tumblr.com', '9560660082', '1999-01-27', 'Catac', 'Y', 21, 36, '2016-12-12 03:16:29', '2016-08-23 12:59:23'),
(124, 50, 'Daniel Porter', '3703 Clarendon Parkway', '1979-02-02', 'Male', '834593875', '724983951', 'dporter6k@admin.ch', '5489593423', '1995-08-02', 'Quintela', 'Y', 89, 53, '2017-03-25 21:07:01', '2016-08-06 20:34:55'),
(125, 27, 'Matthew Rogers', '06832 Quincy Pass', '1981-11-21', 'Male', '831004479', '441443596', 'mrogers6m@engadget.com', '2010278075', '1994-08-02', 'Austi', 'Y', 89, 64, '2016-12-22 13:40:44', '2016-07-19 22:04:52'),
(126, 21, 'Larry Murphy', '76 Warner Parkway', '1982-06-02', 'Male', '363486756', '521284798', 'lmurphy6r@symantec.com', '4800699794', '1993-04-07', 'Cherbourg-Octeville', 'Y', 32, 40, '2017-01-29 12:41:40', '2017-03-22 13:58:05'),
(127, 80, 'Fred Colema', '4 Dahle Park', '1979-11-24', 'Male', '596795009', '699803964', 'fcoleman6s@over-blog.com', '7663672623', '1998-08-07', 'Siumate', 'Y', 93, 41, '2016-09-30 09:39:05', '2016-09-29 06:09:24'),
(128, 4, 'William Robertso', '875 Michigan Parkway', '1972-04-18', 'Male', '715828767', '716050733', 'wrobertson6u@pbs.org', '5610963785', '1993-12-31', 'Anderstorp', 'Y', 36, 9, '2017-02-24 02:35:10', '2017-02-17 15:46:40'),
(129, 13, 'Dennis Garrett', '6974 Cambridge Alley', '1993-09-16', 'Male', '443915355', '553654610', 'dgarrett6v@stumbleupon.com', '1559426932', '1996-05-03', 'Mbalmayo', 'Y', 80, 1, '2017-02-08 17:06:35', '2016-10-09 03:05:03'),
(130, 73, 'Gary Butler', '35239 Ludington Alley', '1990-12-25', 'Male', '404314199', '751519369', 'gbutler72@xrea.com', '1489048634', '1993-05-02', 'Tayabo', 'Y', 70, 47, '2016-05-04 01:59:04', '2016-08-05 16:49:46'),
(131, 99, 'Brian Bradley', '2 Pennsylvania Alley', '1999-01-29', 'Male', '310982510', '853516137', 'bbradley78@xrea.com', '6962647009', '1998-06-26', 'Baykonyr', 'Y', 5, 92, '2016-06-30 11:27:38', '2016-10-31 18:33:33'),
(132, 85, 'Grery Castillo', '47126 Carioca Center', '1961-05-10', 'Male', '168584948', '499315958', 'gcastillo7a@liveinternet.ru', '6521631355', '1998-07-18', 'Mossor', 'Y', 94, 17, '2016-08-03 19:55:06', '2017-03-19 00:18:54'),
(133, 1, 'Joshua Cole', '932 Florence Pass', '1998-03-26', 'Male', '514832901', '372029971', 'jcole7c@army.mil', '6842706426', '1995-09-12', 'Suq ar Rabu', 'Y', 4, 71, '2016-11-15 00:39:50', '2016-07-21 01:22:27'),
(134, 75, 'Matthew Holmes', '7 Redwing Place', '1965-01-08', 'Male', '277776585', '756457280', 'mholmes7f@ogle.com.hk', '2206038296', '1991-05-21', 'Magersari', 'Y', 41, 9, '2017-01-02 00:21:07', '2016-08-28 12:10:28'),
(135, 88, 'Chris Hudso', '0 New Castle Circle', '1991-08-04', 'Male', '538317639', '505507041', 'chudson7g@economist.com', '6801771806', '1991-08-08', 'Malice', 'Y', 14, 7, '2016-08-30 16:21:39', '2016-05-26 00:22:44'),
(136, 35, 'Todd Cunningham', '842 Sunbrook Avenue', '1990-01-17', 'Male', '507251966', '450360214', 'tcunningham7k@alibaba.com', '8303183442', '1991-11-18', 'Jingu', 'Y', 23, 2, '2016-12-23 19:39:51', '2017-04-08 04:04:41'),
(137, 42, 'Johnny Fernandez', '23 Bluejay Street', '1992-03-13', 'Male', '341189531', '911767338', 'jfernandez7l@fema.v', '5828672945', '1998-02-08', 'Loutrs', 'Y', 91, 65, '2017-02-09 09:55:52', '2016-11-22 02:54:41'),
(138, 9, 'Benjamin Bowma', '40500 Anniversary Plaza', '1992-11-27', 'Male', '459903268', '513743207', 'bbowman7n@bloomberg.com', '4500224457', '1997-04-12', 'Bayaguana', 'Y', 66, 1, '2016-08-16 16:27:24', '2016-05-14 01:10:26'),
(139, 17, 'Craig Hawkins', '007 Forest Dale Pass', '1963-09-11', 'Male', '824989969', '988033718', 'chawkins7p@yellowbook.com', '5879188742', '1998-06-14', 'Zeya', 'Y', 73, 36, '2016-08-20 08:20:20', '2017-03-24 14:37:59'),
(140, 14, 'Clarence Robertso', '84770 Bellgrove Circle', '1972-02-23', 'Male', '649720882', '921407860', 'crobertson7q@time.com', '7587602317', '1996-03-06', 'Bascaro', 'Y', 51, 11, '2016-05-21 11:02:29', '2016-06-23 08:47:13'),
(141, 10, 'Jeffrey Kelly', '89 Thackeray Road', '1964-10-03', 'Male', '374834598', '211984334', 'jkelly7r@mayoclinic.com', '4168273927', '1992-04-22', 'Meilong', 'Y', 28, 57, '2016-12-29 15:16:28', '2016-05-02 12:45:51'),
(142, 70, 'Matthew Richards', '760 Vernon Plaza', '1997-09-20', 'Male', '612397829', '683127154', 'mrichards7s@accuweather.com', '8236501085', '1993-09-06', 'Xianxi', 'Y', 91, 98, '2017-02-14 07:06:22', '2017-02-16 04:02:12'),
(143, 23, 'Thomas Kelley', '1 Ruskin Court', '1975-12-12', 'Male', '174956087', '945581156', 'tkelley7v@cisco.com', '3381155178', '1999-11-12', 'La Ronge', 'Y', 54, 5, '2016-12-23 15:11:13', '2016-05-31 10:48:28'),
(144, 1, 'Patrick Garrett', '4892 Messerschmidt Street', '1965-11-08', 'Male', '709425340', '540488011', 'pgarrett7w@sohu.com', '5407571864', '1991-08-25', 'Tandalti', 'Y', 38, 4, '2016-08-16 18:27:24', '2016-07-14 21:57:10'),
(145, 87, 'Gary Alle', '1370 Eagan Drive', '1968-04-30', 'Male', '261545028', '571011635', 'gallen7x@sou.com', '3634026470', '1991-07-07', 'Vila Verde', 'Y', 31, 85, '2016-11-19 07:36:47', '2016-07-21 20:18:53'),
(146, 63, 'Daniel Stanley', '431 Prairie Rose Street', '1992-01-17', 'Male', '713320832', '301444615', 'dstanley7y@umn.edu', '4272047019', '1998-02-08', 'L\'viv', 'Y', 27, 34, '2017-02-15 12:56:57', '2016-12-18 06:01:20'),
(147, 13, 'Peter Anderso', '4580 Blaine Trail', '1985-02-16', 'Male', '316462192', '916681552', 'panderson80@360.c', '7467014635', '1992-03-10', 'Mbuji-Mayi', 'Y', 80, 37, '2016-10-26 21:36:36', '2017-03-24 03:19:14'),
(148, 27, 'Adam Dea', '83580 Mendota Trail', '1987-09-08', 'Male', '938361768', '450017017', 'adean81@jalbum.net', '9109806959', '1992-06-22', 'Vitria de Santo Anto', 'Y', 99, 62, '2017-02-14 09:48:22', '2016-10-02 05:48:29'),
(149, 84, 'Mark Bishop', '116 Macpherson Hill', '1997-10-12', 'Male', '224881007', '713354279', 'mbishop83@opensource.org', '2380259231', '1994-11-16', 'Vicente Guerrero', 'Y', 66, 100, '2017-04-14 17:07:27', '2016-07-14 06:54:51'),
(150, 99, 'Lawrence Frazier', '68 Pine View Terrace', '1989-05-13', 'Male', '414065233', '647161798', 'lfrazier84@ogle.com', '6028397776', '1997-06-14', 'Cliza', 'Y', 33, 58, '2017-02-16 21:32:04', '2016-07-15 02:37:23'),
(151, 98, 'Brian Williams', '9 Dovetail Street', '1973-10-13', 'Male', '551634217', '140761199', 'bwilliams85@hugedomains.com', '3433820829', '2000-01-22', 'Sindanghayu', 'Y', 3, 14, '2017-01-04 21:47:14', '2016-12-02 00:58:55'),
(152, 95, 'Frank Dunca', '1 Lillian Road', '1967-09-14', 'Male', '306685983', '938878698', 'fduncan86@nih.v', '2874734161', '1993-09-14', 'Rawuk', 'Y', 50, 34, '2016-09-01 10:46:17', '2016-11-21 16:34:39'),
(153, 93, 'Earl Ruiz', '3928 Dwight Center', '1984-04-13', 'Male', '552907320', '916794341', 'eruiz87@hhs.v', '2508549133', '1991-04-29', 'Hea', 'Y', 26, 14, '2016-08-10 21:34:19', '2016-05-25 06:18:38'),
(154, 23, 'Jonathan Porter', '27518 Crowley Terrace', '1967-06-04', 'Male', '890360254', '660852475', 'jporter89@gnu.org', '5606244869', '1993-04-14', 'San Isidro', 'Y', 28, 19, '2017-03-09 09:53:11', '2016-12-30 15:44:42'),
(155, 32, 'Carlos Shaw', '86 Anthes Street', '1969-01-25', 'Male', '927478816', '236521858', 'cshaw8b@devhub.com', '9276376248', '1999-01-04', 'Valence', 'Y', 18, 41, '2017-02-21 12:15:09', '2016-12-04 14:39:29'),
(156, 84, 'Sean Garrett', '90536 Village Hill', '1989-07-30', 'Male', '431767631', '267873233', 'sgarrett8c@youku.com', '1806163576', '1998-09-19', 'Zor', 'Y', 13, 74, '2017-03-12 12:25:42', '2016-10-04 16:30:12'),
(157, 74, 'Randy James', '5 Pennsylvania Point', '1969-04-25', 'Male', '717881253', '227598127', 'rjames8e@skyrock.com', '8000613188', '1999-04-30', 'Leudelange', 'Y', 45, 72, '2017-01-02 21:46:31', '2016-06-15 04:49:29'),
(158, 51, 'Daniel Stevens', '23034 Forest Run Hill', '1973-11-07', 'Male', '520401333', '367916332', 'dstevens8g@samsung.com', '7730292481', '1991-11-12', 'Stryszawa', 'Y', 19, 69, '2016-10-29 08:39:52', '2017-03-08 08:22:54'),
(159, 4, 'Jack Hughes', '29332 Scofield Road', '1986-02-12', 'Male', '454069843', '815693680', 'jhughes8h@rediff.com', '2599900152', '1998-02-18', 'Panyura', 'Y', 27, 23, '2016-09-07 02:24:54', '2016-09-04 04:25:46'),
(160, 3, 'Juan Smith', '6486 Paget Crossing', '1965-12-18', 'Male', '944056727', '380777406', 'jsmith8j@cam.ac.uk', '7894329973', '1998-04-08', 'Puji', 'Y', 14, 15, '2017-04-08 06:00:42', '2016-09-23 17:31:59'),
(161, 4, 'Chris Rivera', '91 Emmet Crossing', '1966-04-03', 'Male', '526091123', '430259061', 'crivera8l@squarespace.com', '7577529880', '1991-09-06', 'Panguna', 'Y', 97, 20, '2016-11-10 01:07:28', '2016-11-23 08:06:33'),
(162, 61, 'Chris Brow', '2244 Lakewood Parkway', '1969-01-27', 'Male', '983656612', '984534671', 'cbrown8m@skype.com', '6206829218', '1998-07-07', 'Wujing', 'Y', 80, 91, '2017-03-29 17:46:21', '2016-11-07 23:59:07'),
(163, 19, 'Raymond Davis', '207 Melby Lane', '1970-01-28', 'Male', '252262409', '348384806', 'rdavis8o@sbwire.com', '8931161451', '1992-07-28', 'Mutis', 'Y', 1, 65, '2016-06-19 06:02:41', '2016-04-17 21:09:03'),
(164, 16, 'Wayne Stewart', '28 Myrtle Pass', '1997-07-05', 'Male', '781385931', '850560610', 'wstewart8r@nps.v', '7699036932', '1999-05-04', 'Dongmaku', 'Y', 28, 90, '2017-02-23 17:25:07', '2017-01-27 15:54:30'),
(165, 80, 'Timothy Pierce', '942 Sachtjen Drive', '1977-03-26', 'Male', '828691399', '605510438', 'tpierce8s@bbb.org', '1622225187', '1991-08-28', 'Podkamennaya Tunguska', 'Y', 94, 72, '2016-08-06 07:17:21', '2016-11-17 23:38:37'),
(166, 23, 'Patrick Flores', '7764 Fordem Road', '1962-11-01', 'Male', '588797518', '830526587', 'pflores90@1688.com', '8615262454', '1990-07-09', 'Tselinnoye', 'Y', 74, 5, '2017-03-04 06:18:23', '2016-09-21 02:56:54'),
(167, 85, 'Gary rdo', '975 Brentwood Drive', '1961-09-01', 'Male', '922525179', '744590054', 'grdon94@mapy.cz', '6071042971', '1990-09-25', 'Frederiksberg', 'Y', 75, 88, '2016-08-15 20:45:50', '2016-12-13 21:12:12'),
(168, 83, 'Todd Miller', '5754 Moland Alley', '1969-02-21', 'Male', '996719632', '873010627', 'tmiller98@globo.com', '1489822653', '1998-07-18', 'Karabudakhkent', 'Y', 31, 8, '2016-10-11 16:32:01', '2017-01-25 08:50:56'),
(169, 5, 'Bobby Wheeler', '56 3rd Avenue', '1979-04-24', 'Male', '689838863', '895891146', 'bwheeler9c@shinystat.com', '3167539855', '1995-10-07', 'Pilang', 'Y', 42, 36, '2017-02-17 21:39:38', '2016-07-14 09:19:42'),
(170, 6, 'Bobby Edwards', '053 Stang Drive', '1970-10-13', 'Male', '595004691', '823876315', 'bedwards9d@twitter.com', '9860191244', '1993-07-14', 'guas Belas', 'Y', 56, 64, '2017-01-10 18:50:03', '2017-04-04 17:41:40'),
(171, 17, 'Kenneth Daniels', '9516 Northport Junctio', '1985-08-31', 'Male', '151322847', '868556149', 'kdaniels9e@cnn.com', '7644373467', '1992-08-04', 'Zapolyarnyy', 'Y', 47, 23, '2016-10-19 23:38:38', '2016-09-07 12:48:19'),
(172, 91, 'Harry Edwards', '460 Clyde Gallagher Point', '1964-10-23', 'Male', '346396383', '551160015', 'hedwards9f@weibo.com', '5272605035', '1993-02-20', 'Kuanfatu', 'Y', 54, 44, '2016-09-05 03:41:27', '2016-10-09 21:25:42'),
(173, 75, 'Sean Bowma', '0229 Melvin Circle', '1967-01-07', 'Male', '332773696', '542411260', 'sbowman9g@msu.edu', '2880295111', '1990-12-13', 'Georgiyevskaya', 'Y', 79, 57, '2016-07-02 02:46:45', '2016-06-15 14:54:45'),
(174, 63, 'Ernest Ortiz', '241 Atwood Hill', '1994-04-06', 'Male', '834963775', '426153563', 'eortiz9j@histats.com', '3450832724', '1994-04-03', 'Liwu', 'Y', 56, 17, '2016-09-21 11:59:15', '2016-10-17 15:25:50'),
(175, 45, 'Philip Simpso', '21267 Chinook Street', '1985-08-07', 'Male', '829417602', '449031949', 'psimpson9l@mtv.com', '9333801610', '1992-07-17', 'Paraso', 'Y', 10, 38, '2016-12-26 13:01:24', '2016-11-23 13:14:01'),
(176, 23, 'Andrew Mcdonald', '64 Bowman Lane', '1995-02-19', 'Male', '794360736', '125256498', 'amcdonald9q@apple.com', '7278600170', '1993-05-30', 'Haixing', 'Y', 1, 25, '2016-11-10 06:43:10', '2016-07-27 11:08:50'),
(177, 75, 'Jimmy Nichols', '83230 Aberg Terrace', '1994-03-25', 'Male', '191805625', '176247972', 'jnichols9u@japanpost.jp', '4544953776', '1993-03-10', 'Pandea', 'Y', 27, 89, '2016-08-28 23:00:08', '2017-02-06 00:07:37'),
(178, 14, 'Ronald Hart', '621 7th Drive', '1987-04-19', 'Male', '239631694', '816800541', 'rharta0@sfgate.com', '2873033772', '1997-07-05', 'Kimito', 'Y', 67, 1, '2016-06-23 11:15:05', '2016-08-25 06:04:48'),
(179, 80, 'Joshua Cruz', '6318 Mcbride Drive', '1986-03-10', 'Male', '843972256', '634867542', 'jcruza3@hugedomains.com', '5559461662', '1992-08-14', 'Mathambgwane', 'Y', 75, 46, '2017-03-30 23:00:16', '2016-06-19 18:01:33'),
(180, 28, 'Gerald Ruiz', '07353 Johnson Alley', '1995-05-28', 'Male', '117662079', '730888675', 'gruiza4@v.uk', '8136011327', '1990-07-04', 'Jard', 'Y', 83, 8, '2017-02-26 09:23:10', '2016-12-04 15:19:10'),
(181, 59, 'Richard Gilbert', '1 Utah Trail', '1965-07-19', 'Male', '165765575', '530499509', 'rgilberta8@ogle.co.jp', '3720502441', '1997-08-30', 'Guali', 'Y', 2, 93, '2016-11-13 15:44:54', '2016-08-05 20:32:30'),
(182, 89, 'Sean Fox', '11 Ramsey Alley', '1996-12-17', 'Male', '674499376', '905065142', 'sfoxa9@joomla.org', '9199282273', '1992-10-05', 'Pilpichaca', 'Y', 56, 21, '2016-12-29 06:19:39', '2016-09-17 15:44:46'),
(183, 47, 'Ryan Richards', '7847 Mendota Alley', '1965-09-18', 'Male', '476805057', '633148731', 'rrichardsac@imgur.com', '3508714472', '1997-10-21', 'Waterbury', 'Y', 18, 89, '2016-06-17 07:50:52', '2016-09-16 11:53:59'),
(184, 44, 'Jose Long', '65611 Hanson Plaza', '1966-10-27', 'Male', '456940205', '351183284', 'jlongad@merriam-webster.com', '3551784606', '1996-08-08', 'Tuoshi', 'Y', 29, 40, '2017-03-11 21:57:12', '2016-07-09 00:04:26'),
(185, 57, 'Harry Schmidt', '14 Eagan Pass', '1970-03-20', 'Male', '768289974', '982363012', 'hschmidtai@kickstarter.com', '1457999129', '2000-03-27', 'Idku', 'Y', 24, 96, '2017-04-15 10:22:39', '2016-08-24 15:51:58'),
(186, 37, 'Billy Berry', '6 Dakota Alley', '1994-02-02', 'Male', '885063435', '825284667', 'bberryaj@baidu.com', '2006716539', '1999-07-31', 'Nzega', 'Y', 7, 66, '2016-12-05 18:57:33', '2016-07-12 07:39:14'),
(187, 75, 'Mark George', '74261 Commercial Street', '1999-11-10', 'Male', '356479733', '313094789', 'mgeorgeal@weebly.com', '5793582433', '1999-03-05', 'Bordeaux', 'Y', 76, 69, '2016-08-31 05:46:25', '2016-10-11 12:46:27'),
(188, 18, 'Philip Graham', '1494 Northport Road', '1989-12-09', 'Male', '941917804', '744883568', 'pgrahamam@miibeian.v.c', '8952914995', '1998-09-08', 'Marsaxlokk', 'Y', 4, 43, '2016-11-25 14:43:07', '2016-11-09 17:36:17'),
(189, 68, 'Adam Rodriguez', '16852 Kenwood Crossing', '1966-03-15', 'Male', '498161762', '606825063', 'arodriguezan@163.com', '7708175026', '1998-11-19', 'Rajadesa', 'Y', 56, 51, '2016-05-06 04:04:13', '2017-02-01 10:44:01'),
(190, 95, 'Anthony Graham', '2569 Mosinee Point', '1987-10-28', 'Male', '877707917', '609716265', 'agrahamao@zdnet.com', '6786959898', '1998-07-31', 'Bayanbulag', 'Y', 41, 77, '2016-08-29 00:26:12', '2016-08-14 03:30:08'),
(191, 86, 'Phillip Roberts', '957 Lukken Pass', '1991-08-21', 'Male', '819160766', '121973954', 'probertsap@prweb.com', '4940351927', '1991-01-19', 'Mahajanga', 'Y', 6, 31, '2016-12-14 04:01:51', '2016-07-27 08:49:05'),
(192, 74, 'Gary Robinso', '92 Hazelcrest Parkway', '1990-05-04', 'Male', '766131103', '650870849', 'grobinsonaq@wufoo.com', '1256098919', '2000-04-10', 'Saint-Jouan-des-Gurets', 'Y', 93, 36, '2016-05-08 00:00:29', '2016-09-10 13:41:49'),
(193, 43, 'Charles Kennedy', '7 Chinook Road', '1977-10-13', 'Male', '839293887', '220510823', 'ckennedyas@ogle.c', '4216922911', '1994-10-09', 'San Buenaventura', 'Y', 62, 14, '2016-06-01 15:48:29', '2017-02-14 14:25:37'),
(194, 49, 'Jose Welch', '52 Myrtle Pass', '1967-09-04', 'Male', '712840295', '461311548', 'jwelchau@arizona.edu', '9781613542', '1996-01-21', 'Jiangbei', 'Y', 84, 24, '2017-01-22 05:15:56', '2016-06-03 11:16:29'),
(195, 61, 'Donald Wheeler', '63740 Raven Road', '1985-10-26', 'Male', '640233668', '228593221', 'dwheeleraz@netvibes.com', '8575014442', '1994-12-23', 'Rawaglagah', 'Y', 6, 85, '2017-01-28 09:07:09', '2016-11-28 23:40:53'),
(196, 2, 'Jack Hughes', '195 Florence Drive', '1974-05-30', 'Male', '515177652', '574722146', 'jhughesb1@quantcast.com', '1605666952', '1993-04-25', 'Pansha', 'Y', 80, 68, '2016-10-06 03:27:10', '2016-07-09 12:54:48'),
(197, 14, 'Harry Weaver', '8 Sugar Crossing', '1997-04-11', 'Male', '981097908', '132471967', 'hweaverb3@reuters.com', '2235526932', '1996-04-10', 'Celorico de Basto', 'Y', 6, 7, '2016-10-16 00:23:58', '2016-07-12 22:46:07'),
(198, 96, 'Jesse Adams', '8 Washington Drive', '1982-06-19', 'Male', '744659192', '137644221', 'jadamsb4@noaa.v', '2070060521', '1997-11-21', 'Vranje', 'Y', 22, 93, '2016-07-30 00:18:54', '2016-12-30 00:09:06'),
(199, 97, 'Larry Hanse', '2 Westend Road', '1983-07-19', 'Male', '127808403', '166027945', 'lhansenb7@nih.v', '7803446127', '1992-08-13', 'Velika Kladua', 'Y', 57, 56, '2016-12-23 17:19:06', '2017-03-11 07:08:22'),
(200, 58, 'Juan rdo', '731 Hoffman Crossing', '1994-04-29', 'Male', '405196159', '871576225', 'jrdonb8@wikispaces.com', '7531970113', '1995-01-17', 'Geser', 'Y', 62, 88, '2016-10-04 00:54:08', '2017-02-23 07:07:03'),
(201, 43, 'Jimmy Myers', '56154 Warrior Place', '1977-05-03', 'Male', '270111232', '461744795', 'jmyersb9@topsy.com', '7689034159', '1993-06-12', 'Itu', 'Y', 77, 68, '2016-12-31 02:21:41', '2016-09-25 23:30:17'),
(202, 75, 'Martin Kelly', '49 2nd Court', '1985-03-22', 'Male', '880993015', '438930704', 'mkellyba@tiny.cc', '8599539244', '1990-11-08', 'Guar', 'Y', 28, 10, '2016-10-28 15:59:50', '2016-12-22 06:07:05'),
(203, 54, 'Ryan Oliver', '7432 Brickson Park Street', '1983-08-30', 'Male', '574629529', '333651845', 'roliverbb@netvibes.com', '6655956780', '1998-08-20', 'Zebrzydowice', 'Y', 91, 71, '2016-08-10 08:46:53', '2016-06-29 19:39:20'),
(204, 17, 'Nicholas Ray', '82902 Bultman Plaza', '1962-02-25', 'Male', '802638318', '505034732', 'nraybc@flavors.me', '4284756387', '1999-12-20', 'Xinshui', 'Y', 83, 39, '2017-04-10 10:31:25', '2016-06-08 03:42:16'),
(205, 80, 'Sean Morales', '946 Truax Hill', '1995-07-17', 'Male', '832409355', '786547184', 'smoralesbd@over-blog.com', '2328300252', '1994-01-21', 'Genyem', 'Y', 17, 22, '2016-10-01 11:29:37', '2016-10-02 11:29:11'),
(206, 80, 'Jerry Brooks', '86 Carpenter Place', '1995-02-08', 'Male', '774532445', '226693736', 'jbrooksbf@shutterfly.com', '5092091810', '1992-06-25', 'Sderham', 'Y', 36, 43, '2017-03-12 09:38:18', '2017-03-17 06:56:21'),
(207, 30, 'John Carroll', '67825 Briar Crest Lane', '1991-09-15', 'Male', '777991926', '806824678', 'jcarrollbg@omniture.com', '2930274509', '1999-01-12', 'Novocherkassk', 'Y', 23, 57, '2016-07-25 05:40:10', '2017-04-07 00:45:58'),
(208, 33, 'Christopher Henry', '2567 Clove Center', '1992-05-02', 'Male', '229147999', '600878905', 'chenrybj@yahoo.com', '5875608455', '1998-01-31', 'Guanlu', 'Y', 77, 23, '2016-11-16 03:10:00', '2016-06-13 01:09:58'),
(209, 72, 'Frank Ruiz', '81302 Thackeray Plaza', '1983-04-21', 'Male', '988178832', '591189033', 'fruizbn@arstechnica.com', '6163967602', '1998-11-14', 'Amboasary', 'Y', 22, 36, '2017-03-10 22:43:05', '2016-10-27 19:00:02'),
(210, 34, 'Douglas Watkins', '0 Eagan Parkway', '1978-12-11', 'Male', '575735314', '203911907', 'dwatkinsbp@163.com', '7144303807', '1995-06-24', 'Cangu', 'Y', 50, 78, '2017-02-10 14:22:04', '2016-11-12 13:24:32'),
(211, 81, 'Christopher Campbell', '9757 Drewry Alley', '1968-05-23', 'Male', '694827756', '281245666', 'ccampbellbz@hexun.com', '3125502368', '1999-01-05', 'Trondheim', 'Y', 16, 36, '2016-08-24 09:57:41', '2016-10-18 11:04:29'),
(212, 17, 'Jose Little', '3263 Paget Point', '1977-11-25', 'Male', '479890438', '254033504', 'jlittlec1@deliciousdays.com', '5856123381', '1994-08-31', 'Sparks', 'Y', 56, 29, '2016-10-26 16:42:28', '2016-11-29 19:12:53'),
(213, 84, 'Patrick Diaz', '896 Petterle Plaza', '1961-07-28', 'Male', '269245681', '578247783', 'pdiazc5@disqus.com', '6147449296', '1995-07-09', 'Parapat', 'Y', 61, 13, '2016-06-05 23:46:32', '2016-10-28 05:35:23'),
(214, 77, 'Daniel Jones', '985 Helena Point', '1979-04-07', 'Male', '356567343', '311501624', 'djonesc6@furl.net', '2760878640', '2000-03-08', 'Aksha', 'Y', 26, 40, '2016-11-26 22:47:17', '2016-10-08 18:35:58'),
(215, 69, 'George Perkins', '38085 Lerdahl Trail', '1984-12-09', 'Male', '861789575', '689895047', 'gperkinsc8@uol.com.br', '2062293279', '1991-05-24', 'Caieiras', 'Y', 68, 20, '2016-07-01 23:11:43', '2016-05-12 04:40:02'),
(216, 57, 'John Simpso', '92 Gateway Trail', '1989-01-09', 'Male', '278445920', '269090512', 'jsimpsonca@nature.com', '7976045418', '1991-09-06', 'Mosty', 'Y', 15, 64, '2016-04-29 02:48:31', '2017-01-21 22:02:19'),
(217, 68, 'Thomas Lopez', '5402 Merrick Court', '1979-12-01', 'Male', '667864062', '535782661', 'tlopezcc@twitpic.com', '7825449895', '1992-01-08', 'Dobrote', 'Y', 9, 18, '2017-03-20 17:40:03', '2016-12-12 01:00:19'),
(218, 26, 'Patrick Rya', '10301 Susan Street', '1971-06-05', 'Male', '851011058', '533950671', 'pryancf@artisteer.com', '8952732919', '1997-09-03', 'Odemira', 'Y', 13, 24, '2017-03-07 02:33:52', '2017-02-01 19:53:31'),
(219, 32, 'Ralph Moreno', '29271 Everett Center', '1962-11-01', 'Male', '555866085', '592912958', 'rmorenock@quantcast.com', '9690973730', '1996-12-22', 'Portela', 'Y', 77, 52, '2016-06-18 22:10:10', '2016-07-12 17:06:03'),
(220, 24, 'Patrick Maso', '749 Autumn Leaf Terrace', '1973-02-25', 'Male', '314511028', '114578869', 'pmasoncm@shinystat.com', '4900700265', '1998-10-17', 'Ebebiyi', 'Y', 99, 82, '2016-05-12 12:13:50', '2017-04-12 15:27:55'),
(221, 32, 'Adam Watso', '0 Oak Lane', '1991-01-01', 'Male', '139859936', '443683768', 'awatsonco@aboutads.info', '9598675216', '1990-10-13', 'Bangui', 'Y', 47, 33, '2017-01-09 10:34:22', '2016-05-17 19:47:10'),
(222, 42, 'Charles Nelso', '013 Gerald Avenue', '1963-08-18', 'Male', '776885727', '320128761', 'cnelsoncp@eventbrite.com', '4690529812', '1998-12-08', 'Konstantynw Ldzki', 'Y', 99, 55, '2016-12-12 07:52:16', '2017-04-01 00:22:58'),
(223, 81, 'Jeremy Day', '38679 Elgar Street', '1964-08-10', 'Male', '560521500', '477861035', 'jdaycq@list-manage.com', '4575528792', '1992-12-30', 'Suraz', 'Y', 65, 65, '2016-12-07 12:59:54', '2017-01-24 17:51:08'),
(224, 61, 'Ralph Mills', '0253 Brentwood Plaza', '1971-07-17', 'Male', '891390129', '779596745', 'rmillscr@jiathis.com', '5622742500', '1997-02-03', 'Miguel Calmo', 'Y', 4, 97, '2016-04-25 07:24:39', '2016-04-22 17:58:48'),
(225, 33, 'Harold Graham', '165 Schmedeman Center', '1974-03-28', 'Male', '687107484', '641673472', 'hgrahamcs@scientificamerican.com', '3313261159', '1994-01-05', 'Hamilto', 'Y', 87, 58, '2017-01-26 19:31:44', '2017-02-17 06:16:40'),
(226, 5, 'Fred Peterso', '75032 Schurz Point', '1977-10-15', 'Male', '543082527', '799865834', 'fpetersoncx@spotify.com', '3423986853', '1999-03-08', 'Pulau Pinang', 'Y', 85, 94, '2017-03-22 23:42:19', '2016-10-15 10:03:26'),
(227, 39, 'Gary Henry', '87 Arrowood Court', '1996-10-05', 'Male', '684379752', '885118908', 'ghenrycz@myspace.com', '6677116800', '1997-09-13', 'Wutongkou', 'Y', 100, 45, '2016-08-02 11:23:09', '2016-07-30 07:25:39');
INSERT INTO `customer` (`idCUSTOMER`, `idBranch`, `Name`, `Address`, `Birthday`, `Sex`, `Phone`, `Fax`, `Email`, `ID_NUMBER`, `ID_DATE`, `ID_PLACE`, `Status`, `Created_by`, `Last_update_by`, `Created_date`, `Last_update_date`) VALUES
(228, 51, 'Michael Owens', '62902 Hooker Crossing', '1972-10-14', 'Male', '161593512', '766856677', 'mowensd0@nbcnews.com', '6058352181', '1999-05-19', 'Zhalinghu', 'Y', 15, 94, '2016-11-23 02:42:58', '2016-05-23 02:34:48'),
(229, 4, 'Albert Fisher', '97072 Brickson Park Lane', '1988-05-17', 'Male', '654082774', '408010183', 'afisherd8@squarespace.com', '7237857717', '1994-01-23', 'Veguitas', 'Y', 44, 89, '2017-01-20 01:12:37', '2016-11-24 01:45:51'),
(230, 78, 'Stephen Meyer', '51 Pankratz Pass', '1994-08-16', 'Male', '469612216', '903611232', 'smeyerd9@uol.com.br', '2348538166', '1993-07-14', 'Dallas', 'Y', 67, 60, '2016-07-18 23:35:36', '2016-05-13 12:40:20'),
(231, 29, 'Carlos nzalez', '4146 8th Parkway', '1972-10-03', 'Male', '564977354', '700306795', 'cnzalezda@nyu.edu', '6859638499', '1992-01-22', 'Malitbog', 'Y', 92, 90, '2017-04-10 12:27:02', '2017-02-04 13:28:31'),
(232, 46, 'Sean Scott', '06145 Carioca Center', '1965-10-10', 'Male', '221069960', '422776574', 'sscottdh@edublogs.org', '6842681712', '1990-09-10', 'Laaa', 'Y', 65, 92, '2017-04-04 02:40:40', '2017-03-18 17:53:32'),
(233, 16, 'Randy Johnsto', '2 Sommers Junctio', '1992-01-19', 'Male', '581942030', '506247893', 'rjohnstondi@constantcontact.com', '9116215184', '1997-07-01', 'Sibut', 'Y', 35, 35, '2017-01-08 04:13:00', '2016-10-31 06:15:44'),
(234, 70, 'Martin Schmidt', '8 Service Junctio', '1993-12-10', 'Male', '672177211', '887149269', 'mschmidtdj@networkadvertising.org', '7851607430', '1993-06-20', 'Sacramento', 'Y', 39, 47, '2017-02-13 09:48:42', '2016-05-21 11:27:40'),
(235, 9, 'Frank Watso', '1 Bonner Street', '2000-03-17', 'Male', '424565913', '755769997', 'fwatsondk@stanford.edu', '6815020794', '1994-08-26', 'Zangbi', 'Y', 86, 35, '2016-05-18 00:37:13', '2017-01-14 03:37:54'),
(236, 59, 'Thomas Hicks', '7066 Cascade Way', '1969-06-10', 'Male', '580350975', '692563053', 'thicksdl@sciencedirect.com', '6944156008', '1996-09-21', 'Non Sang', 'Y', 36, 97, '2016-12-24 14:50:37', '2017-02-17 00:08:31'),
(237, 42, 'Carl Cox', '8995 Lakewood Gardens Point', '1982-02-23', 'Male', '551804865', '489569348', 'ccoxdn@discovery.com', '2403649423', '1992-05-14', 'Aguilares', 'Y', 82, 93, '2017-04-09 04:52:57', '2016-05-13 13:19:50'),
(238, 22, 'Jimmy Ward', '69240 Lunder Avenue', '1989-03-02', 'Male', '897163843', '355814028', 'jwarddo@technorati.com', '8321406724', '2000-02-12', 'Novopokrovskaya', 'Y', 49, 44, '2016-11-17 15:22:13', '2017-03-29 12:55:32'),
(239, 18, 'Harry Reid', '7 Susan Terrace', '1987-08-25', 'Male', '543694572', '981187007', 'hreiddr@etsy.com', '2244476025', '1996-01-18', 'Chengna', 'Y', 56, 12, '2016-07-31 14:15:40', '2016-10-19 22:40:32'),
(240, 18, 'Edward Barnes', '62 Rockefeller Hill', '1969-07-01', 'Male', '741359327', '963492450', 'ebarnesdu@paginegialle.it', '5612253276', '1998-09-24', 'Xihu', 'Y', 55, 90, '2017-03-10 04:06:30', '2016-05-30 05:50:39'),
(241, 42, 'Steven Howard', '4 Bonner Avenue', '1988-04-18', 'Male', '340705471', '401810451', 'showarddv@bandcamp.com', '5866146551', '1995-08-16', 'Bachaquero', 'Y', 18, 72, '2017-02-18 07:51:41', '2017-01-04 13:30:39'),
(242, 18, 'Donald Harriso', '5215 Alpine Way', '1975-10-02', 'Male', '649598837', '325759461', 'dharrisondw@discovery.com', '6869593504', '1999-10-25', 'Helie', 'Y', 84, 46, '2016-10-20 04:15:05', '2016-09-12 22:08:43'),
(243, 37, 'Paul Warre', '034 Old Shore Trail', '1977-11-04', 'Male', '923356701', '742360700', 'pwarrendx@usa.v', '1432538152', '1999-10-16', 'Shchastya', 'Y', 43, 34, '2016-07-06 16:31:02', '2017-02-26 11:45:25'),
(244, 21, 'Juan Alvarez', '5579 Oxford Place', '1962-04-27', 'Male', '392042466', '668626028', 'jalvareze0@java.com', '7208807570', '1994-04-13', 'Amouguer', 'Y', 67, 10, '2016-07-07 03:01:05', '2016-12-30 03:38:06'),
(245, 71, 'Douglas Webb', '4 Walton Lane', '1976-04-30', 'Male', '977660789', '423555669', 'dwebbe3@cdc.v', '5553356973', '1992-11-06', 'Bangila', 'Y', 51, 23, '2016-08-25 21:09:46', '2017-03-12 07:20:16'),
(246, 86, 'Jesse Oliver', '94223 Kingsford Lane', '1978-01-01', 'Male', '467476043', '657309467', 'jolivere6@microsoft.com', '6812235723', '1992-03-07', 'Kitaf', 'Y', 48, 94, '2016-04-26 03:20:45', '2016-10-12 08:38:06'),
(247, 58, 'Christopher Alvarez', '39 Walton Plaza', '1992-12-07', 'Male', '674087530', '205827591', 'calvareze8@bloglines.com', '6827816486', '1999-09-27', 'Munka-Ljungby', 'Y', 12, 97, '2016-07-05 07:16:00', '2016-05-17 21:49:29'),
(248, 3, 'Carl Johnsto', '85 Moulton Avenue', '1964-02-26', 'Male', '456391032', '243018143', 'cjohnstone9@desdev.c', '5332121970', '1992-10-04', 'Wangliao', 'Y', 66, 77, '2016-10-18 12:12:56', '2016-09-25 08:28:50'),
(249, 14, 'Earl Wilso', '240 Bartillon Street', '1971-06-27', 'Male', '956419286', '705515067', 'ewilsonea@prlog.org', '1389051404', '1996-10-11', 'Verkhniy Lomov', 'Y', 29, 49, '2016-08-29 21:02:54', '2017-03-02 04:15:48'),
(250, 62, 'John Ramirez', '38 Meadow Ridge Crossing', '1984-05-04', 'Male', '599030638', '562998456', 'jramirezec@deliciousdays.com', '9036676091', '1990-10-02', 'Padangulaktanding', 'Y', 59, 19, '2016-11-07 22:53:56', '2017-02-21 19:14:18'),
(251, 83, 'Jason Cole', '86625 Lyons Hill', '1990-08-18', 'Male', '785038884', '331724679', 'jcoleee@dot.v', '9508041748', '1992-01-10', 'Hefu', 'Y', 50, 13, '2016-07-26 12:51:48', '2016-12-28 23:20:26'),
(252, 51, 'Gerald Stewart', '43 Mcbride Drive', '1989-05-14', 'Male', '952031404', '153904424', 'gstewarteg@addtoany.com', '6900000576', '1999-05-22', 'Sviblovo', 'Y', 87, 76, '2016-08-06 14:13:06', '2016-09-10 05:43:26'),
(253, 10, 'Eric Reed', '5444 Manitowish Junctio', '1982-09-15', 'Male', '389546602', '495321194', 'ereedeh@surveymonkey.com', '7017776494', '1993-07-27', 'Mingjiu', 'Y', 70, 89, '2016-08-06 18:35:34', '2016-12-30 19:33:40'),
(254, 55, 'David Willis', '9871 Stoughton Court', '1992-08-11', 'Male', '238689829', '438411743', 'dwillisei@omniture.com', '5803895572', '1992-09-18', 'Cidamar', 'Y', 56, 51, '2016-12-19 21:50:39', '2016-06-28 04:55:08'),
(255, 92, 'Brandon Crawford', '785 Old Shore Way', '1993-03-30', 'Male', '675483007', '915929621', 'bcrawfordem@netscape.com', '2913144115', '1993-04-04', 'Baddomalhi', 'Y', 55, 3, '2016-12-12 00:22:36', '2017-01-11 11:21:58'),
(256, 89, 'Paul Peterso', '40331 Gerald Point', '1969-12-18', 'Male', '209237206', '646033655', 'ppetersonen@dii.com', '8743989152', '1996-09-13', 'Batiano', 'Y', 18, 1, '2016-04-25 12:05:05', '2016-10-08 10:20:33'),
(257, 48, 'Henry King', '4630 Delladonna Street', '1973-05-16', 'Male', '895747170', '727861749', 'hkinget@cmu.edu', '8030683847', '2000-01-20', 'Huancheng', 'Y', 36, 1, '2016-09-28 03:29:35', '2016-04-25 19:27:02'),
(258, 44, 'Russell Thompso', '218 Corry Alley', '1996-07-28', 'Male', '939931871', '266925323', 'rthompsonex@bing.com', '3495089345', '1999-01-19', 'Arenas', 'Y', 67, 60, '2016-12-28 10:45:44', '2016-04-27 02:23:46'),
(259, 30, 'Jeffrey Smith', '135 Saint Paul Center', '1967-05-12', 'Male', '563170344', '704358612', 'jsmithey@livejournal.com', '9117882061', '1992-01-11', 'Haapsalu', 'Y', 59, 87, '2016-08-15 14:58:07', '2016-04-24 13:15:26'),
(260, 10, 'Jonathan Morga', '4 Ridge Oak Center', '1998-01-22', 'Male', '634807351', '850988583', 'jmorganf3@epa.v', '5810686833', '1999-12-02', 'Gvle', 'Y', 23, 39, '2016-09-19 17:24:20', '2016-09-09 18:02:08'),
(261, 19, 'Shawn Dun', '2 Corben Avenue', '1967-10-13', 'Male', '385634333', '870114630', 'sdunnf4@issuu.com', '6979260684', '1995-08-24', 'Aulnay-sous-Bois', 'Y', 35, 18, '2016-12-06 04:46:21', '2016-06-09 02:47:25'),
(262, 8, 'Howard Bailey', '74 Spaight Hill', '1983-12-29', 'Male', '449899903', '630456881', 'hbaileyf5@edublogs.org', '5894377896', '1992-07-19', 'Nuradilovo', 'Y', 100, 80, '2017-03-07 05:29:26', '2016-07-03 11:39:51'),
(263, 71, 'Dennis Clark', '805 Melvin Alley', '1998-01-06', 'Male', '210239888', '309073278', 'dclarkf6@ogle.co.jp', '4671214359', '1996-04-24', 'Kovrsk', 'Y', 18, 35, '2016-08-02 14:16:16', '2017-04-04 15:10:01'),
(264, 36, 'Jason Woods', '541 Kensington Alley', '1980-10-27', 'Male', '267226002', '833596218', 'jwoodsf7@geocities.jp', '2579272414', '1997-06-07', 'Shuanghe', 'Y', 20, 3, '2017-02-24 20:00:18', '2016-09-12 21:26:30'),
(265, 74, 'Harry Long', '87756 Elgar Trail', '1993-06-20', 'Male', '333107162', '409352638', 'hlongf9@geocities.jp', '6085637879', '1994-02-13', 'Hultsfred', 'Y', 14, 43, '2016-10-22 15:54:42', '2017-03-16 23:10:29'),
(266, 92, 'Howard Wright', '750 Drewry Park', '1974-11-15', 'Male', '871071614', '224006826', 'hwrightfb@ogle.es', '7903968848', '1990-05-17', 'Radovitskiy', 'Y', 70, 10, '2017-01-09 11:43:56', '2017-03-08 02:51:45'),
(267, 90, 'Thomas Olso', '945 Starling Junctio', '1984-08-01', 'Male', '520259227', '730999986', 'tolsonfe@ox.ac.uk', '7231307256', '1993-02-07', 'Divjak', 'Y', 52, 67, '2016-10-19 14:21:38', '2016-06-27 17:40:58'),
(268, 100, 'Steve Gilbert', '984 Annamark Road', '1989-03-16', 'Male', '171637627', '543592198', 'sgilbertff@samsung.com', '8277980179', '2000-02-27', 'Cerava', 'Y', 75, 72, '2016-12-11 23:06:31', '2017-03-18 23:03:34'),
(269, 19, 'Stephen Davis', '7570 Bobwhite Place', '1975-10-01', 'Male', '265226818', '483279238', 'sdavisfg@shareasale.com', '1218559106', '1997-03-14', 'Skoroszyce', 'Y', 8, 4, '2016-12-11 00:30:04', '2016-11-05 22:44:41'),
(270, 100, 'Jeffrey Johnso', '0932 Judy Center', '1986-08-26', 'Male', '732628055', '801775759', 'jjohnsonfh@chicatribune.com', '7326179294', '1995-05-28', 'Ribeiro Preto', 'Y', 82, 6, '2016-08-17 18:27:13', '2016-07-14 07:17:33'),
(271, 94, 'Albert Mcdonald', '49 Sutteridge Avenue', '1983-05-12', 'Male', '453096104', '739526566', 'amcdonaldfn@businessweek.com', '8804144876', '1991-02-17', 'Bokkos', 'Y', 51, 79, '2017-02-17 18:30:24', '2016-05-03 22:38:43'),
(272, 41, 'Jimmy Larso', '96411 Hagan Way', '1961-02-05', 'Male', '430140911', '755606208', 'jlarsonfp@jigsy.com', '2216930097', '1999-05-30', 'Lagunillas', 'Y', 75, 59, '2017-02-16 04:23:20', '2016-09-10 21:14:09'),
(273, 70, 'Martin Lewis', '3328 Mesta Parkway', '1973-05-09', 'Male', '347621216', '378119696', 'mlewisfr@zdnet.com', '9815444829', '1996-05-27', 'Guaimaca', 'Y', 11, 63, '2016-10-03 00:42:13', '2017-01-18 10:58:04'),
(274, 88, 'Shawn Peterso', '32 Sullivan Road', '1972-11-30', 'Male', '975479677', '336782633', 'spetersonft@nyu.edu', '4618161617', '1995-11-19', 'Port Moody', 'Y', 36, 25, '2016-11-05 08:35:33', '2016-09-15 16:16:44'),
(275, 100, 'Jack Roberts', '72 Artisan Court', '1989-12-07', 'Male', '703489421', '875299685', 'jrobertsfu@yale.edu', '3623406135', '1999-08-11', 'Mu?ng Nh', 'Y', 62, 36, '2016-05-03 22:34:24', '2016-08-01 05:16:24'),
(276, 87, 'John Rose', '63818 Hagan Alley', '1998-09-17', 'Male', '924217535', '268346161', 'jrosefz@wp.com', '7191896846', '1997-05-17', 'Pampa del Infierno', 'Y', 96, 55, '2016-12-05 03:13:55', '2016-09-07 05:03:31'),
(277, 33, 'Edward Butler', '027 Killdeer Alley', '1981-02-22', 'Male', '816951038', '432730858', 'ebutlerg1@weather.com', '2922278206', '1997-01-18', 'Dobrv', 'Y', 75, 60, '2016-12-09 17:24:47', '2017-01-07 01:52:25'),
(278, 83, 'Kenneth Daniels', '4694 Brown Crossing', '1990-10-13', 'Male', '455824071', '633982034', 'kdanielsg4@1und1.de', '9331549944', '1997-02-28', 'Chernyshkovskiy', 'Y', 68, 67, '2016-05-31 23:04:36', '2016-05-17 01:31:08'),
(279, 86, 'Jesse Daniels', '4035 Cherokee Center', '1996-05-05', 'Male', '717435828', '513872155', 'jdanielsg5@gnu.org', '7765530947', '1997-08-31', 'Jinhui', 'Y', 26, 31, '2016-06-22 12:50:58', '2017-01-13 01:25:29'),
(280, 31, 'Peter Cook', '834 Homewood Road', '1988-03-30', 'Male', '340406132', '737240730', 'pcookg6@vistaprint.com', '8731607482', '1998-01-20', 'Sampit', 'Y', 87, 55, '2017-03-20 22:32:11', '2017-02-24 23:37:07'),
(281, 43, 'Walter Ortiz', '2 Southridge Street', '1971-03-31', 'Male', '416850953', '564528679', 'wortizg7@weather.com', '8657878590', '1993-06-04', 'Zhihe', 'Y', 71, 8, '2016-05-21 14:24:54', '2016-11-08 03:56:48'),
(282, 8, 'Jerry Day', '168 Hoepker Way', '1981-11-14', 'Male', '687475968', '754169728', 'jdayg9@ogle.nl', '1200840455', '1992-01-09', 'Scholkine', 'Y', 47, 94, '2016-12-17 17:33:21', '2016-05-23 00:26:51'),
(283, 39, 'Brian Day', '44 Waxwing Point', '1986-12-05', 'Male', '633272822', '155468250', 'bdayga@blinklist.com', '1135042410', '1998-07-17', 'Marong', 'Y', 54, 26, '2016-06-12 16:03:50', '2017-03-29 00:25:14'),
(284, 20, 'Stephen Anderso', '6 Nova Plaza', '1965-07-03', 'Male', '706532578', '353933924', 'sandersongd@bizjournals.com', '7362991899', '1991-06-13', 'Tumaco', 'Y', 49, 49, '2016-04-23 00:19:22', '2016-12-31 10:42:48'),
(285, 41, 'Scott Harper', '8762 Bay Road', '1991-07-08', 'Male', '535655517', '253812690', 'sharperge@fda.v', '4062178294', '1997-04-10', 'Eslv', 'Y', 56, 40, '2016-10-05 05:33:16', '2016-04-23 15:46:40'),
(286, 21, 'Albert Owens', '1 Grasskamp Plaza', '1961-12-11', 'Male', '452205091', '593393372', 'aowensgf@topsy.com', '1217994772', '1998-08-18', 'Monte Bay', 'Y', 29, 35, '2016-07-25 06:53:42', '2016-06-15 03:43:38'),
(287, 15, 'Jason Shaw', '5 Anderson Parkway', '1973-05-05', 'Male', '709601725', '835992446', 'jshawgg@163.com', '3800883996', '1991-01-27', 'Pa Bo', 'Y', 87, 12, '2017-03-28 06:28:21', '2016-05-20 23:39:12'),
(288, 65, 'Jose Collins', '1463 Kennedy Park', '1981-04-04', 'Male', '277935438', '924201157', 'jcollinsgi@sou.com', '5626573099', '1995-03-18', 'Tucur', 'Y', 93, 6, '2017-02-11 11:31:15', '2016-11-01 16:52:03'),
(289, 93, 'Wayne Andrews', '8 Veith Drive', '1977-10-09', 'Male', '115186601', '829403154', 'wandrewsgj@wsj.com', '8124761420', '1997-12-24', 'eliv', 'Y', 25, 89, '2016-12-16 05:17:30', '2017-03-15 14:52:59'),
(290, 47, 'Victor Bradley', '70013 Quincy Court', '1994-08-06', 'Male', '935951967', '843274450', 'vbradleygl@sourceforge.net', '7630809655', '1993-01-15', 'Bandungsari', 'Y', 96, 48, '2016-09-09 12:38:11', '2017-02-05 11:35:44'),
(291, 9, 'Paul Moreno', '88 Oak Valley Trail', '1998-02-28', 'Male', '217352249', '251711807', 'pmorenogm@indie.com', '2266045420', '1990-12-23', 'Ell', 'Y', 65, 96, '2017-03-22 12:02:42', '2017-03-25 09:42:50'),
(292, 4, 'Dennis Cole', '08 Colorado Circle', '1976-04-27', 'Male', '366126830', '118983048', 'dcolegp@exblog.jp', '8676426718', '1998-09-23', 'Miretice', 'Y', 64, 77, '2016-09-09 10:10:31', '2016-11-22 12:05:09'),
(293, 89, 'Phillip Nelso', '44547 Calypso Avenue', '1971-05-26', 'Male', '794585269', '498264840', 'pnelsongq@technorati.com', '4568728763', '1994-08-20', 'Port Area', 'Y', 61, 81, '2016-05-31 04:31:08', '2016-09-04 08:46:25'),
(294, 43, 'Douglas Nichols', '077 Norway Maple Crossing', '1998-07-23', 'Male', '222871313', '115466520', 'dnicholsgr@chicatribune.com', '8797590009', '1995-11-28', 'Acara', 'Y', 1, 51, '2017-01-11 01:43:59', '2016-11-30 18:42:13'),
(295, 84, 'Roger Young', '745 Derek Way', '1993-04-25', 'Male', '596393894', '644733539', 'ryounggs@soundcloud.com', '6405268611', '1990-09-20', 'Ismayilli', 'Y', 10, 97, '2016-05-04 19:23:23', '2016-06-10 01:42:11'),
(296, 64, 'Johnny Ramos', '1977 Amoth Hill', '1989-08-04', 'Male', '334693743', '513926030', 'jramosgt@merriam-webster.com', '9125729177', '1996-10-04', 'Kilmez', 'Y', 56, 68, '2017-01-13 13:49:15', '2016-07-08 22:04:53'),
(297, 66, 'Anthony Moreno', '1 2nd Street', '1987-11-13', 'Male', '834537357', '757889409', 'amorenogu@nps.v', '3571429612', '1991-03-09', 'Reisjrvi', 'Y', 67, 92, '2016-11-20 14:05:08', '2016-06-30 01:21:52'),
(298, 53, 'John Dunca', '9 Forest Run Pass', '1968-08-15', 'Male', '642256056', '645560266', 'jduncangv@issuu.com', '3671141686', '1998-02-24', 'Kokagax', 'Y', 79, 9, '2016-12-11 23:16:43', '2016-10-12 23:34:51'),
(299, 81, 'Juan Jorda', '3 Duke Alley', '1972-03-03', 'Male', '244738880', '800219852', 'jjordangw@addthis.com', '3936376873', '1993-10-17', 'Chencu', 'Y', 51, 46, '2017-02-03 16:11:38', '2017-02-20 02:29:05'),
(300, 36, 'Harry Mccoy', '06796 Lien Pass', '1980-04-16', 'Male', '797682373', '679391081', 'hmccoygy@mysql.com', '6627300887', '1996-06-27', 'Staraya Stanitsa', 'Y', 98, 73, '2017-03-02 22:07:19', '2016-11-18 23:47:15'),
(301, 41, 'Johnny Sims', '62240 Esch Trail', '1980-12-09', 'Male', '927661923', '359457160', 'jsimsh1@merriam-webster.com', '9761764891', '1993-06-05', 'Chengjiao Chengguanzhe', 'Y', 1, 52, '2016-07-16 10:47:54', '2016-11-23 20:47:50'),
(302, 54, 'Jimmy Cooper', '273 Eastwood Parkway', '1965-10-04', 'Male', '327658348', '221366945', 'jcooperh2@jigsy.com', '4380029644', '1998-09-04', 'Tulay na Lupa', 'Y', 52, 98, '2017-01-05 06:00:18', '2016-07-24 12:32:27'),
(303, 64, 'Craig Woods', '2148 Mcguire Drive', '1992-10-23', 'Male', '457860166', '113528289', 'cwoodsh3@slate.com', '2062517834', '1998-05-16', 'Huacachi', 'Y', 97, 61, '2016-10-22 19:34:34', '2016-10-23 00:30:19'),
(304, 71, 'Mark Weaver', '644 Fairview Plaza', '1979-12-09', 'Male', '863269265', '605353209', 'mweaverh4@nba.com', '2752207265', '1990-05-27', 'Kizilyurt', 'Y', 15, 45, '2016-10-09 17:01:40', '2016-05-14 02:36:56'),
(305, 47, 'Albert Myers', '0267 Butterfield Drive', '1996-12-18', 'Male', '158121391', '583372534', 'amyersh5@comcast.net', '8264968249', '1990-07-16', 'Daphu', 'Y', 94, 55, '2017-04-08 04:31:00', '2016-11-09 12:18:10'),
(306, 79, 'Brandon Bell', '11 Bowman Avenue', '1999-08-29', 'Male', '878916407', '557731113', 'bbellh7@un.org', '4014607282', '1999-09-20', 'Baojia', 'Y', 1, 42, '2016-08-08 19:15:28', '2016-07-28 10:22:25'),
(307, 39, 'Roger Lee', '579 Schmedeman Crossing', '1991-06-14', 'Male', '527317125', '482673469', 'rleehc@furl.net', '3529880948', '1994-07-17', 'Innoshima', 'Y', 59, 2, '2016-10-13 08:59:25', '2016-06-02 01:53:52'),
(308, 3, 'Carl Stevens', '4085 Nobel Alley', '1970-03-13', 'Male', '382781502', '586439752', 'cstevenshd@dyndns.org', '6053674611', '1994-06-22', 'Kiszkowo', 'Y', 15, 89, '2016-06-08 13:28:24', '2016-11-04 19:00:01'),
(309, 91, 'Chris Boyd', '8136 Roth Parkway', '1966-10-16', 'Male', '636656525', '140508921', 'cboydhe@nymag.com', '9710292596', '1994-02-01', 'Bokaa', 'Y', 99, 7, '2016-11-20 22:03:58', '2016-05-09 12:20:44'),
(310, 28, 'Harry King', '9 Jenifer Parkway', '1970-02-10', 'Male', '114902717', '885930980', 'hkinghh@twitpic.com', '2896185339', '1996-12-23', 'Frdek-Mstek', 'Y', 82, 42, '2016-06-18 13:48:05', '2016-09-02 06:21:08'),
(311, 19, 'Robert Parker', '8 Gateway Plaza', '1963-11-26', 'Male', '913078399', '173364936', 'rparkerhk@columbia.edu', '4714130998', '1994-02-20', 'Ratchaburi', 'Y', 94, 29, '2016-09-13 21:36:31', '2017-02-04 20:47:06'),
(312, 41, 'Lawrence Burns', '7178 Rusk Alley', '1975-05-10', 'Male', '239294976', '530476995', 'lburnshl@paypal.com', '3535268137', '1992-04-15', 'Narok', 'Y', 63, 88, '2016-06-22 06:55:03', '2016-05-13 17:17:18'),
(313, 7, 'Terry Robertso', '570 Judy Center', '1983-11-08', 'Male', '111760529', '947936092', 'trobertsonhm@webmd.com', '1272467966', '1991-06-10', 'Villeneuve-ls-Avigno', 'Y', 8, 38, '2016-11-12 11:30:41', '2016-06-08 22:00:57'),
(314, 9, 'Willie Sanchez', '454 Summer Ridge Hill', '1974-08-07', 'Male', '281155974', '815228952', 'wsanchezho@nymag.com', '4954012424', '1997-03-29', 'Buenavista', 'Y', 58, 4, '2016-08-11 11:54:21', '2017-02-16 20:34:11'),
(315, 39, 'David Maso', '3040 Fremont Point', '1966-08-25', 'Male', '450569539', '343402325', 'dmasonhp@howstuffworks.com', '9359375239', '1991-10-08', 'Liding', 'Y', 47, 15, '2017-01-30 18:32:22', '2016-07-03 02:06:59'),
(316, 79, 'Todd Wright', '52588 Manufacturers Circle', '1996-08-09', 'Male', '477909075', '416983240', 'twrighthq@cisco.com', '2401763056', '1990-11-07', 'Lta Wielka', 'Y', 11, 14, '2016-07-03 10:10:00', '2016-08-23 20:32:32'),
(317, 50, 'Henry Hanse', '59 Ryan Way', '1983-02-21', 'Male', '783191537', '173001479', 'hhansenhr@sou.com', '2002863875', '1992-12-19', 'Kardams', 'Y', 17, 74, '2017-02-23 06:19:27', '2016-09-24 15:27:44'),
(318, 39, 'Edward Medina', '456 Talisman Lane', '1962-02-22', 'Male', '273960390', '365892704', 'emedinaht@berkeley.edu', '8049319979', '1994-07-22', 'Paraso', 'Y', 33, 35, '2017-01-10 05:03:48', '2016-10-17 08:47:06'),
(319, 82, 'Terry Nichols', '79 Artisan Street', '1996-04-10', 'Male', '950007200', '971533732', 'tnicholshy@webeden.co.uk', '2349705053', '1998-01-17', 'San Francisco', 'Y', 72, 14, '2016-11-05 15:04:55', '2016-08-08 08:09:43'),
(320, 84, 'Matthew Carter', '13 Sheridan Avenue', '1988-04-15', 'Male', '300040665', '597705154', 'mcarterhz@independent.co.uk', '3645765572', '1995-06-01', 'Rucava', 'Y', 76, 63, '2016-09-06 10:19:21', '2016-12-16 05:39:20'),
(321, 87, 'Harry Carroll', '19790 Bultman Road', '1978-03-17', 'Male', '665457753', '693824515', 'hcarrolli0@bbc.co.uk', '2197398424', '1992-08-29', 'Dramme', 'Y', 61, 6, '2016-11-20 06:30:01', '2016-12-06 22:39:43'),
(322, 97, 'Larry Harvey', '0 Emmet Parkway', '1967-07-28', 'Male', '125002171', '620244786', 'lharveyi3@comcast.net', '8936638625', '1995-12-05', 'Orechov', 'Y', 15, 73, '2016-10-12 07:01:04', '2017-04-09 20:17:42'),
(323, 79, 'Jose Harriso', '92430 Portage Trail', '1989-02-15', 'Male', '733900046', '404107095', 'jharrisoni4@cmu.edu', '8896515269', '1997-04-22', 'Masvin', 'Y', 69, 59, '2017-04-16 03:54:02', '2016-10-26 17:56:03'),
(324, 95, 'Arthur James', '5 Oneill Park', '1975-06-19', 'Male', '778230245', '429460826', 'ajamesi5@virginia.edu', '2168144700', '1997-01-16', 'Itapecuru Mirim', 'Y', 12, 11, '2016-09-27 13:05:11', '2016-06-29 10:31:03'),
(325, 35, 'Paul Thompso', '6 Mosinee Terrace', '1963-06-04', 'Male', '550404157', '939838934', 'pthompsoni6@networksolutions.com', '4256369647', '1999-10-21', 'Marne-la-Valle', 'Y', 5, 50, '2017-01-22 09:32:07', '2016-09-15 00:09:34'),
(326, 22, 'Roger Wells', '8 Nobel Junctio', '1965-12-15', 'Male', '303735663', '761152983', 'rwellsi8@ogle.de', '1563227478', '1997-12-03', 'Nanxing', 'Y', 28, 19, '2016-06-05 21:08:23', '2016-09-17 08:43:46'),
(327, 4, 'Juan Griffi', '291 Stuart Way', '1993-02-04', 'Male', '675021077', '183317461', 'jgriffinid@cbc.ca', '3571333370', '1995-11-07', 'Xikou', 'Y', 18, 22, '2017-04-08 22:43:01', '2016-07-22 11:14:55'),
(328, 3, 'Eugene Schmidt', '1765 Heffernan Park', '1987-08-12', 'Male', '757780040', '356336869', 'eschmidtie@newsvine.com', '4415662092', '1999-02-18', 'Ngudu', 'Y', 40, 57, '2016-07-07 02:44:18', '2017-03-25 12:01:37'),
(329, 31, 'Mark Chapma', '68 Manitowish Place', '1985-01-27', 'Male', '223989656', '370246205', 'mchapmanif@netlog.com', '3787248033', '2000-02-05', 'Taohuajiang', 'Y', 54, 57, '2017-04-16 03:55:08', '2016-06-08 04:26:22'),
(330, 38, 'John Murray', '1021 Forest Point', '1991-08-26', 'Male', '789709718', '588598073', 'jmurrayig@home.pl', '5441757313', '1995-05-24', 'Lensk', 'Y', 91, 44, '2016-09-30 20:18:26', '2017-01-13 05:55:02'),
(331, 10, 'Robert Spencer', '0 Summit Terrace', '1986-09-29', 'Male', '836398569', '879177962', 'rspencerij@unesco.org', '6306139710', '1997-10-28', 'Baardheere', 'Y', 99, 41, '2017-01-28 02:46:12', '2016-07-25 07:06:00'),
(332, 78, 'Raymond Cox', '148 Carey Place', '1984-02-08', 'Male', '222854945', '300835739', 'rcoxik@fotki.com', '8528145636', '1996-10-24', 'Kedungtulup', 'Y', 80, 94, '2016-11-21 03:01:32', '2017-04-14 21:13:02'),
(333, 65, 'Ralph Sanchez', '6637 Shasta Plaza', '1969-08-18', 'Male', '184487590', '738916202', 'rsanchezim@themeforest.net', '7360702328', '1996-10-12', 'Los Pinos', 'Y', 85, 58, '2017-02-01 20:17:33', '2017-03-18 11:41:43'),
(334, 55, 'Joe Johnso', '9 Express Place', '1967-05-15', 'Male', '741921049', '924266099', 'jjohnsonio@deliciousdays.com', '7894306001', '1991-03-13', 'Yaurisque', 'Y', 20, 81, '2017-03-25 14:12:54', '2016-12-03 19:05:14'),
(335, 59, 'Albert Watso', '76 Morning Circle', '1972-08-12', 'Male', '803023071', '210558085', 'awatsonip@joomla.org', '1331732476', '1999-11-18', 'Skopje', 'Y', 41, 38, '2017-03-08 03:34:55', '2016-11-29 08:54:12'),
(336, 63, 'Timothy Williams', '408 Lakewood Circle', '1967-10-05', 'Male', '307864037', '624583073', 'twilliamsiq@dell.com', '9415891963', '1991-07-14', 'Lukov', 'Y', 15, 100, '2016-07-01 05:37:19', '2016-08-27 12:40:39'),
(337, 43, 'Edward Mccoy', '2 Schurz Point', '1982-02-12', 'Male', '794554267', '537666810', 'emccoyir@eepurl.com', '8512025568', '1992-01-11', 'Besano', 'Y', 72, 22, '2017-01-18 12:14:48', '2016-10-29 08:18:30'),
(338, 17, 'Ryan Mitchell', '94 Merry Plaza', '1995-05-11', 'Male', '863938916', '671046372', 'rmitchelliu@arstechnica.com', '9508801675', '1997-03-31', 'Leramatang', 'Y', 4, 35, '2016-08-09 11:17:31', '2017-02-21 04:31:09'),
(339, 80, 'Edward Carter', '293 Oakridge Place', '1989-11-06', 'Male', '211021782', '910781284', 'ecarteriw@sou.com', '4572311219', '1991-04-23', 'Taourirt', 'Y', 24, 77, '2016-11-30 06:13:06', '2016-08-13 08:58:10'),
(340, 48, 'David Anderso', '744 Mifflin Alley', '1995-07-15', 'Male', '766528789', '464468792', 'dandersonix@cnn.com', '3561442583', '1999-09-22', 'Banqiao', 'Y', 72, 25, '2016-08-14 07:07:41', '2016-07-01 03:52:33'),
(341, 8, 'Gerald Kelly', '48040 Hovde Road', '1988-11-18', 'Male', '673174445', '855018338', 'gkellyiy@walmart.com', '6016653970', '1990-11-18', 'Tilang', 'Y', 9, 25, '2016-07-02 01:59:19', '2016-10-12 10:18:18'),
(342, 14, 'Harold Rogers', '9057 Katie Crossing', '1971-10-05', 'Male', '342322148', '300650052', 'hrogersj0@devhub.com', '6683109256', '1990-04-30', 'Betong', 'Y', 14, 36, '2016-07-08 10:38:00', '2016-05-05 04:57:20'),
(343, 79, 'Thomas Reyes', '2 High Crossing Junctio', '1981-01-08', 'Male', '920844750', '471333954', 'treyesj1@nytimes.com', '8946579189', '1996-02-04', 'Maha Sarakham', 'Y', 32, 65, '2016-07-19 10:03:19', '2016-06-04 18:47:48'),
(344, 6, 'Samuel Snyder', '9493 Banding Way', '1960-05-13', 'Male', '584458326', '445249747', 'ssnyderj2@mapy.cz', '5130192067', '1993-02-04', 'Ilangay', 'Y', 58, 87, '2016-05-14 14:37:24', '2016-11-10 15:14:25'),
(345, 25, 'Andrew Rogers', '8440 Ruskin Parkway', '1964-05-01', 'Male', '982387689', '536506630', 'arogersj3@bravesites.com', '9015103699', '2000-03-12', 'Marechal Deodoro', 'Y', 46, 85, '2016-12-26 14:10:59', '2016-07-06 15:16:21'),
(346, 44, 'Shawn Shaw', '2 Talmadge Court', '1974-07-26', 'Male', '489802217', '257854157', 'sshawj4@phpbb.com', '6857912099', '1994-03-13', 'Pohonsirih', 'Y', 84, 86, '2016-05-22 11:55:49', '2016-06-27 10:43:21'),
(347, 27, 'James Fowler', '8462 Raven Drive', '1977-01-06', 'Male', '192753187', '661276209', 'jfowlerj6@cloudflare.com', '8270255144', '1990-06-25', 'Zmiyvka', 'Y', 65, 37, '2016-12-27 02:15:58', '2016-04-25 06:39:38'),
(348, 10, 'Jerry Andrews', '389 Spaight Parkway', '1991-12-06', 'Male', '676767532', '118531091', 'jandrewsj8@latimes.com', '7901735949', '1997-08-09', 'Dorud', 'Y', 37, 62, '2016-07-30 04:02:06', '2016-07-23 02:01:35'),
(349, 11, 'Samuel Hunter', '27 Mallard Street', '1962-10-14', 'Male', '526473767', '775341658', 'shunterjc@amazon.co.jp', '5901827107', '1991-04-09', 'Kaca', 'Y', 90, 59, '2016-07-08 01:08:46', '2016-07-26 14:04:56'),
(350, 56, 'Henry Torres', '7703 Ridge Oak Drive', '1987-03-08', 'Male', '748432178', '535798277', 'htorresjg@icq.com', '9058102355', '1996-05-23', 'Shatki', 'Y', 51, 93, '2016-07-11 04:31:51', '2017-01-21 17:24:13'),
(351, 60, 'Keith Bell', '59997 Eliot Center', '1980-10-01', 'Male', '561247064', '194703100', 'kbelljh@sphinn.com', '2960538365', '1993-06-25', 'Bislig', 'Y', 94, 91, '2017-03-23 08:09:10', '2016-05-06 22:33:42'),
(352, 74, 'Peter Anderso', '21 Melby Plaza', '1979-12-06', 'Male', '721093541', '518243835', 'pandersonjj@businesswire.com', '1871573495', '1999-10-07', 'Karanganyar', 'Y', 3, 84, '2016-06-15 10:31:20', '2017-02-03 01:05:43'),
(353, 77, 'Howard Jorda', '4 6th Terrace', '1972-12-02', 'Male', '693008440', '126489639', 'hjordanjk@chronoengine.com', '3813470905', '1990-05-03', 'Sar-e Pul', 'Y', 39, 11, '2016-04-22 21:30:09', '2016-06-02 01:33:18'),
(354, 61, 'Antonio Reynolds', '393 Crescent Oaks Circle', '1978-12-14', 'Male', '881333212', '258032900', 'areynoldsjl@cyberchimps.com', '7482249047', '1996-03-05', 'Kovel', 'Y', 91, 61, '2016-08-13 04:11:46', '2016-10-13 16:16:15'),
(355, 90, 'Mark Hicks', '78340 Springs Center', '1968-01-28', 'Male', '318368881', '691342411', 'mhicksjn@cdbaby.com', '4823997762', '1999-12-01', 'Lambayong', 'Y', 59, 72, '2016-10-24 07:23:55', '2016-11-01 00:44:50'),
(356, 8, 'Henry Harris', '79 Westerfield Center', '1981-07-06', 'Male', '654131528', '297891087', 'hharrisjo@ft.com', '3395878052', '1996-02-29', 'Ceres', 'Y', 53, 20, '2016-05-10 03:31:39', '2016-09-25 02:15:05'),
(357, 44, 'Ernest Henderso', '1 Washington Way', '1998-10-11', 'Male', '414725962', '897095504', 'ehendersonjp@issuu.com', '1244113198', '1991-09-07', 'Vienne', 'Y', 31, 44, '2017-03-04 23:44:32', '2017-04-05 22:43:18'),
(358, 100, 'Jimmy Gree', '647 Havey Circle', '1994-03-30', 'Male', '569253738', '342949055', 'jgreenjq@hostgator.com', '2987354620', '1999-10-06', 'Winangu', 'Y', 28, 62, '2017-01-27 07:43:03', '2016-06-01 04:11:37'),
(359, 39, 'Randy Taylor', '75377 Springs Circle', '1981-03-01', 'Male', '668866106', '280590729', 'rtaylorjw@parallels.com', '6858346012', '1992-07-17', 'Sla', 'Y', 56, 97, '2016-05-31 00:39:55', '2016-05-18 12:48:28'),
(360, 24, 'Charles Cunningham', '92288 Judy Court', '1969-03-06', 'Male', '809725507', '922432399', 'ccunninghamjy@acquirethisname.com', '3374129806', '1995-12-27', 'B?n C?u', 'Y', 85, 31, '2016-12-17 00:16:12', '2016-12-15 21:48:13'),
(361, 21, 'Timothy Frazier', '7293 Magdeline Parkway', '1995-07-02', 'Male', '905079257', '374246273', 'tfrazierjz@tripod.com', '3588453777', '1995-03-23', 'Dabburiya', 'Y', 95, 11, '2016-08-15 16:50:36', '2017-02-07 09:09:40'),
(362, 97, 'Eric Nguye', '912 Elgar Circle', '1984-03-19', 'Male', '456427679', '974472094', 'enguyenk4@ustream.tv', '9109858389', '1993-04-09', 'Telhado', 'Y', 85, 49, '2016-04-20 04:27:15', '2016-07-30 17:03:57'),
(363, 29, 'Terry Lynch', '5294 Swallow Street', '1963-09-24', 'Male', '845021837', '889454274', 'tlynchk7@ebay.com', '2962877737', '1998-07-04', 'Hyzne', 'Y', 21, 39, '2016-10-01 10:59:23', '2016-09-13 05:20:03'),
(364, 54, 'Joshua Evans', '1359 Randy Crossing', '1985-09-20', 'Male', '853547852', '806424119', 'jevansk8@bigcartel.com', '1285755987', '1992-08-29', 'Houmt Souk', 'Y', 67, 60, '2016-08-18 01:43:00', '2016-08-14 23:24:09'),
(365, 95, 'Gary mez', '1 Anhalt Alley', '1977-08-29', 'Male', '818296066', '826913284', 'gmezka@wsj.com', '1865687013', '1997-02-02', 'Khorramdarreh', 'Y', 34, 35, '2016-08-09 17:11:16', '2016-04-27 16:38:19'),
(366, 16, 'Shawn Berry', '42 Havey Drive', '1965-05-02', 'Male', '529813613', '536195024', 'sberrykb@msu.edu', '3303089724', '1993-11-11', 'Cala', 'Y', 87, 66, '2016-12-08 17:50:36', '2016-07-29 02:43:48'),
(367, 93, 'Patrick Reynolds', '2 Hovde Center', '1962-08-23', 'Male', '416128173', '345652963', 'preynoldskf@java.com', '1539071175', '1998-02-03', 'Na Plla', 'Y', 1, 91, '2016-09-20 17:10:19', '2017-01-26 12:01:06'),
(368, 66, 'Albert Evans', '49 John Wall Avenue', '1971-02-10', 'Male', '837483309', '244112365', 'aevanskg@amazon.com', '1347622162', '1994-04-14', 'Tatebayashi', 'Y', 60, 44, '2016-04-21 12:23:05', '2016-10-30 19:15:28'),
(369, 2, 'Juan Adams', '5 Columbus Hill', '1967-09-19', 'Male', '237836730', '141686875', 'jadamskk@tripadvisor.com', '2873795997', '1991-03-31', 'Grand Bois', 'Y', 10, 57, '2016-09-01 15:26:05', '2016-10-06 17:04:33'),
(370, 61, 'Billy Cole', '562 Schlimgen Way', '1965-12-20', 'Male', '394879269', '786784097', 'bcolekm@networksolutions.com', '4874638496', '1993-05-25', 'Leczyce', 'Y', 2, 24, '2016-12-14 09:15:40', '2016-07-23 18:21:06'),
(371, 74, 'Benjamin Wright', '19158 Parkside Circle', '1976-05-16', 'Male', '359276737', '601388470', 'bwrightkp@theglobeandmail.com', '4352074535', '1998-11-25', 'Lewograra', 'Y', 100, 76, '2016-12-27 20:52:18', '2016-12-20 16:16:39'),
(372, 45, 'Daniel Mitchell', '47 Jackson Terrace', '1974-12-03', 'Male', '726831179', '437648886', 'dmitchellkq@businessinsider.com', '5343953396', '1999-02-07', 'Jiaota', 'Y', 73, 45, '2016-08-18 05:28:58', '2016-04-29 02:23:01'),
(373, 17, 'Henry Dixo', '69443 Paget Plaza', '1988-06-27', 'Male', '542168125', '457360289', 'hdixonkr@list-manage.com', '6775910865', '1991-04-04', 'Krajan Sidodadi', 'Y', 92, 55, '2016-04-29 18:30:48', '2017-03-25 02:35:49'),
(374, 88, 'Robert Sanchez', '39 Buena Vista Hill', '1961-04-09', 'Male', '331918005', '189513876', 'rsanchezku@mapquest.com', '2452836307', '1996-08-09', 'Ndewel', 'Y', 67, 64, '2017-03-17 00:49:12', '2016-12-11 01:17:59'),
(375, 69, 'Antonio Fields', '0 International Plaza', '1960-12-06', 'Male', '666606634', '340539803', 'afieldsky@cpanel.net', '3573327813', '1994-09-26', 'Hamburg', 'Y', 35, 48, '2017-01-01 19:11:08', '2017-01-25 02:08:13'),
(376, 93, 'Bruce Oliver', '28471 Bultman Plaza', '1984-07-31', 'Male', '618453041', '140836829', 'boliverl1@sbwire.com', '1546074963', '1999-04-25', 'Sandayong Sur', 'Y', 13, 78, '2016-09-19 21:11:14', '2016-12-31 01:17:40'),
(377, 6, 'Shawn Kennedy', '68903 Forster Street', '1997-08-21', 'Male', '863179701', '755121342', 'skennedyl3@abc.net.au', '7301241344', '1995-06-29', 'Sumbera', 'Y', 8, 68, '2016-12-20 12:33:12', '2016-07-18 06:06:55'),
(378, 23, 'Raymond Henry', '8 Leroy Alley', '1988-09-18', 'Male', '478741162', '324815364', 'rhenryl4@ogle.it', '3028556531', '1999-02-18', 'Yaergenchu', 'Y', 66, 26, '2017-03-15 09:18:54', '2016-12-05 16:04:20'),
(379, 50, 'Timothy Olso', '620 Melrose Road', '1979-12-16', 'Male', '911610645', '995666859', 'tolsonl6@simplemachines.org', '2778110911', '1994-01-27', 'Guacamaya', 'Y', 36, 79, '2017-03-04 15:55:08', '2016-11-13 12:41:17'),
(380, 100, 'Jimmy Ray', '938 Laurel Circle', '1996-12-16', 'Male', '944870863', '247489016', 'jrayl7@newyorker.com', '1938945603', '1992-01-14', 'Adygeysk', 'Y', 29, 57, '2017-01-05 18:46:56', '2017-01-17 05:52:29'),
(381, 86, 'Shawn Nelso', '85 Del Mar Way', '1979-08-19', 'Male', '320459711', '374860765', 'snelsonl9@jigsy.com', '8877440163', '1995-11-06', 'Pamota', 'Y', 5, 18, '2016-05-15 06:18:35', '2016-06-11 15:15:03'),
(382, 18, 'Howard Gutierrez', '507 Jana Trail', '1977-01-02', 'Male', '949095408', '328380545', 'hgutierrezla@carcollective.com', '2752143772', '1997-03-14', 'Chivilcoy', 'Y', 49, 28, '2017-02-24 16:39:16', '2016-08-13 08:53:46'),
(383, 54, 'Nicholas Harriso', '71049 Texas Drive', '1993-08-13', 'Male', '788334908', '291495863', 'nharrisonlb@gnu.org', '4681095573', '1995-07-21', 'Baojia', 'Y', 18, 25, '2016-05-02 10:04:50', '2017-03-23 23:44:53'),
(384, 4, 'Scott Mitchell', '6 8th Junctio', '1988-07-01', 'Male', '849162225', '429744686', 'smitchelllc@wufoo.com', '3761841416', '1998-05-24', 'Pigtts', 'Y', 84, 6, '2016-11-03 05:08:14', '2016-10-16 01:34:29'),
(385, 72, 'Joe Fowler', '684 Aberg Road', '1987-02-05', 'Male', '216932758', '783435895', 'jfowlerle@census.v', '2740615505', '1992-09-22', 'Fusha', 'Y', 21, 77, '2016-10-27 06:16:15', '2017-03-30 16:19:57'),
(386, 42, 'Bruce Howard', '9716 Harbort Circle', '1967-08-26', 'Male', '975399461', '740081043', 'bhowardlm@yale.edu', '2209522831', '1999-06-11', 'Kolomanu', 'Y', 10, 46, '2017-03-11 17:06:47', '2017-04-08 08:34:31'),
(387, 59, 'Christopher White', '31726 Declaration Court', '1963-05-19', 'Male', '583109948', '142305759', 'cwhiteln@last.fm', '3335726880', '1993-02-02', 'Udon Thani', 'Y', 82, 55, '2016-05-09 05:42:08', '2016-11-22 11:00:09'),
(388, 35, 'Edward Schmidt', '7064 Talisman Pass', '1987-03-23', 'Male', '230072418', '819085480', 'eschmidtlo@toplist.cz', '4436240324', '1990-07-23', 'Berge', 'Y', 52, 61, '2016-09-13 21:54:15', '2017-02-20 22:44:44'),
(389, 55, 'Martin Richardso', '98117 Lerdahl Park', '1969-06-12', 'Male', '699739633', '804919540', 'mrichardsonlq@vk.com', '1863649696', '2000-02-01', 'Tournan-en-Brie', 'Y', 12, 78, '2016-07-04 17:45:07', '2017-03-21 07:05:05'),
(390, 22, 'David Boyd', '74673 Dennis Trail', '1965-07-11', 'Male', '721940836', '626616810', 'dboydlr@mail.ru', '5516985802', '1995-06-21', 'Berevoy', 'Y', 1, 32, '2016-08-12 08:25:58', '2016-06-05 20:35:49'),
(391, 27, 'Shawn Adams', '3742 Dixon Place', '1977-01-12', 'Male', '504842896', '975279934', 'sadamslt@techcrunch.com', '9438780794', '1991-08-20', 'Villach', 'Y', 77, 43, '2016-11-25 19:23:27', '2016-05-13 19:06:27'),
(392, 15, 'Gary Parker', '52123 Summit Crossing', '1999-01-13', 'Male', '534503449', '661672753', 'gparkerlu@opera.com', '3874912613', '1995-10-26', 'Raffinra', 'Y', 51, 57, '2017-04-12 02:24:23', '2016-08-18 13:24:51'),
(393, 73, 'Justin Adams', '79394 Morrow Terrace', '1970-07-29', 'Male', '186414100', '327965721', 'jadamslv@icio.us', '8017424986', '1993-03-13', 'Jiwei', 'Y', 62, 30, '2017-02-16 16:18:50', '2016-07-17 10:50:12'),
(394, 16, 'Russell Shaw', '90 Eastlawn Avenue', '1987-07-05', 'Male', '854816774', '590916904', 'rshawlw@cloudflare.com', '7554059672', '1995-07-24', 'Yuxi', 'Y', 19, 73, '2016-07-24 14:01:31', '2016-12-06 22:22:38'),
(395, 15, 'Benjamin Larso', '351 Meadow Ridge Street', '1974-02-05', 'Male', '400796580', '470904194', 'blarsonly@jimdo.com', '9351586613', '1999-01-15', 'Bilyarsk', 'Y', 91, 70, '2016-10-02 05:09:09', '2017-04-03 07:43:00'),
(396, 66, 'Charles Reed', '9523 Gateway Terrace', '1972-07-19', 'Male', '815820790', '787028021', 'creedm1@t-online.de', '3432659337', '1995-06-13', 'Hoor', 'Y', 58, 75, '2016-05-23 19:32:12', '2016-07-29 01:00:56'),
(397, 86, 'Jack Jorda', '04 Melby Plaza', '1982-12-01', 'Male', '351751977', '589542081', 'jjordanm6@discovery.com', '4988657086', '1998-09-05', 'Jistebnk', 'Y', 44, 23, '2016-05-28 14:56:16', '2016-04-28 09:34:41'),
(398, 59, 'Aaron Cruz', '3178 Porter Point', '1973-12-11', 'Male', '996747039', '365846226', 'acruzm8@sitemeter.com', '4201610672', '1991-10-06', 'Galugah', 'Y', 34, 89, '2016-05-30 07:41:38', '2017-02-07 09:36:48'),
(399, 22, 'James Alexander', '94 Spohn Center', '1967-04-27', 'Male', '471048664', '409178716', 'jalexanderma@networksolutions.com', '4739716965', '1997-04-04', 'Peuhaq', 'Y', 11, 12, '2016-11-02 03:11:54', '2016-12-09 11:20:17'),
(400, 66, 'Philip Myers', '6 Lindbergh Way', '1968-06-14', 'Male', '990937372', '218885846', 'pmyersmb@booking.com', '3525480290', '1998-12-24', 'Ecroignard', 'Y', 54, 40, '2016-11-23 20:30:39', '2016-04-20 10:05:35'),
(401, 94, 'Juan Fisher', '838 Mifflin Center', '1995-11-07', 'Male', '761717727', '312122817', 'jfishermc@over-blog.com', '6899145779', '1998-06-13', 'Lae', 'Y', 9, 72, '2016-11-17 01:35:48', '2017-02-09 11:15:07'),
(402, 67, 'Jonathan Meyer', '6344 Mariners Cove Center', '1999-02-19', 'Male', '136182045', '287985646', 'jmeyermg@deliciousdays.com', '4601625110', '1996-06-12', 'Gjoaj', 'Y', 60, 35, '2016-08-25 05:05:39', '2016-04-17 15:24:32'),
(403, 80, 'Grery Olso', '5686 Moulton Alley', '1975-06-05', 'Male', '551936277', '297726313', 'lsonmk@i2i.jp', '2851986347', '1995-08-28', 'Fernandpolis', 'Y', 7, 50, '2016-05-27 15:03:54', '2017-03-27 09:17:38'),
(404, 3, 'Eric Martinez', '5404 Dottie Hill', '1994-02-06', 'Male', '484962430', '304873525', 'emartinezmn@jimdo.com', '5710580817', '1994-12-21', 'Parse', 'Y', 27, 84, '2016-10-27 23:16:11', '2017-03-17 01:06:50'),
(405, 19, 'Jeffrey Hanso', '16897 Meadow Ridge Lane', '1967-03-05', 'Male', '952058255', '571565367', 'jhansonmo@nymag.com', '7900185723', '1995-10-25', 'Barili', 'Y', 50, 43, '2016-04-25 21:43:44', '2016-12-02 21:33:22'),
(406, 71, 'Eric Cunningham', '8 Melvin Plaza', '1960-09-25', 'Male', '540885792', '511547381', 'ecunninghammp@tmall.com', '2511434717', '1999-09-12', 'Lordelo', 'Y', 98, 16, '2016-05-14 21:24:34', '2016-08-01 04:27:28'),
(407, 41, 'Scott Jones', '83 American Ash Way', '1973-01-15', 'Male', '479744095', '132556319', 'sjonesmq@yellowbook.com', '1750545149', '1994-12-03', 'Banaba', 'Y', 80, 67, '2016-08-01 13:48:15', '2017-04-06 04:21:44'),
(408, 43, 'Henry Montmery', '6 Bunting Parkway', '1966-03-09', 'Male', '255385267', '913656679', 'hmontmerymu@stumbleupon.com', '3554473133', '1994-05-19', 'Piduhe', 'Y', 5, 7, '2016-05-18 22:00:07', '2016-08-21 13:20:37'),
(409, 40, 'Justin Morga', '6 Mallard Lane', '1996-10-05', 'Male', '840126494', '385638846', 'jmorganmx@dedecms.com', '6446956017', '1995-12-16', 'Cijeungjing Kaler', 'Y', 19, 98, '2017-02-04 23:05:31', '2016-09-24 04:00:29'),
(410, 57, 'Johnny Lawrence', '162 Elka Hill', '1992-10-08', 'Male', '302269503', '188761759', 'jlawrencemy@forbes.com', '3494299343', '1995-02-24', 'Afogados da Ingazeira', 'Y', 79, 19, '2017-04-05 05:08:33', '2016-04-23 02:16:42'),
(411, 70, 'Victor Robinso', '7889 Alma Trail', '1979-08-11', 'Male', '820491801', '792988004', 'vrobinsonn0@mapquest.com', '6722806164', '1997-02-25', 'Vahdat', 'Y', 34, 91, '2016-04-29 09:56:58', '2017-01-22 21:09:13'),
(412, 41, 'Willie Nichols', '6726 Carey Crossing', '1981-04-19', 'Male', '358804674', '258545797', 'wnicholsn1@newyorker.com', '3677548121', '1999-01-23', 'Shixiang', 'Y', 92, 58, '2017-03-10 15:42:52', '2017-02-14 02:29:25'),
(413, 96, 'Adam Moreno', '69666 Welch Way', '1984-05-16', 'Male', '944668699', '948873219', 'amorenon2@mozilla.com', '8881286176', '1998-05-14', 'Tegalsari', 'Y', 31, 6, '2016-08-04 07:36:59', '2016-09-04 18:23:42'),
(414, 35, 'Justin Greene', '2 Maple Wood Terrace', '1995-09-11', 'Male', '876981528', '268073201', 'jgreenen4@amazon.co.uk', '9259284977', '1993-08-22', 'Sparks', 'Y', 61, 89, '2016-10-06 01:53:41', '2017-04-11 17:32:59'),
(415, 12, 'Samuel Adams', '135 Maple Center', '1984-03-09', 'Male', '308739280', '541505550', 'sadamsn5@cmu.edu', '1314262102', '1998-12-28', 'Vestary', 'Y', 83, 34, '2016-06-09 13:07:54', '2016-08-15 17:21:32'),
(416, 68, 'Anthony Burto', '20 Warner Road', '1997-11-25', 'Male', '665018914', '962300088', 'aburtonn7@hibu.com', '6805658546', '1995-02-25', 'Touzao', 'Y', 71, 13, '2016-10-25 03:19:25', '2016-11-11 12:04:16'),
(417, 34, 'Terry Washingto', '44328 Farragut Point', '1999-06-02', 'Male', '755948044', '283136578', 'twashingtonn8@boston.com', '4296644075', '1999-11-30', 'Gteborg', 'Y', 96, 25, '2017-04-01 18:26:05', '2017-03-14 10:03:16'),
(418, 39, 'Albert Henderso', '46500 Truax Street', '1995-01-18', 'Male', '264967416', '732390681', 'ahendersonn9@deviantart.com', '6036751697', '1994-11-10', 'Shibin al Kawm', 'Y', 10, 51, '2016-10-10 00:16:14', '2016-10-30 04:56:34'),
(419, 78, 'Joshua Ramos', '0960 Susan Alley', '1968-04-16', 'Male', '328158939', '907278727', 'jramosna@gizmodo.com', '9767841134', '1999-09-04', 'Jinta', 'Y', 58, 90, '2016-07-18 09:34:08', '2016-09-20 10:50:48'),
(420, 72, 'Roger Diaz', '290 Hoard Trail', '1991-04-29', 'Male', '322649313', '265529481', 'rdiaznd@lycos.com', '2235232790', '1992-08-04', 'Lirung', 'Y', 53, 45, '2016-07-15 00:43:48', '2016-06-17 13:08:56'),
(421, 9, 'Brandon Baker', '277 Buhler Drive', '1995-08-20', 'Male', '317257743', '542525149', 'bbakerne@stanford.edu', '6686615389', '1997-03-21', 'Soca', 'Y', 29, 54, '2016-08-08 11:30:41', '2017-03-21 06:37:01'),
(422, 53, 'Joe Richards', '182 Eastwood Center', '1967-03-25', 'Male', '482947504', '697662672', 'jrichardsnf@army.mil', '8137553715', '1994-06-28', 'Massaguet', 'Y', 98, 62, '2016-07-26 07:29:46', '2017-03-29 13:48:25'),
(423, 37, 'Jimmy Greene', '169 Talisman Crossing', '1985-12-19', 'Male', '651576208', '683435426', 'jgreeneni@altervista.org', '5253052776', '1995-11-14', 'Afntou', 'Y', 83, 87, '2016-05-16 19:57:18', '2016-10-10 18:09:41'),
(424, 87, 'Keith Knight', '62 Doe Crossing Trail', '1961-09-04', 'Male', '239933554', '234696154', 'kknightnl@hao123.com', '6351148989', '1998-11-21', 'Comandante Fontana', 'Y', 35, 31, '2016-12-30 07:49:01', '2016-07-14 12:14:12'),
(425, 55, 'Bruce Williams', '68245 Sherman Plaza', '1984-09-05', 'Male', '172472979', '994498155', 'bwilliamsno@miitbeian.v.c', '6761046057', '1991-08-24', 'Giria', 'Y', 68, 18, '2016-09-27 21:01:11', '2016-05-23 02:24:24'),
(426, 75, 'Timothy Perry', '46 Pearson Circle', '1968-11-03', 'Male', '494528350', '255887932', 'tperrynq@ogle.com.au', '8871429985', '1999-06-14', 'Huoxia', 'Y', 79, 60, '2016-11-05 11:03:25', '2016-06-23 02:54:15'),
(427, 94, 'Roy Freema', '92190 Lakewood Gardens Plaza', '1993-02-23', 'Male', '620589742', '345197977', 'rfreemanns@netscape.com', '4761050077', '1995-03-01', 'Kanshi', 'Y', 37, 17, '2016-07-12 06:48:57', '2016-07-23 20:38:47'),
(428, 36, 'Andrew Elliott', '836 Grover Point', '1999-06-10', 'Male', '588867843', '635066382', 'aelliottnt@engadget.com', '2819077411', '1997-11-13', 'Trebisht-Muin', 'Y', 14, 86, '2016-06-25 15:36:58', '2017-03-29 06:23:49'),
(429, 45, 'George Gutierrez', '4398 Dwight Point', '1979-04-19', 'Male', '508380222', '126923049', 'ggutierreznu@4shared.com', '4306096258', '1995-05-06', 'Springfield', 'Y', 86, 66, '2016-08-28 01:20:42', '2017-03-02 00:27:56'),
(430, 95, 'Carl Day', '21158 Division Plaza', '1960-09-30', 'Male', '679398094', '897570555', 'cdayo3@o.ne.jp', '8906980887', '1993-05-25', 'Studenec', 'Y', 53, 50, '2016-08-25 21:33:40', '2017-04-02 03:05:15'),
(431, 2, 'Frank Kelly', '6474 Johnson Alley', '1963-07-11', 'Male', '985653157', '964615506', 'fkellyo5@youtube.com', '3002296352', '1998-12-02', 'Hucu', 'Y', 47, 42, '2017-02-16 10:25:50', '2016-10-08 01:00:51'),
(432, 99, 'John Hamilto', '27597 Rockefeller Center', '1987-01-25', 'Male', '361339203', '973117674', 'jhamiltono8@artisteer.com', '9337428253', '1995-08-27', 'Matwa?', 'Y', 26, 18, '2017-03-16 07:22:30', '2016-06-06 00:28:08'),
(433, 48, 'George Wood', '8655 Kipling Hill', '1983-07-02', 'Male', '666322735', '722585348', 'gwoodoa@blinklist.com', '8321852704', '1993-11-16', 'Xiang', 'Y', 57, 49, '2017-04-08 14:09:10', '2017-03-19 07:57:25'),
(434, 47, 'Victor Price', '8 Lillian Center', '1996-06-06', 'Male', '571252903', '660058339', 'vpriceoc@live.com', '4185842252', '1995-02-28', 'Kafr ad Dik', 'Y', 43, 34, '2017-03-05 04:35:46', '2016-12-29 15:47:01'),
(435, 58, 'Sean Jackso', '52662 Riverside Lane', '1995-08-30', 'Male', '459229817', '361466923', 'sjacksonod@wsj.com', '7684646319', '1993-02-15', 'Tsimkavichy', 'Y', 56, 2, '2017-03-21 09:04:42', '2017-01-07 13:31:12'),
(436, 54, 'Charles Webb', '1150 Calypso Crossing', '1967-03-08', 'Male', '970135240', '972675834', 'cwebboe@hostgator.com', '4230993354', '1998-02-21', 'Gafanha de Aqum', 'Y', 62, 81, '2017-03-08 19:52:46', '2016-08-24 02:13:12'),
(437, 92, 'Grery Holmes', '0952 Messerschmidt Road', '1962-08-02', 'Male', '673109254', '565867216', 'gholmesof@webs.com', '6002558940', '1992-06-27', 'Dawu', 'Y', 65, 62, '2017-01-13 00:49:14', '2017-01-12 05:58:15'),
(438, 72, 'Douglas Frankli', '08 Manley Street', '1987-02-21', 'Male', '974547984', '141001755', 'dfranklinog@cocolog-nifty.com', '8177645666', '1992-06-13', 'Oudtshoor', 'Y', 68, 50, '2016-09-23 10:33:40', '2016-06-02 23:01:51'),
(439, 28, 'Clarence Stanley', '833 Crowley Trail', '1976-04-15', 'Male', '731551631', '165217921', 'cstanleyoh@ezinearticles.com', '1728416620', '1992-12-16', 'Stocksund', 'Y', 24, 36, '2016-09-23 11:07:58', '2017-03-06 13:19:38'),
(440, 38, 'Russell Reynolds', '5706 Marcy Terrace', '1976-06-23', 'Male', '824507769', '598222819', 'rreynoldsok@cnbc.com', '5897011531', '1991-07-31', 'Gusau', 'Y', 24, 62, '2016-04-29 06:00:18', '2016-05-03 01:02:20'),
(441, 17, 'Richard Peters', '968 Helena Road', '1974-07-20', 'Male', '262586998', '981645579', 'rpetersol@bloglines.com', '6308354517', '1990-08-09', 'Niort', 'Y', 49, 50, '2016-05-21 03:26:42', '2016-07-02 10:21:48'),
(442, 18, 'Larry Morris', '8370 Basil Way', '1994-11-06', 'Male', '715163596', '165077382', 'lmorrisoq@lycos.com', '4171563937', '1991-06-13', 'Jiansha', 'Y', 77, 5, '2016-06-23 03:48:07', '2017-02-12 13:50:44'),
(443, 91, 'Martin Nguye', '2037 Bellgrove Junctio', '1999-09-25', 'Male', '874648902', '872034095', 'mnguyenor@va.v', '9533752195', '1997-04-02', 'Hino', 'Y', 31, 39, '2017-04-10 02:41:04', '2016-10-24 18:53:50'),
(444, 57, 'Grery Carroll', '97 8th Way', '1962-10-22', 'Male', '925054878', '913761884', 'gcarrollot@histats.com', '6238615325', '1992-10-28', 'Seso', 'Y', 70, 28, '2017-03-21 20:47:20', '2016-07-10 18:39:23'),
(445, 80, 'Jose Stewart', '76968 Porter Center', '1975-07-16', 'Male', '460801423', '166433095', 'jstewartov@ow.ly', '6912221031', '1998-06-10', 'Murillo', 'Y', 4, 66, '2016-07-04 17:29:19', '2016-05-16 18:48:13'),
(446, 100, 'Antonio Sims', '0 Marcy Drive', '1995-01-10', 'Male', '873538561', '865920050', 'asimsow@slate.com', '4536765829', '1992-05-27', 'Kurnia', 'Y', 77, 50, '2016-08-25 14:17:10', '2016-08-18 02:05:59'),
(447, 62, 'Jack Barnes', '33744 Fallview Court', '1981-08-22', 'Male', '732261783', '965828081', 'jbarnesoy@ning.com', '6924073585', '1993-10-04', 'Nggesa', 'Y', 63, 76, '2016-08-21 10:46:23', '2017-04-05 03:39:01'),
(448, 46, 'Eric Alle', '91 Sutteridge Point', '1998-03-02', 'Male', '814715787', '613085247', 'eallenp6@addtoany.com', '9260242087', '1993-06-01', 'Spartanburg', 'Y', 59, 95, '2016-09-13 11:33:47', '2017-01-14 19:51:05'),
(449, 70, 'Brian Frazier', '9315 Hazelcrest Avenue', '1999-10-02', 'Male', '360047315', '299496149', 'bfrazierp7@hibu.com', '2826584481', '1991-04-10', 'Tabalah', 'Y', 41, 90, '2016-07-30 02:16:14', '2016-11-29 10:13:17'),
(450, 76, 'Jerry Oliver', '3330 Pankratz Terrace', '1975-03-10', 'Male', '165464509', '399285796', 'joliverp9@time.com', '7506133378', '1993-06-12', 'White Rock', 'Y', 22, 61, '2017-02-06 08:49:01', '2016-09-02 20:05:23'),
(451, 40, 'Alan Murray', '6653 Cody Circle', '1971-05-19', 'Male', '926521874', '840744345', 'amurraypa@wired.com', '5471390605', '1991-07-28', 'Alingss', 'Y', 26, 73, '2017-01-30 15:18:55', '2016-11-11 08:50:24'),
(452, 67, 'Justin Wood', '59175 Sundown Crossing', '1989-06-20', 'Male', '874307460', '244107923', 'jwoodpe@netscape.com', '8952571244', '1998-05-05', 'Lyamino', 'Y', 99, 8, '2016-06-06 07:30:01', '2016-09-17 01:36:07'),
(453, 22, 'Ryan Fernandez', '7 Mayer Hill', '1995-10-11', 'Male', '678366788', '888624086', 'rfernandezpl@wordpress.com', '3455334236', '1991-10-21', 'Zhexiao', 'Y', 75, 79, '2016-06-16 16:48:36', '2017-04-13 00:13:48'),
(454, 69, 'Billy Patterso', '00741 Artisan Junctio', '1995-11-16', 'Male', '286483019', '915051375', 'bpattersonpn@imdb.com', '2069826328', '1991-12-09', 'Qiuchua', 'Y', 22, 86, '2016-11-27 23:50:58', '2016-09-05 03:03:37');
INSERT INTO `customer` (`idCUSTOMER`, `idBranch`, `Name`, `Address`, `Birthday`, `Sex`, `Phone`, `Fax`, `Email`, `ID_NUMBER`, `ID_DATE`, `ID_PLACE`, `Status`, `Created_by`, `Last_update_by`, `Created_date`, `Last_update_date`) VALUES
(455, 77, 'Bruce Long', '6 Redwing Center', '1995-10-05', 'Male', '714881993', '398722871', 'blongpq@paginegialle.it', '5389868550', '1994-11-08', 'Gucu', 'Y', 23, 78, '2016-07-14 05:23:58', '2016-05-23 11:14:40'),
(456, 26, 'Jeffrey Gibso', '04 Carioca Way', '1990-02-23', 'Male', '395350593', '607391244', 'jgibsonpr@auda.org.au', '7442733296', '1995-12-17', 'Kugri', 'Y', 48, 87, '2016-09-28 14:02:33', '2016-06-03 21:14:41'),
(457, 57, 'Bobby Simpso', '64343 Continental Center', '1966-07-18', 'Male', '613517309', '562865635', 'bsimpsonpu@blog.com', '8088465601', '1994-01-21', 'Tiout', 'Y', 97, 61, '2017-03-23 05:25:37', '2017-01-10 16:42:20'),
(458, 14, 'John Garrett', '6690 Oriole Trail', '1986-01-24', 'Male', '124216221', '736672466', 'jgarrettpw@tinypic.com', '3206586291', '1999-11-17', 'Nahri', 'Y', 84, 48, '2016-10-20 02:45:58', '2017-02-26 03:32:34'),
(459, 17, 'Joe Williams', '3939 Brown Alley', '1983-05-22', 'Male', '684591601', '541116443', 'jwilliamspx@foxnews.com', '6812729556', '1999-02-18', 'Szczeci', 'Y', 41, 78, '2016-10-10 22:22:43', '2017-04-09 04:06:37'),
(460, 29, 'Thomas Carpenter', '88 Oneill Circle', '1968-07-13', 'Male', '850088915', '212376242', 'tcarpenterpy@jugem.jp', '8994514943', '1991-02-18', 'Taganak', 'Y', 14, 86, '2016-06-19 15:53:29', '2016-10-14 19:12:00'),
(461, 1, 'Frank Simpso', '40 Corscot Junctio', '1982-03-03', 'Male', '262681686', '507172299', 'fsimpsonq2@angelfire.com', '1681316175', '1999-04-04', 'Pira do Sul', 'Y', 90, 2, '2017-04-09 06:33:03', '2017-03-19 00:50:18'),
(462, 95, 'Philip Murphy', '8 Washington Drive', '1984-05-12', 'Male', '868335891', '441587626', 'pmurphyq5@mlb.com', '3040962022', '1990-09-29', 'Apucarana', 'Y', 11, 67, '2016-04-28 05:19:26', '2017-03-27 01:09:02'),
(463, 13, 'Kenneth Murray', '4 Memorial Lane', '1983-11-13', 'Male', '228515354', '339730793', 'kmurrayq9@ted.com', '3257530474', '1995-02-21', 'Lenninge', 'Y', 51, 82, '2017-01-31 04:07:55', '2016-08-07 17:29:51'),
(464, 41, 'Fred Foster', '08 Dawn Drive', '1995-09-23', 'Male', '199293266', '438477267', 'ffosterqa@cdc.v', '6175708871', '1998-04-17', 'Raheny', 'Y', 81, 14, '2016-11-28 16:19:14', '2016-10-18 07:59:59'),
(465, 87, 'Lawrence Garrett', '1060 Ronald Regan Crossing', '1983-11-04', 'Male', '526950364', '201076619', 'lgarrettqb@linkedin.com', '2326740241', '1991-05-17', 'Huitang', 'Y', 77, 27, '2016-12-04 19:09:20', '2016-08-08 20:54:48'),
(466, 73, 'David Alexander', '5 Arkansas Trail', '1998-01-21', 'Male', '863043310', '180493027', 'dalexanderqe@blogspot.com', '7423933177', '1992-11-21', 'Shebalino', 'Y', 70, 93, '2016-06-11 06:10:21', '2016-11-13 02:52:49'),
(467, 30, 'Jack Harvey', '940 Gulseth Terrace', '1960-04-25', 'Male', '633791272', '755030080', 'jharveyqk@hugedomains.com', '2735722356', '1991-04-08', 'Moshiyi', 'Y', 83, 2, '2016-05-15 14:55:11', '2016-12-26 04:40:32'),
(468, 91, 'Matthew Chapma', '5 Fordem Place', '1960-08-01', 'Male', '421824008', '463302368', 'mchapmanql@imageshack.us', '3602571428', '1999-01-23', 'Ishm', 'Y', 40, 78, '2017-02-20 20:17:37', '2017-03-07 14:25:58'),
(469, 34, 'Ronald Rogers', '2 Heath Trail', '1968-12-13', 'Male', '466179088', '471433796', 'rrogersqn@marketwatch.com', '4848931004', '1997-03-11', 'Tiouli', 'Y', 31, 99, '2016-12-20 01:27:46', '2017-03-16 14:30:13'),
(470, 2, 'Billy Cole', '6 Lotheville Pass', '1998-06-09', 'Male', '867958858', '351846085', 'bcoleqo@narod.ru', '7132611838', '1994-07-07', 'Souq Larba al Gharb', 'Y', 82, 87, '2016-05-11 14:36:27', '2017-01-11 03:28:18'),
(471, 58, 'John Medina', '8 Mariners Cove Court', '1973-12-18', 'Male', '639112193', '743022558', 'jmedinaqp@furl.net', '7733600451', '1998-06-08', 'Wanggeertang', 'Y', 30, 3, '2016-08-09 20:10:21', '2016-07-10 20:23:08'),
(472, 83, 'Jeffrey Elliott', '70 Claremont Hill', '1979-10-18', 'Male', '114259995', '520996626', 'jelliottqs@symantec.com', '6609260077', '1990-09-02', 'Vilani', 'Y', 24, 100, '2017-03-17 20:55:12', '2016-08-14 19:24:53'),
(473, 71, 'Randy Rya', '6 Warrior Trail', '1961-09-05', 'Male', '139765516', '825811817', 'rryanqu@unblog.fr', '5302491389', '1997-07-04', 'Svyatorsk', 'Y', 63, 94, '2016-10-08 10:00:57', '2016-10-21 01:53:17'),
(474, 47, 'Douglas Ramos', '66676 Dwight Street', '1972-02-12', 'Male', '412291594', '253980099', 'dramosqx@trellian.com', '5774320416', '1993-05-03', 'Fenglai', 'Y', 2, 88, '2016-10-03 06:12:14', '2017-01-13 19:43:44'),
(475, 3, 'Benjamin Romero', '7269 Oak Valley Road', '1967-07-21', 'Male', '125597111', '523363631', 'bromeroqz@o.ne.jp', '6902677873', '1996-08-20', 'Vimmerby', 'Y', 27, 12, '2016-11-14 16:05:10', '2016-08-16 18:33:01'),
(476, 15, 'Antonio Sims', '57 Lien Place', '1963-02-08', 'Male', '631703723', '538655783', 'asimsr3@angelfire.com', '7983072338', '1993-12-07', 'Tongyang', 'Y', 96, 13, '2016-06-02 16:50:36', '2017-02-15 04:54:13'),
(477, 37, 'Jonathan Hicks', '04 Springs Hill', '1967-09-01', 'Male', '357963248', '641991218', 'jhicksr4@cbsnews.com', '1980277595', '1998-08-24', 'San Ricardo', 'Y', 78, 17, '2017-03-12 08:44:08', '2016-08-03 13:22:47'),
(478, 46, 'Donald Taylor', '0010 Killdeer Hill', '1970-08-04', 'Male', '382393059', '418525700', 'dtaylorr5@bigcartel.com', '1549657009', '1993-02-05', 'Kuaydinah', 'Y', 15, 26, '2016-08-31 07:46:13', '2016-07-05 22:11:34'),
(479, 41, 'Jack Little', '6 Darwin Lane', '1975-02-05', 'Male', '655907303', '572312365', 'jlittler6@independent.co.uk', '5249728181', '1994-09-01', 'Nevinnomyssk', 'Y', 96, 51, '2016-09-25 03:15:52', '2017-01-11 23:19:42'),
(480, 39, 'Jeremy Ramirez', '766 Mockingbird Lane', '1999-04-12', 'Male', '446850950', '824373687', 'jramirezr8@usnews.com', '6986193525', '1992-11-29', 'Paphos', 'Y', 76, 48, '2016-07-10 13:45:28', '2017-02-16 22:29:19'),
(481, 27, 'Jimmy Lawso', '84026 Morningstar Road', '1972-07-08', 'Male', '543039730', '571314937', 'jlawsonrd@wp.com', '3248448101', '1993-10-11', 'Ebebiyi', 'Y', 18, 83, '2016-10-01 00:37:05', '2017-02-20 05:10:38'),
(482, 12, 'Todd Boyd', '00 4th Alley', '1975-11-13', 'Male', '234121689', '996561983', 'tboydre@cpanel.net', '1668508333', '1996-09-29', 'Novovolynsk', 'Y', 85, 57, '2016-08-31 20:41:53', '2016-09-24 04:47:25'),
(483, 72, 'Russell Montmery', '9455 Oxford Drive', '1963-09-12', 'Male', '717983983', '694462407', 'rmontmeryrf@lulu.com', '3371834148', '1990-09-02', 'Sukacai', 'Y', 99, 17, '2016-08-09 17:22:05', '2017-03-12 15:33:12'),
(484, 35, 'Patrick Fuller', '29 Hoffman Circle', '1994-06-18', 'Male', '733049143', '911355394', 'pfullerrk@sun.com', '5407224725', '1993-07-22', 'Krajan Karangwage', 'Y', 81, 45, '2016-10-07 12:14:20', '2016-06-30 09:58:20'),
(485, 62, 'James Smith', '196 lf View Way', '1974-12-23', 'Male', '218881621', '116365100', 'jsmithrl@nationalgeographic.com', '4977997440', '1993-09-18', 'Kizhinga', 'Y', 70, 32, '2016-10-26 15:20:41', '2017-02-18 21:35:08'),
(486, 28, 'Ronald Gree', '28159 Mockingbird Street', '1974-08-06', 'Male', '873085697', '596649538', 'rgreenrn@buzzfeed.com', '2026166751', '1996-03-01', 'Longhu', 'Y', 37, 45, '2017-01-09 15:19:47', '2016-06-04 18:21:43'),
(487, 4, 'Joseph Bradley', '70045 Jana Plaza', '1961-09-06', 'Male', '544388296', '688654512', 'jbradleyrq@merriam-webster.com', '8894407122', '1997-12-20', 'Bamenda', 'Y', 76, 34, '2017-02-01 05:41:58', '2017-04-01 14:56:17');

-- --------------------------------------------------------

--
-- Table structure for table `employee`
--

CREATE TABLE `employee` (
  `idEMPLOYEE` int(11) NOT NULL,
  `idBranch` int(11) NOT NULL,
  `idPOSITION` int(11) NOT NULL,
  `Name` varchar(50) DEFAULT NULL,
  `Address` varchar(255) DEFAULT NULL,
  `Phone` varchar(15) DEFAULT NULL,
  `created_by` int(11) DEFAULT NULL,
  `last_update_by` int(11) DEFAULT NULL,
  `created_date` datetime DEFAULT NULL,
  `last_update_date` datetime DEFAULT NULL
) ENGINE=InnoDB DEFAULT CHARSET=utf8;

--
-- Dumping data for table `employee`
--

INSERT INTO `employee` (`idEMPLOYEE`, `idBranch`, `idPOSITION`, `Name`, `Address`, `Phone`, `created_by`, `last_update_by`, `created_date`, `last_update_date`) VALUES
(1, 93, 9, 'Andrew Lewis', '70 Morrow Drive', '839870835', 2, 7, '2017-01-07 19:19:35', '2016-12-31 15:21:41'),
(2, 44, 9, 'Gloria Fuller', '839 lf Hill', '458574087', 2, 4, '2017-01-08 04:26:30', '2016-11-24 07:28:18'),
(3, 19, 8, 'Brandon Johnsto', '39007 Hoard Terrace', '927422673', 8, 8, '2016-12-08 15:06:01', '2016-05-18 07:22:10'),
(4, 67, 1, 'Terry Ramirez', '13229 Sachs Road', '982743372', 4, 4, '2016-09-12 02:03:37', '2016-10-25 13:07:50'),
(5, 5, 10, 'Patrick Fisher', '89669 Springview Road', '263193492', 2, 4, '2016-06-17 18:36:38', '2017-02-25 22:36:04'),
(6, 42, 10, 'Marie Hill', '4702 Anhalt Lane', '764692354', 4, 10, '2017-02-13 21:07:21', '2017-02-17 07:28:22'),
(7, 35, 2, 'Elizabeth Carpenter', '2 Dapin Park', '877018573', 7, 3, '2017-04-11 16:36:02', '2017-03-01 07:21:02'),
(8, 56, 3, 'Mark Edwards', '056 Loftsrdon Street', '314618870', 3, 1, '2016-08-16 15:09:23', '2016-08-24 01:24:34'),
(9, 93, 6, 'Frances Nichols', '821 Clove Avenue', '922907433', 8, 10, '2016-06-29 22:43:50', '2017-01-10 22:49:18'),
(10, 72, 2, 'Christopher mez', '3 Springs Street', '900508189', 5, 8, '2017-03-29 00:17:13', '2016-09-06 20:02:23'),
(11, 97, 2, 'Joseph Rodriguez', '8 Spenser Lane', '947124019', 9, 8, '2016-09-04 11:30:19', '2016-07-03 04:29:07'),
(12, 17, 9, 'Christine Ortiz', '7392 Burning Wood Point', '446359236', 2, 9, '2016-09-18 00:37:24', '2016-08-08 10:22:40'),
(13, 84, 1, 'Heather Bryant', '10 Huxley Street', '499521202', 5, 4, '2016-11-04 06:15:01', '2016-05-09 09:22:54'),
(14, 55, 7, 'Paula Vasquez', '9 Magdeline Way', '685865127', 5, 8, '2016-10-17 21:35:04', '2016-05-27 11:09:30'),
(15, 23, 7, 'Carl Jorda', '86445 Eagan Circle', '829796842', 1, 10, '2016-06-17 15:05:47', '2016-10-23 20:32:37'),
(16, 29, 1, 'Gloria Smith', '0635 Harper Center', '489976511', 5, 5, '2016-07-29 10:06:58', '2016-06-09 19:39:07'),
(17, 90, 4, 'Theresa Harper', '39405 Rieder Alley', '204091007', 9, 7, '2016-10-02 17:44:01', '2016-09-17 21:09:24'),
(18, 31, 4, 'Lillian Cruz', '6 Sommers Drive', '759983722', 2, 2, '2017-03-05 01:31:33', '2016-07-12 18:42:50'),
(19, 39, 7, 'Philip Simmons', '1058 Stephen Avenue', '433399900', 7, 9, '2017-03-15 21:04:35', '2016-08-17 04:36:51'),
(20, 12, 9, 'Thomas Anderso', '2 Sutteridge Street', '692788263', 10, 6, '2017-01-25 00:54:04', '2016-09-13 05:04:54'),
(21, 12, 3, 'Anna Arnold', '62748 3rd Trail', '506433749', 1, 10, '2016-12-08 15:40:12', '2017-01-10 04:41:44'),
(22, 18, 9, 'Barbara Bowma', '924 Blaine Parkway', '316470488', 8, 2, '2016-12-03 16:13:59', '2016-06-18 07:55:17'),
(23, 80, 10, 'Harry Long', '8 Daystar Alley', '988027259', 5, 6, '2017-03-29 17:14:06', '2017-03-12 14:16:24'),
(24, 92, 10, 'Terry Ford', '97 Summit Street', '171736474', 4, 8, '2016-08-01 12:20:22', '2017-02-09 10:01:04'),
(25, 98, 10, 'Brandon Torres', '15998 Sunbrook Plaza', '602435135', 3, 6, '2016-06-07 18:12:53', '2016-06-10 01:18:35'),
(26, 18, 6, 'Angela Little', '7 Hovde Park', '270329592', 7, 2, '2016-07-09 11:41:51', '2017-03-21 07:15:28'),
(27, 20, 9, 'Margaret Kelley', '25 Forest Dale Place', '807267953', 3, 2, '2016-05-05 10:43:52', '2016-04-20 06:45:11'),
(28, 78, 2, 'Betty Woods', '825 Everett Circle', '216190818', 6, 5, '2017-01-09 02:54:40', '2016-09-17 05:22:09'),
(29, 48, 8, 'Janet Brow', '00 Granby Street', '151011615', 7, 2, '2017-01-20 14:18:12', '2016-10-10 23:31:44'),
(30, 72, 4, 'Jonathan Robertso', '697 Mccormick Hill', '448186839', 10, 4, '2016-05-01 18:57:49', '2017-02-16 13:16:17'),
(31, 72, 10, 'Todd Dea', '65379 Eastwood Court', '540905440', 4, 8, '2016-09-02 01:45:11', '2016-12-18 18:25:05'),
(32, 20, 4, 'Lillian Kim', '0 Bellgrove Hill', '989826911', 7, 4, '2017-01-03 16:05:22', '2017-01-11 20:55:22'),
(33, 16, 6, 'Cynthia Stephens', '35659 Debs Drive', '938263512', 9, 6, '2016-10-26 06:33:45', '2016-05-26 13:12:52'),
(34, 4, 5, 'Andrew White', '99948 Eagan Plaza', '433264341', 4, 1, '2016-11-04 04:28:24', '2016-08-01 02:35:30'),
(35, 99, 8, 'Jeffrey Morga', '52 Sauthoff Court', '474787988', 5, 10, '2017-01-17 14:33:49', '2017-03-05 08:31:18'),
(36, 34, 3, 'Ruth Freema', '5 Comanche Plaza', '750956657', 10, 7, '2017-01-06 08:12:31', '2016-07-25 19:15:46'),
(37, 51, 9, 'Steve Hawkins', '43 Northfield Pass', '532633753', 10, 9, '2017-04-16 08:16:31', '2016-05-03 01:33:06'),
(38, 86, 1, 'Jean Thompso', '29760 Anhalt Drive', '560566024', 5, 8, '2016-06-05 19:57:27', '2016-09-19 14:20:14'),
(39, 34, 7, 'Russell Warre', '68 Bluejay Drive', '783780092', 5, 6, '2016-08-04 16:37:15', '2016-12-04 19:01:23'),
(40, 39, 8, 'Donna Howell', '19 Huxley Parkway', '652291232', 5, 3, '2016-12-11 03:24:51', '2016-08-09 03:06:33'),
(41, 98, 4, 'Jesse Kim', '59028 Badeau Way', '895817376', 8, 5, '2016-07-12 02:15:44', '2016-05-14 09:37:16'),
(42, 45, 10, 'Anna Smith', '525 Farmco Crossing', '818822152', 1, 10, '2016-06-19 12:41:39', '2017-02-06 12:32:36'),
(43, 14, 2, 'Pamela Hayes', '5601 Fairfield Point', '278322913', 10, 4, '2016-09-08 07:08:05', '2016-08-16 23:30:52'),
(44, 30, 3, 'Andrew Bryant', '31 Crest Line Point', '383658350', 9, 7, '2016-07-31 08:15:46', '2017-02-10 00:12:03'),
(45, 12, 7, 'Theresa Sanchez', '20 Nancy Park', '233833406', 3, 8, '2016-11-04 18:47:45', '2016-07-28 06:28:00'),
(46, 39, 8, 'Jonathan Sims', '031 Main Way', '470482170', 4, 7, '2017-04-06 11:29:54', '2017-03-02 18:02:02'),
(47, 27, 3, 'Wanda Montmery', '844 West Parkway', '658619422', 10, 3, '2016-05-12 04:18:28', '2016-06-07 13:11:39'),
(48, 42, 6, 'Juan Dun', '1646 Westerfield Plaza', '713957233', 3, 1, '2016-11-28 18:58:48', '2016-05-18 14:09:34'),
(49, 17, 1, 'David Sanders', '2226 Shelley Alley', '517024316', 8, 1, '2016-09-03 12:12:21', '2016-09-22 13:08:18'),
(50, 78, 8, 'Donna Ortiz', '90770 Prairieview Junctio', '983883600', 8, 9, '2016-04-30 09:12:38', '2016-08-02 01:00:52'),
(51, 68, 1, 'Ruby Burto', '82262 Lakewood Terrace', '127639277', 1, 2, '2016-05-30 20:28:36', '2016-07-17 23:56:07'),
(52, 67, 1, 'David Reid', '0 Pierstorff Way', '331092571', 7, 3, '2016-11-26 09:47:12', '2017-03-03 08:44:46'),
(53, 80, 6, 'Eric Morris', '7696 Mosinee Lane', '207377176', 3, 8, '2017-02-13 13:18:40', '2016-10-19 11:10:35'),
(54, 96, 1, 'Carol Hernandez', '62 lf Course Lane', '897432325', 6, 7, '2016-05-17 19:54:42', '2017-01-05 18:17:55'),
(55, 65, 5, 'Michelle Diaz', '52 Old Shore Lane', '383097914', 1, 1, '2016-05-07 02:46:50', '2016-10-25 06:40:36'),
(56, 1, 4, 'Jacqueline Banks', '7722 Union Center', '178434199', 2, 10, '2016-08-21 00:22:19', '2016-12-20 03:13:26'),
(57, 90, 5, 'Jose Weaver', '71 Chinook Lane', '807071666', 3, 3, '2016-11-27 22:25:13', '2017-03-27 19:33:25'),
(58, 77, 6, 'Shawn Powell', '072 Moose Park', '385137413', 9, 2, '2016-04-17 22:21:26', '2016-06-14 03:07:44'),
(59, 74, 5, 'Steven Montmery', '46357 Springview Crossing', '360422713', 1, 10, '2016-08-31 13:12:51', '2016-08-16 21:11:49'),
(60, 97, 6, 'Juan Gutierrez', '4 Hauk Trail', '616161402', 2, 5, '2016-08-24 23:42:45', '2016-11-14 18:00:22'),
(61, 34, 3, 'Harry Carter', '869 Talisman Trail', '498055193', 6, 5, '2016-12-26 03:43:08', '2016-05-21 14:07:01'),
(62, 33, 10, 'Deborah Cook', '447 Lakeland Avenue', '650659060', 1, 3, '2017-01-02 14:32:22', '2016-12-18 21:04:07'),
(63, 37, 10, 'Dorothy Bryant', '0 Green Lane', '122089064', 9, 4, '2016-10-15 15:54:37', '2017-01-26 12:39:02'),
(64, 21, 4, 'Paul Hayes', '62417 Northview Court', '478559296', 3, 6, '2016-06-07 05:32:29', '2017-03-19 08:02:09'),
(65, 28, 2, 'Johnny Robertso', '445 Arrowood Pass', '366191106', 10, 4, '2016-11-16 18:28:29', '2016-11-27 21:35:08'),
(66, 87, 7, 'Cynthia Olso', '01394 Shasta Trail', '781416472', 8, 5, '2016-06-11 11:41:15', '2017-02-08 09:55:28'),
(67, 80, 8, 'Dorothy Collins', '2 Bowman Center', '540650126', 1, 6, '2016-10-23 20:08:15', '2017-01-27 18:32:59'),
(68, 86, 10, 'Emily Arnold', '2372 Charing Cross Way', '861340349', 3, 8, '2016-05-04 12:31:52', '2016-11-27 03:04:59'),
(69, 28, 5, 'Charles Hicks', '0 Sherman Drive', '649356216', 3, 9, '2016-12-19 16:36:59', '2016-11-22 18:28:12'),
(70, 27, 1, 'Jimmy Burto', '6 Waxwing Center', '574026055', 3, 8, '2016-10-15 05:43:13', '2016-10-21 21:18:39'),
(71, 15, 1, 'Phyllis Matthews', '34737 Mandrake Parkway', '590859994', 8, 4, '2016-12-01 15:51:58', '2016-06-12 05:44:55'),
(72, 1, 3, 'Kelly Lee', '48 Merchant Park', '969908877', 1, 2, '2016-07-15 10:29:34', '2016-05-26 08:05:53'),
(73, 97, 1, 'Jeffrey Hill', '040 Fairview Lane', '307788642', 2, 6, '2017-03-14 11:35:27', '2016-07-18 07:59:54'),
(74, 22, 6, 'Rose Alexander', '3 Anzinger Trail', '838409719', 10, 8, '2016-09-10 03:36:22', '2016-10-04 23:53:43'),
(75, 46, 10, 'Philip Perkins', '1 Comanche Pass', '958574031', 7, 7, '2016-12-24 20:57:17', '2016-10-09 12:16:36'),
(76, 82, 7, 'Jane Crawford', '91143 Sachs Crossing', '475533921', 8, 6, '2016-08-13 13:19:37', '2016-06-05 18:41:12'),
(77, 64, 3, 'Roger Armstrong', '6 Bunker Hill Crossing', '672840239', 1, 9, '2016-11-27 05:28:19', '2016-12-29 22:20:04'),
(78, 76, 7, 'Jerry Marshall', '36 Monica Circle', '789108537', 1, 1, '2016-12-16 17:41:40', '2016-06-03 16:01:06'),
(79, 80, 3, 'Ann Barnes', '6 Coleman Street', '369320569', 9, 2, '2016-11-24 02:06:53', '2016-12-25 19:44:26'),
(80, 33, 8, 'Peter Lewis', '075 Graceland Pass', '275446994', 5, 3, '2017-04-13 05:34:02', '2016-04-21 08:02:58'),
(81, 31, 2, 'Bruce Harper', '89 Coleman Pass', '945109063', 1, 5, '2016-05-12 02:23:27', '2016-08-05 11:42:25'),
(82, 19, 7, 'Mary Austi', '535 Bunting Parkway', '136583346', 2, 9, '2016-06-15 01:57:10', '2016-11-19 14:50:55'),
(83, 79, 6, 'Rose Grant', '3 Lawn Plaza', '345601057', 5, 9, '2016-10-08 04:37:25', '2016-07-18 12:33:45'),
(84, 10, 10, 'Heather Simmons', '53730 Nancy Avenue', '221743705', 5, 4, '2016-09-07 03:04:01', '2016-10-09 13:33:10'),
(85, 77, 8, 'Joyce Fisher', '9338 Crescent Oaks Way', '971579764', 2, 4, '2017-03-06 01:54:05', '2017-02-28 06:30:27'),
(86, 30, 10, 'Sean Willis', '45 Blue Bill Park Point', '374335606', 6, 2, '2016-08-29 16:15:25', '2016-11-08 02:43:19'),
(87, 78, 3, 'Pamela Bell', '79662 Westport Trail', '805922526', 3, 6, '2016-12-31 14:31:24', '2016-06-17 04:31:32'),
(88, 99, 1, 'Sarah Hicks', '483 Vahlen Avenue', '716592685', 6, 1, '2016-06-27 13:04:48', '2017-01-24 08:25:09'),
(89, 95, 1, 'Sean Bell', '685 Morrow Lane', '727122498', 6, 5, '2016-08-21 23:37:48', '2016-12-01 01:40:39'),
(90, 79, 2, 'Shawn Tucker', '77 Comanche Pass', '214357609', 6, 2, '2016-08-30 06:25:47', '2016-10-26 03:33:10'),
(91, 75, 1, 'Michelle Morga', '93847 Drewry Avenue', '643988172', 9, 10, '2016-11-15 02:16:39', '2016-10-10 16:10:06'),
(92, 41, 4, 'Kevin Morga', '81 Nevada Trail', '354148137', 6, 2, '2016-05-16 20:36:16', '2017-02-11 22:10:03'),
(93, 19, 6, 'Lisa Marti', '9 Anderson Lane', '871917962', 4, 2, '2017-02-28 12:23:39', '2017-04-16 16:35:02'),
(94, 24, 6, 'George Morales', '00150 Springs Trail', '234654708', 4, 8, '2016-07-01 06:22:18', '2016-05-16 22:04:31'),
(95, 51, 7, 'Timothy Morales', '20 Lotheville Trail', '555493908', 6, 8, '2016-09-07 05:52:08', '2016-06-26 16:02:00'),
(96, 83, 2, 'Phyllis Campbell', '749 Mesta Pass', '855253417', 5, 3, '2016-10-25 15:15:22', '2016-06-16 01:08:41'),
(97, 56, 9, 'Andrea Burns', '3 Vahlen Park', '131170988', 2, 9, '2016-10-15 02:19:44', '2017-03-23 06:01:02'),
(98, 39, 9, 'Justin Woods', '19 Linden Street', '926688729', 7, 10, '2016-05-04 17:31:34', '2017-01-19 03:33:28'),
(99, 55, 5, 'Steven Jenkins', '35388 Messerschmidt Place', '318005579', 4, 4, '2017-01-01 03:07:36', '2016-10-23 03:58:11'),
(100, 55, 5, 'Mark Lee', '552 Dorton Park', '974161800', 8, 10, '2016-04-21 09:02:33', '2016-07-27 09:06:22'),
(101, 21, 8, 'Jonathan Welch', '09901 Namekan Alley', '252097942', 4, 2, '2016-11-29 20:27:04', '2016-09-25 09:05:07'),
(102, 71, 1, 'Jack Young', '032 John Wall Hill', '669010164', 6, 4, '2016-12-15 12:28:24', '2017-02-01 00:40:34'),
(103, 55, 10, 'Sharon Moreno', '7924 Nobel Park', '367324824', 7, 2, '2017-03-07 03:40:17', '2016-05-08 00:43:37'),
(104, 10, 1, 'Arthur Owens', '750 Cardinal Crossing', '292001633', 6, 7, '2016-10-12 03:01:02', '2017-03-20 08:45:18'),
(105, 70, 2, 'Jeremy Thompso', '3 Gale Parkway', '866307271', 1, 9, '2017-01-19 19:56:41', '2016-08-04 16:31:12'),
(106, 21, 9, 'Julie Wilso', '97142 Sherman Plaza', '919327479', 4, 1, '2017-03-14 08:03:55', '2016-10-13 00:48:31'),
(107, 73, 5, 'Eugene Collins', '5215 Eagle Crest Plaza', '526116481', 8, 3, '2016-05-15 15:25:10', '2016-05-07 16:10:09'),
(108, 61, 9, 'Joshua Montmery', '31077 Scoville Alley', '211983437', 8, 8, '2016-12-30 20:31:08', '2016-06-17 15:21:11'),
(109, 58, 7, 'Gerald Palmer', '4994 Stephen Trail', '140420913', 5, 2, '2016-10-11 10:30:16', '2016-11-25 00:54:46'),
(110, 58, 3, 'Ruth Kim', '548 Oak Lane', '981684885', 10, 8, '2016-08-11 06:40:57', '2016-09-01 13:27:48'),
(111, 44, 3, 'Anthony Butler', '699 Schmedeman Way', '374634878', 5, 5, '2016-11-30 06:27:00', '2016-06-01 02:54:38'),
(112, 58, 2, 'Brian mez', '61362 Trailsway Avenue', '647985336', 10, 3, '2016-07-24 14:12:38', '2016-06-10 07:29:23'),
(113, 22, 5, 'Willie Graham', '19 Cascade Place', '204907818', 4, 8, '2016-09-22 22:40:57', '2016-05-13 00:40:42'),
(114, 28, 8, 'Patrick Hall', '44668 Dakota Point', '672396590', 5, 2, '2016-09-24 01:35:35', '2016-10-13 08:11:02'),
(115, 20, 7, 'Adam Reynolds', '2 Hayes Avenue', '489761469', 2, 3, '2016-06-13 10:30:17', '2016-10-20 19:49:08'),
(116, 95, 3, 'Tammy Powell', '93 Morning Lane', '827695905', 6, 8, '2016-06-07 18:16:18', '2017-03-21 16:48:34'),
(117, 29, 8, 'Diane Brow', '3618 Fair Oaks Drive', '660251265', 1, 5, '2016-07-29 23:21:32', '2016-09-28 04:16:47'),
(118, 65, 6, 'Philip Cook', '268 Tennessee Court', '632968449', 4, 3, '2016-06-10 00:33:08', '2017-01-23 12:11:53'),
(119, 29, 9, 'Janice White', '03 Green Circle', '749566965', 8, 5, '2017-01-02 17:37:16', '2016-08-24 02:46:36'),
(120, 76, 7, 'Larry nzales', '01316 Porter Lane', '310191385', 8, 9, '2016-06-19 03:23:34', '2016-06-01 12:34:17'),
(121, 86, 6, 'Adam Jenkins', '7 Caliangt Crossing', '947903578', 5, 2, '2016-09-09 02:44:15', '2016-09-08 23:14:23'),
(122, 31, 9, 'Cheryl Rivera', '2749 Sherman Hill', '876714111', 1, 1, '2016-10-30 04:26:37', '2016-09-25 08:56:52'),
(123, 23, 3, 'Roy Kim', '1 Sage Avenue', '963287275', 2, 6, '2016-11-21 11:38:54', '2016-11-14 16:18:49'),
(124, 47, 8, 'Linda Washingto', '8111 Beilfuss Street', '337209395', 8, 3, '2016-06-03 01:49:56', '2016-11-22 01:18:05'),
(125, 92, 2, 'Doris Ward', '5 lf View Avenue', '737214403', 8, 4, '2017-04-04 01:12:00', '2016-10-04 20:36:05'),
(126, 86, 10, 'Howard Warre', '453 Cordelia Circle', '399364323', 9, 6, '2016-05-09 17:08:05', '2016-06-06 07:41:01'),
(127, 80, 7, 'Roger Young', '1546 Southridge Park', '973762223', 7, 4, '2016-05-25 03:20:15', '2017-04-11 07:08:05'),
(128, 72, 2, 'Ronald Mills', '03 Sage Parkway', '472066627', 4, 8, '2016-08-12 04:07:09', '2016-05-04 10:40:27'),
(129, 61, 3, 'Roy Schmidt', '62 Mayer Parkway', '676467075', 6, 5, '2016-05-04 16:16:56', '2017-02-28 11:48:10'),
(130, 36, 3, 'Maria Ortiz', '0 Northland Circle', '395105324', 5, 10, '2017-03-10 19:45:55', '2016-10-15 16:10:22'),
(131, 63, 8, 'Raymond Fox', '95 Everett Trail', '199522656', 7, 7, '2016-06-23 14:17:50', '2017-02-26 01:36:39'),
(132, 85, 3, 'Christine Dunca', '1114 Caliangt Street', '263697734', 7, 9, '2017-03-15 18:37:34', '2016-05-30 23:11:04'),
(133, 15, 1, 'Kelly Myers', '64 Hallows Park', '395911336', 10, 3, '2016-12-28 06:19:48', '2016-09-18 03:39:32'),
(134, 42, 8, 'Carl Graham', '3137 Sheridan Parkway', '743626732', 1, 10, '2016-12-15 09:01:34', '2017-03-18 10:53:36'),
(135, 64, 9, 'Justin Porter', '470 Arizona Street', '489712887', 4, 2, '2016-10-06 22:28:41', '2016-11-05 21:55:31'),
(136, 18, 6, 'Judy Bennett', '96050 Pond Lane', '525437783', 5, 10, '2016-06-21 16:43:38', '2017-03-20 09:20:44'),
(137, 67, 4, 'Justin Webb', '2 Trailsway Pass', '609399906', 2, 1, '2016-07-12 10:35:33', '2016-12-20 04:25:40'),
(138, 5, 9, 'Ruby Stanley', '33833 Nancy Drive', '403813911', 1, 4, '2016-08-07 21:53:25', '2016-08-05 21:51:45'),
(139, 20, 5, 'Bruce Anderso', '88314 Larry Lane', '218779416', 4, 6, '2016-10-13 19:38:04', '2016-05-20 16:28:16'),
(140, 91, 4, 'Lisa Chapma', '8994 Bashford Lane', '837121320', 4, 6, '2016-05-23 19:50:41', '2017-02-01 14:17:56'),
(141, 65, 1, 'Nicole Wood', '49 Schlimgen Point', '510370624', 1, 7, '2016-08-06 20:08:07', '2016-09-06 02:59:14'),
(142, 34, 1, 'Sean Richardso', '0273 Lakewood Gardens Crossing', '320087886', 3, 2, '2017-02-04 19:29:41', '2016-07-04 08:57:33'),
(143, 97, 10, 'Craig Tucker', '0027 Hollow Ridge Terrace', '771497498', 9, 1, '2016-07-18 20:17:30', '2016-11-28 16:03:47'),
(144, 91, 9, 'Kathleen Mccoy', '15 Schlimgen Circle', '959846475', 6, 8, '2017-01-31 00:31:19', '2016-06-28 15:44:06'),
(145, 80, 6, 'Eric Arnold', '070 Corry Point', '594377885', 6, 9, '2016-07-27 10:29:11', '2016-04-19 20:57:46'),
(146, 47, 3, 'Frances Vasquez', '8 Spaight Trail', '174780584', 7, 1, '2016-08-20 00:18:28', '2017-03-16 06:28:18'),
(147, 27, 10, 'Aaron Collins', '49 Sherman Crossing', '951116153', 2, 8, '2016-10-13 06:09:46', '2016-04-19 15:34:34'),
(148, 93, 2, 'Sean Vasquez', '853 7th Court', '601664852', 10, 2, '2016-08-13 10:37:37', '2016-10-13 00:36:11'),
(149, 46, 3, 'Patricia Sulliva', '1362 Oxford Court', '702176868', 3, 2, '2016-09-12 13:24:50', '2016-09-30 09:14:50'),
(150, 38, 3, 'Dorothy Weaver', '19 Del Mar Junctio', '168529811', 5, 1, '2016-10-07 22:38:53', '2016-09-28 10:46:20'),
(151, 48, 2, 'Katherine Hawkins', '81 Dwight Trail', '592917673', 3, 2, '2017-04-14 06:15:22', '2016-05-23 12:34:45'),
(152, 26, 10, 'Melissa Payne', '73030 Crest Line Hill', '826245861', 1, 3, '2017-01-08 01:03:07', '2017-01-12 21:25:14'),
(153, 40, 2, 'Christopher Scott', '337 Stoughton Circle', '251618657', 5, 6, '2016-12-20 01:43:36', '2016-11-13 02:01:03'),
(154, 6, 6, 'Edward Riley', '4 Anhalt Place', '542605419', 10, 10, '2016-10-03 07:40:38', '2016-06-24 04:55:59'),
(155, 56, 10, 'Kathleen Stewart', '80088 Mifflin Lane', '374424831', 1, 1, '2016-08-16 15:01:35', '2016-11-19 11:28:05'),
(156, 75, 10, 'Jonathan Scott', '467 Oakridge Lane', '405018862', 3, 6, '2017-03-14 12:20:42', '2016-11-03 12:35:42'),
(157, 36, 2, 'Cheryl Jorda', '671 Meadow Vale Avenue', '457906215', 10, 8, '2016-09-28 01:59:51', '2016-11-21 05:02:30'),
(158, 87, 8, 'Christopher Shaw', '1 Fieldstone Street', '655009333', 3, 9, '2017-03-17 23:45:50', '2016-10-12 21:17:00'),
(159, 51, 5, 'Jesse Russell', '75 Lakewood Street', '732685187', 4, 3, '2017-01-04 01:38:48', '2016-06-22 20:15:08'),
(160, 4, 4, 'Todd Castillo', '7 Bashford Place', '968154217', 6, 4, '2016-09-19 12:20:48', '2016-12-24 23:16:22'),
(161, 21, 10, 'Jennifer Edwards', '80 Kensington Place', '676209797', 10, 9, '2016-04-20 06:56:33', '2017-02-18 23:04:44'),
(162, 19, 1, 'Justin Little', '6183 Mccormick Way', '824243317', 3, 4, '2016-08-29 04:39:44', '2017-02-27 10:38:18'),
(163, 46, 5, 'Roger Alvarez', '68 Warrior Pass', '768839432', 4, 9, '2016-12-06 21:37:21', '2016-05-13 00:45:36'),
(164, 54, 9, 'Jessica rdo', '017 Charing Cross Court', '727104406', 1, 1, '2016-05-28 16:24:56', '2016-11-01 05:19:14'),
(165, 24, 2, 'Jonathan Nelso', '05741 Ryan Center', '343879055', 4, 2, '2016-05-22 23:47:00', '2016-11-21 01:24:58'),
(166, 28, 1, 'Paul Porter', '67 Brown Pass', '138987409', 9, 2, '2016-11-02 23:20:13', '2016-11-01 01:25:01'),
(167, 65, 6, 'Jack Reyes', '16933 Brentwood Avenue', '185082389', 9, 4, '2016-05-09 13:00:56', '2016-12-30 10:58:09'),
(168, 15, 1, 'Charles Pierce', '1155 Pleasure Road', '488227430', 6, 5, '2016-06-16 16:44:26', '2016-11-01 01:11:06'),
(169, 26, 6, 'Phillip Johnsto', '64 Grover Road', '376425699', 7, 3, '2017-02-22 08:28:02', '2016-05-10 20:32:14'),
(170, 49, 5, 'Teresa Flores', '50 Granby Trail', '757601325', 6, 3, '2017-02-04 05:38:30', '2016-05-31 01:38:07'),
(171, 62, 4, 'Nicholas Dun', '1 Monument Center', '496519736', 3, 4, '2016-07-27 15:59:29', '2017-01-31 13:56:04'),
(172, 62, 8, 'William Garrett', '55444 Burrows Lane', '595036498', 4, 1, '2017-03-29 14:16:40', '2016-08-10 16:02:28'),
(173, 29, 10, 'Heather Thomas', '5 Northfield Crossing', '720354348', 1, 7, '2016-07-04 08:41:23', '2017-03-22 00:02:04'),
(174, 48, 5, 'Susan Ellis', '02197 Morrow Center', '776041911', 4, 4, '2017-03-06 18:51:14', '2016-06-10 01:47:30'),
(175, 46, 2, 'Timothy Bailey', '908 Mccormick Center', '867481537', 1, 7, '2016-11-19 02:32:07', '2017-02-18 15:55:30'),
(176, 54, 4, 'Patrick Clark', '90 Dovetail Hill', '478554355', 9, 2, '2016-09-29 01:30:58', '2016-08-24 17:40:10'),
(177, 16, 5, 'Jesse Baker', '271 Packers Drive', '564736458', 2, 10, '2016-12-15 15:37:09', '2016-11-16 22:17:27'),
(178, 61, 6, 'Wayne Richardso', '04 Union Plaza', '448277514', 4, 3, '2017-01-03 14:14:23', '2016-08-06 22:54:41'),
(179, 68, 7, 'Richard Powell', '249 Colorado Drive', '386939448', 4, 2, '2017-01-06 08:45:02', '2016-05-02 22:45:41'),
(180, 56, 5, 'Dorothy Holmes', '934 Utah Alley', '880214958', 10, 4, '2016-05-25 16:23:36', '2016-07-06 08:32:55'),
(181, 63, 1, 'Paula Perry', '79895 Cherokee Court', '999555480', 9, 4, '2017-02-10 05:03:23', '2016-06-05 15:42:09'),
(182, 72, 9, 'Martha Knight', '3848 Scott Drive', '614207490', 7, 7, '2017-02-03 10:09:03', '2016-10-17 11:09:37'),
(183, 62, 5, 'Fred Gree', '9 Quincy Junctio', '549757603', 8, 9, '2016-09-26 03:17:03', '2017-02-21 04:14:39'),
(184, 52, 5, 'Sharon Mccoy', '7 Warrior Avenue', '971666944', 6, 2, '2016-09-01 19:31:15', '2016-12-24 06:18:25'),
(185, 16, 10, 'William Simpso', '99766 Myrtle Point', '641084959', 3, 4, '2016-07-30 01:46:58', '2017-04-06 12:33:48'),
(186, 17, 5, 'Harry Murphy', '226 Schiller Place', '299102184', 6, 9, '2016-04-30 07:05:18', '2016-04-27 20:19:23'),
(187, 64, 8, 'Bonnie Stewart', '486 Rutledge Terrace', '613555547', 9, 9, '2016-11-28 18:06:46', '2016-04-25 08:50:25'),
(188, 55, 1, 'Rose Frankli', '41 Utah Circle', '699062275', 2, 6, '2017-04-09 09:53:10', '2016-10-11 10:08:24'),
(189, 55, 10, 'Shirley Mitchell', '04 Grover Park', '797028858', 5, 9, '2017-02-05 20:36:05', '2016-08-11 13:10:45'),
(190, 74, 10, 'Brenda Reynolds', '994 Farmco Hill', '950211277', 2, 8, '2017-01-10 11:48:41', '2016-08-12 10:55:50'),
(191, 31, 6, 'Daniel Dun', '008 Mockingbird Alley', '181386732', 9, 2, '2017-02-19 09:59:39', '2016-09-08 16:46:43'),
(192, 65, 1, 'Wayne Harvey', '35449 Kipling Lane', '665320800', 6, 6, '2017-04-12 04:37:22', '2017-01-13 06:02:21'),
(193, 62, 3, 'Howard Hunter', '3 Pierstorff Trail', '330508062', 5, 1, '2016-09-05 22:51:20', '2017-02-15 20:11:26'),
(194, 79, 2, 'Evelyn Perry', '0222 Warner Junctio', '298923068', 7, 8, '2017-03-25 20:52:22', '2016-09-27 05:31:39'),
(195, 89, 7, 'Jason Carpenter', '2 Forest Dale Avenue', '402747907', 5, 1, '2017-04-02 22:28:16', '2016-08-05 12:00:12'),
(196, 17, 2, 'Jose Dixo', '14718 Crescent Oaks Way', '361632909', 8, 9, '2016-11-18 22:28:50', '2016-07-18 15:49:49'),
(197, 16, 10, 'Debra Larso', '9960 Morning Plaza', '811723156', 6, 6, '2016-06-12 04:17:24', '2016-04-18 19:52:14'),
(198, 11, 8, 'Jane Castillo', '00492 Blaine Park', '667262615', 8, 4, '2016-05-27 09:33:41', '2016-05-01 21:30:00'),
(199, 95, 1, 'Robin Daniels', '131 Carioca Circle', '697187071', 7, 3, '2016-06-25 16:05:14', '2016-09-25 22:36:04'),
(200, 49, 2, 'Pamela Davis', '8241 Scott Point', '941133133', 6, 8, '2017-01-11 15:15:10', '2016-10-27 15:11:02'),
(201, 93, 7, 'Deborah Harriso', '861 Forster Park', '495599774', 2, 9, '2017-04-04 07:40:00', '2017-01-24 12:39:42'),
(202, 85, 5, 'Ruth Maso', '740 Heath Pass', '645877439', 4, 1, '2017-04-16 14:32:24', '2016-05-30 19:21:54'),
(203, 88, 7, 'Victor Mccoy', '0435 John Wall Court', '781656723', 5, 10, '2016-06-12 12:21:43', '2016-08-30 13:22:11'),
(204, 35, 5, 'Beverly Gray', '284 Hagan Avenue', '907168628', 8, 9, '2016-11-05 03:18:31', '2017-01-31 21:14:31'),
(205, 14, 6, 'Diana Dun', '272 Sugar Circle', '164279547', 2, 9, '2017-02-19 08:56:21', '2016-12-20 20:01:26'),
(206, 16, 9, 'Jason Fields', '14 International Street', '456764543', 5, 6, '2016-08-27 18:08:55', '2016-04-20 03:08:20'),
(207, 20, 8, 'Gerald Williams', '439 Cody Court', '831923793', 9, 10, '2017-02-26 04:45:59', '2016-10-18 12:42:33'),
(208, 78, 2, 'Joan Jackso', '54132 Bay Junctio', '573390383', 8, 6, '2017-02-04 17:02:59', '2016-07-01 22:04:33'),
(209, 71, 10, 'Dorothy Mcdonald', '15 Erie Place', '133431550', 2, 3, '2016-12-11 01:28:27', '2016-06-13 09:37:24'),
(210, 95, 10, 'Beverly Ward', '303 Rowland Plaza', '233952918', 9, 2, '2016-09-12 00:56:58', '2016-06-27 21:05:11'),
(211, 71, 5, 'Keith Burke', '61493 Spaight Lane', '376187757', 6, 2, '2017-02-15 01:11:39', '2017-01-24 23:54:07'),
(212, 41, 7, 'Phillip Black', '54 Mallory Center', '858250844', 1, 4, '2016-12-30 05:53:02', '2016-07-07 12:47:00'),
(213, 2, 9, 'Shawn Murphy', '01752 Weeping Birch Alley', '581206356', 9, 10, '2017-01-02 07:46:50', '2016-07-01 01:51:58'),
(214, 68, 2, 'Andrea Morga', '29 Westerfield Plaza', '278848015', 7, 1, '2016-06-20 00:47:01', '2017-01-14 12:20:56'),
(215, 81, 2, 'Frank Thompso', '2904 Walton Alley', '227754804', 5, 1, '2017-01-08 01:40:41', '2016-09-05 19:41:33'),
(216, 75, 6, 'Ralph Hanso', '4 Heffernan Terrace', '528442365', 6, 6, '2016-07-15 10:27:13', '2017-03-15 13:42:23'),
(217, 39, 7, 'Larry Peters', '62771 Clemons Trail', '530952488', 6, 9, '2016-09-08 22:01:57', '2016-12-26 15:54:46'),
(218, 83, 2, 'Jose Sanchez', '228 Hooker Place', '540541452', 9, 2, '2016-06-29 02:09:04', '2017-03-18 15:35:47'),
(219, 84, 4, 'Brenda Fowler', '33550 Beilfuss Alley', '436479396', 5, 10, '2016-09-01 05:23:44', '2016-10-14 22:44:36'),
(220, 51, 3, 'Rose Hudso', '95931 South Center', '427501120', 1, 5, '2017-01-14 04:28:09', '2017-04-14 10:59:04'),
(221, 63, 3, 'Amanda Lawrence', '7308 Talisman Center', '801955428', 5, 5, '2016-12-26 10:15:43', '2016-11-18 12:21:36'),
(222, 57, 1, 'Martha Dunca', '091 Bunker Hill Center', '783061720', 7, 1, '2016-08-23 04:22:57', '2016-11-18 03:38:24'),
(223, 33, 10, 'Eric Simmons', '15195 Kingsford Pass', '555743021', 7, 3, '2016-11-03 17:10:34', '2017-03-10 16:27:56'),
(224, 7, 4, 'Stephen Patterso', '479 Oak Valley Place', '587272115', 3, 10, '2016-11-13 15:21:09', '2016-06-23 05:29:25'),
(225, 18, 6, 'Craig Fuller', '60196 Vera Park', '167204160', 4, 3, '2017-02-02 12:44:46', '2016-06-07 14:41:03'),
(226, 31, 9, 'Brian Medina', '9 Texas Road', '264852659', 2, 9, '2016-07-24 04:01:02', '2017-04-11 11:35:02'),
(227, 33, 9, 'Marilyn Adams', '1372 Oakridge Alley', '471663156', 9, 6, '2016-08-23 23:29:57', '2017-04-14 22:00:13'),
(228, 97, 1, 'Kimberly Lawso', '75 Parkside Hill', '543825584', 8, 2, '2016-05-09 16:10:39', '2016-12-31 07:05:20'),
(229, 39, 10, 'Fred Jorda', '23 Sheridan Street', '736918716', 9, 7, '2016-07-19 16:27:08', '2017-01-23 01:08:52'),
(230, 65, 10, 'Denise Bryant', '49652 Cody Circle', '338430764', 6, 4, '2016-07-08 16:33:54', '2016-05-06 18:11:26'),
(231, 17, 2, 'Bobby Ferguso', '9524 Katie Way', '260809508', 10, 4, '2017-04-06 15:30:38', '2016-10-16 21:24:40'),
(232, 25, 1, 'Alan Long', '9388 Springs Road', '696471122', 4, 1, '2016-09-05 15:56:11', '2016-12-21 22:29:14'),
(233, 56, 3, 'Clarence Mitchell', '874 Randy Circle', '368643704', 7, 7, '2016-09-07 21:33:39', '2016-08-23 15:24:37'),
(234, 83, 6, 'Edward Chavez', '77192 Manitowish Drive', '484713015', 6, 10, '2016-05-10 14:53:41', '2016-07-12 14:16:10'),
(235, 65, 2, 'George Harris', '078 Hudson Way', '357016238', 2, 4, '2017-02-05 19:20:21', '2017-04-14 04:46:46'),
(236, 31, 4, 'Phyllis Austi', '33888 Bartillon Junctio', '875927871', 5, 3, '2016-10-30 20:51:55', '2016-07-29 16:43:09'),
(237, 30, 7, 'Ruth Cooper', '276 Sage Trail', '423550389', 8, 6, '2016-05-11 19:50:32', '2016-07-26 00:53:25'),
(238, 14, 3, 'Rose West', '142 lf View Trail', '914069534', 9, 5, '2016-10-28 08:27:22', '2016-09-13 13:55:43'),
(239, 23, 10, 'Anne Thompso', '7 Kennedy Junctio', '144138762', 5, 8, '2016-09-26 15:33:39', '2016-12-29 02:42:38'),
(240, 9, 1, 'Jimmy Butler', '0 Maryland Plaza', '345268483', 2, 7, '2016-07-03 16:17:27', '2016-09-05 23:39:39'),
(241, 51, 3, 'Catherine Brow', '2485 Cherokee Center', '800535535', 1, 10, '2016-06-26 19:46:52', '2016-06-12 09:27:56'),
(242, 74, 3, 'Theresa Gardner', '02 Bultman Center', '498756475', 7, 7, '2016-10-30 21:47:42', '2016-12-03 13:51:32'),
(243, 67, 2, 'Roy Weaver', '00 Judy Street', '336206691', 2, 8, '2017-03-09 01:29:55', '2017-01-10 17:05:56'),
(244, 88, 7, 'Joe Patterso', '4090 Gateway Alley', '716253184', 10, 5, '2017-01-30 03:43:21', '2017-04-09 07:59:35'),
(245, 37, 8, 'Martha Bell', '33390 Kinsman Street', '451450566', 4, 7, '2016-09-11 06:33:42', '2016-05-08 08:52:14'),
(246, 93, 10, 'Raymond Garrett', '63 Browning Hill', '466994022', 5, 3, '2016-11-26 05:48:59', '2016-08-31 21:35:41'),
(247, 8, 7, 'Donald Hart', '5940 Blackbird Lane', '234198634', 5, 10, '2016-11-02 19:05:19', '2016-06-16 12:10:06'),
(248, 31, 2, 'Julia Sanders', '8 Portage Point', '486889955', 3, 9, '2017-04-15 20:20:38', '2016-05-14 05:58:56'),
(249, 94, 2, 'Carlos James', '12812 Wayridge Point', '255990018', 8, 6, '2016-08-05 14:32:45', '2016-09-06 06:00:06'),
(250, 74, 6, 'Eric Burke', '8 Lyons Pass', '413377901', 6, 1, '2016-12-04 17:02:04', '2017-02-10 07:45:41'),
(251, 34, 10, 'Anne Williams', '146 Portage Street', '214771946', 4, 1, '2016-04-19 18:12:33', '2017-01-15 23:48:50'),
(252, 6, 6, 'Christopher Parker', '4 Summit Parkway', '192443761', 10, 6, '2016-09-15 12:10:40', '2016-11-16 20:05:11'),
(253, 46, 4, 'Jeremy Elliott', '58199 Debra Place', '546118214', 6, 7, '2016-08-08 10:20:07', '2016-11-10 19:09:38'),
(254, 56, 5, 'Betty Dixo', '62275 Knutson Park', '392754054', 10, 4, '2016-07-02 03:56:32', '2016-12-18 05:06:27'),
(255, 32, 7, 'Joan Jenkins', '04 Leroy Court', '463920357', 1, 1, '2016-12-08 13:59:06', '2016-05-06 03:14:10'),
(256, 25, 1, 'Donald Adams', '13 Prairieview Point', '460511992', 3, 2, '2016-11-23 17:24:29', '2016-08-26 01:36:06'),
(257, 43, 4, 'Larry Cunningham', '81 Moland Avenue', '560197036', 8, 5, '2016-05-21 09:33:09', '2017-02-24 13:51:31'),
(258, 93, 7, 'Wayne Cox', '07729 Havey Hill', '658729557', 8, 9, '2016-10-28 08:43:46', '2016-11-30 00:44:39'),
(259, 16, 7, 'Wayne Myers', '5 Holmberg Crossing', '782824863', 4, 3, '2016-07-28 04:59:46', '2016-11-07 15:43:09'),
(260, 4, 7, 'Harry Mitchell', '906 Graceland Center', '682266378', 6, 9, '2016-04-28 08:23:29', '2016-12-24 10:38:55'),
(261, 81, 2, 'Harold Price', '11587 Summer Ridge Road', '387337665', 2, 6, '2016-07-24 23:46:15', '2016-09-06 05:39:48'),
(262, 68, 3, 'Chris Brooks', '8709 Independence Street', '125539441', 6, 5, '2016-05-15 20:34:23', '2017-01-29 13:36:01'),
(263, 2, 1, 'Johnny Riley', '17 Emmet Street', '118220082', 10, 9, '2016-12-28 01:55:38', '2016-05-10 08:40:16'),
(264, 89, 10, 'James nzales', '25519 Beilfuss Alley', '975586580', 10, 10, '2016-09-17 23:13:11', '2016-06-25 09:59:29'),
(265, 39, 8, 'Grery Holmes', '2 Prairie Rose Point', '941084079', 8, 3, '2016-08-01 03:12:59', '2017-03-13 22:49:14'),
(266, 58, 3, 'Patrick nzalez', '905 Gulseth Lane', '740757220', 4, 1, '2016-08-15 05:19:59', '2016-09-25 03:08:25'),
(267, 82, 4, 'David Hart', '65 Carioca Alley', '980392134', 9, 9, '2016-10-10 02:40:05', '2016-05-24 18:27:38'),
(268, 88, 9, 'Samuel Stephens', '3 Glendale Park', '809342662', 7, 2, '2016-07-18 04:25:27', '2016-07-19 11:12:25'),
(269, 87, 2, 'Peter Hicks', '923 Hoard Plaza', '251883878', 5, 2, '2017-04-04 16:18:33', '2016-07-07 09:16:43'),
(270, 81, 1, 'Alan Crawford', '3629 Scoville Parkway', '283521645', 1, 4, '2016-11-10 21:02:09', '2017-02-09 11:07:45'),
(271, 92, 8, 'Eric Frankli', '67902 Corry Park', '615634188', 1, 3, '2016-09-22 08:15:47', '2016-09-03 08:00:44'),
(272, 3, 1, 'Peter Dunca', '1 Londonderry Drive', '132667098', 8, 10, '2016-06-27 04:14:34', '2016-08-09 22:33:56'),
(273, 59, 2, 'Donna Austi', '517 Manitowish Drive', '458114591', 3, 9, '2017-01-11 17:03:48', '2016-12-22 12:53:44'),
(274, 70, 7, 'Craig Little', '551 Ramsey Center', '326810538', 7, 10, '2016-06-22 00:13:58', '2016-04-30 19:45:31'),
(275, 100, 6, 'Jason rdo', '14 Portage Terrace', '464891534', 3, 2, '2017-01-28 15:31:00', '2016-06-08 19:08:17'),
(276, 51, 2, 'Bruce Medina', '58 International Point', '348559390', 2, 8, '2016-06-08 09:11:20', '2016-04-20 06:13:56'),
(277, 90, 8, 'Amanda Harriso', '60 Blaine Way', '482515900', 8, 4, '2016-08-19 20:10:25', '2016-09-09 17:11:09'),
(278, 91, 9, 'Jane Porter', '82258 Gale Lane', '915238777', 2, 7, '2017-02-14 20:10:17', '2016-05-06 23:35:11'),
(279, 81, 2, 'Carl Jorda', '799 Marcy Avenue', '824234184', 6, 2, '2016-05-31 20:51:35', '2016-08-07 17:24:55'),
(280, 91, 6, 'Sharon Castillo', '33 West Lane', '229638590', 1, 7, '2016-07-03 21:48:30', '2017-04-16 20:44:20'),
(281, 8, 8, 'Melissa Carr', '2 Crescent Oaks Plaza', '530289319', 10, 9, '2016-09-11 08:02:52', '2016-10-26 02:33:34'),
(282, 24, 4, 'Antonio Burke', '6 Carey Avenue', '268986420', 7, 10, '2016-06-17 16:48:54', '2016-07-21 22:08:59'),
(283, 72, 6, 'Kevin West', '00830 Dennis Place', '861829434', 9, 3, '2016-08-28 17:00:24', '2016-06-18 07:34:38'),
(284, 67, 5, 'Martha Sulliva', '715 South Crossing', '341761957', 5, 3, '2016-08-13 14:04:45', '2017-04-11 05:48:11'),
(285, 98, 9, 'Joshua Taylor', '032 Lotheville Place', '612789662', 3, 2, '2017-04-15 20:21:20', '2016-08-09 13:01:46'),
(286, 35, 6, 'Samuel Price', '99 Pleasure Alley', '534128877', 1, 9, '2016-04-29 11:29:43', '2016-09-08 14:40:36'),
(287, 85, 10, 'Irene Perez', '58323 Butternut Road', '443120152', 6, 6, '2017-01-16 05:35:26', '2016-09-02 07:27:26'),
(288, 79, 3, 'Dennis Henry', '6943 Vahlen Center', '170146447', 6, 1, '2016-07-04 11:40:18', '2016-06-05 18:54:26'),
(289, 70, 8, 'Mary Chapma', '09 Loomis Drive', '555814226', 10, 9, '2016-07-14 09:21:42', '2016-09-21 07:57:00'),
(290, 21, 10, 'Samuel Griffi', '085 Talisman Circle', '712215160', 10, 6, '2016-04-22 02:57:36', '2016-06-20 08:36:43'),
(291, 32, 4, 'Wayne Peterso', '3 Old Shore Parkway', '463634056', 9, 10, '2016-05-14 13:33:47', '2016-06-30 17:20:46'),
(292, 61, 1, 'Brenda Jenkins', '6 Esch Lane', '883765116', 4, 1, '2017-02-08 01:18:46', '2017-02-04 01:19:01'),
(293, 11, 4, 'Lois Hall', '3 Eggendart Alley', '793753635', 1, 7, '2016-06-04 04:15:38', '2016-06-01 08:29:12'),
(294, 77, 10, 'Todd Fuller', '90 Orin Alley', '335325622', 3, 7, '2017-03-23 01:00:31', '2017-03-16 06:26:35'),
(295, 48, 4, 'Andrew Evans', '3336 Kensington Street', '756186080', 1, 7, '2016-07-08 09:20:21', '2016-07-20 22:32:57'),
(296, 11, 9, 'Frances Perry', '3 Porter Drive', '694990999', 9, 7, '2016-10-30 05:30:05', '2017-03-31 21:09:43'),
(297, 31, 2, 'Shirley Dea', '7 Vermont Parkway', '216963787', 8, 5, '2016-06-18 17:44:16', '2016-07-05 23:54:40'),
(298, 23, 8, 'Brenda Clark', '6 Warrior Road', '285066420', 4, 4, '2016-11-20 08:03:44', '2017-01-02 08:44:57'),
(299, 96, 2, 'Marie Ramirez', '85 Sutherland Trail', '404842301', 5, 9, '2017-04-13 12:23:41', '2016-07-02 19:55:49'),
(300, 30, 4, 'Keith Harriso', '86050 Dottie Way', '743283166', 7, 3, '2016-08-23 13:40:39', '2016-05-20 22:10:07'),
(301, 61, 2, 'Ralph Warre', '60541 Vermont Hill', '902629706', 5, 7, '2017-03-03 16:33:14', '2016-11-15 01:02:46'),
(302, 2, 9, 'Kimberly Moore', '86163 Chinook Pass', '792109663', 4, 7, '2016-06-18 18:33:33', '2016-05-23 13:44:28'),
(303, 38, 8, 'Judith Jones', '647 Arrowood Circle', '384280113', 10, 2, '2016-05-22 01:37:44', '2016-10-07 16:01:04'),
(304, 81, 9, 'Andrew Burto', '17740 Thierer Way', '786079141', 3, 9, '2016-06-02 11:38:35', '2016-05-17 01:04:30'),
(305, 90, 6, 'Christina Russell', '67 Bunting Way', '450568507', 7, 10, '2016-10-31 03:33:45', '2016-04-22 13:32:09'),
(306, 47, 8, 'Melissa Perez', '1267 Lukken Crossing', '274613903', 7, 9, '2017-03-18 05:50:58', '2016-11-26 17:57:17'),
(307, 7, 10, 'Eric Rogers', '54662 Mendota Drive', '881643277', 9, 7, '2016-05-19 16:55:55', '2016-10-26 03:39:00'),
(308, 38, 2, 'Daniel Campbell', '122 8th Plaza', '311570683', 6, 7, '2017-01-09 05:35:49', '2016-08-07 04:40:52'),
(309, 64, 7, 'Norma Cox', '3 Gina Pass', '241031306', 6, 7, '2016-09-08 11:41:07', '2016-09-16 05:32:26'),
(310, 28, 3, 'Janice Kennedy', '51 Manitowish Terrace', '572253521', 4, 7, '2017-03-26 09:13:29', '2016-12-23 18:50:25'),
(311, 3, 8, 'Donald Stevens', '53 Sloan Road', '262222800', 9, 10, '2016-07-14 04:02:17', '2016-09-02 11:32:58'),
(312, 75, 6, 'Roger Porter', '22885 Cascade Lane', '645359267', 7, 9, '2017-04-06 08:13:25', '2016-05-28 10:09:39'),
(313, 69, 7, 'Cynthia Brow', '97924 Erie Junctio', '190848087', 1, 5, '2017-02-09 23:54:10', '2016-04-20 04:49:26'),
(314, 92, 7, 'Victor White', '6591 Mendota Circle', '685048299', 1, 4, '2016-11-02 12:32:55', '2016-05-16 22:31:23'),
(315, 64, 5, 'Sharon Mills', '54 Farragut Plaza', '556944493', 4, 1, '2017-03-31 18:36:51', '2016-12-18 22:33:18'),
(316, 71, 10, 'Frank Johnso', '5313 Union Circle', '226591947', 2, 9, '2017-01-12 19:45:36', '2016-10-10 09:29:06'),
(317, 11, 4, 'Tammy Grant', '003 Aberg Circle', '153113129', 8, 1, '2016-09-21 17:26:46', '2017-02-02 10:53:40'),
(318, 54, 3, 'Scott Oliver', '17 Talmadge Street', '590956738', 2, 6, '2016-12-23 11:24:22', '2017-01-30 23:51:16'),
(319, 22, 7, 'Ronald Porter', '0222 Logan Alley', '608643898', 1, 4, '2017-01-12 16:14:34', '2016-06-19 19:35:37'),
(320, 4, 8, 'Ashley Price', '647 Macpherson Way', '155408213', 2, 9, '2016-07-18 04:09:31', '2017-01-12 06:27:29'),
(321, 66, 10, 'Richard Boyd', '4 American Parkway', '164255820', 8, 8, '2016-06-19 00:48:14', '2017-04-05 02:14:46'),
(322, 82, 2, 'Wayne Schmidt', '53 Old Gate Pass', '881944711', 4, 5, '2016-09-24 12:40:47', '2017-02-13 09:47:40'),
(323, 74, 9, 'Mark Russell', '7 Nelson Parkway', '119406832', 4, 8, '2016-05-08 19:20:53', '2016-10-03 10:07:23'),
(324, 74, 8, 'Sandra Turner', '7 Manley Park', '493486035', 10, 1, '2016-07-08 17:10:51', '2016-12-07 08:30:22'),
(325, 60, 9, 'Bruce Day', '645 Independence Avenue', '846161686', 1, 4, '2016-05-27 18:49:17', '2016-11-24 14:23:58'),
(326, 70, 8, 'George Stone', '9 Beilfuss Avenue', '700769477', 1, 2, '2017-01-23 04:09:06', '2016-05-10 08:29:30'),
(327, 47, 2, 'Lois King', '54168 Calypso Drive', '518889474', 3, 4, '2016-06-16 16:20:18', '2016-10-31 11:22:17'),
(328, 32, 5, 'Sharon Pierce', '3364 Upham Center', '832447647', 4, 4, '2016-11-26 18:34:14', '2016-06-01 23:05:20'),
(329, 28, 5, 'Jesse Hawkins', '1610 Coleman Circle', '556971066', 9, 4, '2016-11-11 16:03:49', '2016-09-18 02:11:38'),
(330, 34, 2, 'Carlos Spencer', '148 Ramsey Trail', '867916236', 7, 7, '2017-01-12 09:43:47', '2016-11-20 12:07:45'),
(331, 83, 3, 'Helen Marti', '3 Morningstar Junctio', '841355412', 7, 5, '2016-08-10 21:23:16', '2016-06-09 04:31:08'),
(332, 2, 9, 'Scott Barnes', '69 Browning Plaza', '524129856', 5, 7, '2016-08-06 06:05:12', '2016-05-18 08:30:01'),
(333, 54, 4, 'Jacqueline Gardner', '185 Farwell Way', '614278852', 5, 8, '2017-01-27 08:09:32', '2016-11-11 17:07:42'),
(334, 93, 9, 'Harold Rogers', '035 Anniversary Street', '294963177', 8, 9, '2016-06-19 01:45:55', '2017-01-01 06:30:27'),
(335, 12, 8, 'Beverly Schmidt', '09 Del Mar Junctio', '466684869', 4, 8, '2016-06-16 15:09:37', '2016-10-10 07:47:24'),
(336, 97, 3, 'Adam Watkins', '58260 Esker Hill', '365484376', 6, 3, '2016-08-26 11:10:06', '2016-11-18 17:59:26'),
(337, 28, 9, 'Angela Baker', '83504 Roth Place', '570904057', 4, 6, '2017-02-11 21:11:12', '2016-07-23 05:44:47'),
(338, 65, 7, 'Catherine Parker', '2419 Bluejay Pass', '310494861', 2, 5, '2016-09-03 01:14:21', '2017-02-11 11:51:26'),
(339, 40, 4, 'Antonio Murray', '38882 Rutledge Way', '613742238', 4, 4, '2016-11-19 15:18:19', '2016-04-20 06:37:48'),
(340, 32, 5, 'Terry Holmes', '534 Quincy Junctio', '217515797', 4, 4, '2016-05-31 08:19:34', '2016-08-04 03:00:02'),
(341, 49, 2, 'Katherine Watkins', '605 Moulton Trail', '388588129', 9, 2, '2017-02-05 02:28:03', '2016-04-27 06:05:29'),
(342, 37, 9, 'Marie Robinso', '650 New Castle Crossing', '565818867', 1, 2, '2016-10-31 20:54:26', '2017-03-16 11:19:40'),
(343, 76, 8, 'Carolyn Bryant', '13175 American Street', '332103839', 10, 7, '2016-07-23 13:21:42', '2016-06-28 15:52:58'),
(344, 36, 10, 'Ronald Wagner', '7355 Mallory Terrace', '795192373', 10, 2, '2017-03-03 11:17:15', '2016-10-07 17:52:33'),
(345, 31, 4, 'Patricia Bowma', '0063 Almo Drive', '113449187', 1, 5, '2016-09-16 07:20:28', '2017-03-24 05:49:43'),
(346, 95, 5, 'Scott Price', '10 Ryan Drive', '526177271', 7, 7, '2017-04-14 11:53:57', '2017-04-04 22:06:51'),
(347, 75, 10, 'Benjamin Dun', '2 Montana Trail', '521122949', 6, 9, '2016-04-20 02:15:14', '2016-09-25 03:20:51'),
(348, 37, 2, 'Jimmy Harvey', '269 Valley Edge Crossing', '744621255', 8, 8, '2016-05-03 08:55:45', '2016-12-24 14:07:53'),
(349, 18, 6, 'Carl Lewis', '37 Toban Terrace', '758558843', 8, 10, '2016-04-18 04:06:45', '2017-01-28 20:27:37'),
(350, 35, 1, 'Janice Foster', '85565 Caliangt Circle', '522060396', 6, 10, '2016-11-23 11:08:06', '2017-01-28 20:49:20'),
(351, 64, 4, 'Richard Ortiz', '69 Garrison Drive', '655648048', 8, 7, '2016-09-26 23:54:55', '2016-04-17 18:02:40'),
(352, 4, 1, 'Annie Parker', '524 Loeprich Junctio', '682262048', 5, 7, '2017-04-15 14:47:03', '2016-12-31 11:40:06'),
(353, 54, 6, 'Ruth Bishop', '3422 Laurel Avenue', '120937077', 3, 1, '2016-10-16 14:58:40', '2017-02-02 06:53:07'),
(354, 88, 6, 'Judy Daniels', '3166 Acker Crossing', '256115946', 1, 3, '2016-06-23 16:41:12', '2016-09-15 15:26:59'),
(355, 74, 1, 'Jennifer Jorda', '15791 Summer Ridge Circle', '796855151', 8, 8, '2016-10-14 14:17:16', '2016-10-03 23:04:22'),
(356, 37, 1, 'Joseph Hughes', '1428 Crownhardt Point', '578571588', 4, 2, '2017-02-22 21:58:16', '2016-10-07 15:07:02'),
(357, 93, 4, 'Laura Hunt', '39510 Crest Line Lane', '563451460', 7, 8, '2017-01-04 17:46:49', '2016-07-19 02:10:15'),
(358, 71, 5, 'Anna Butler', '92 Clove Point', '437493405', 7, 9, '2017-02-10 13:08:44', '2016-05-26 13:44:18'),
(359, 100, 1, 'Karen Day', '763 Manley Park', '840666924', 6, 3, '2016-11-06 19:07:50', '2016-07-12 07:04:42'),
(360, 43, 8, 'Juan Griffi', '64259 Summer Ridge Drive', '340594838', 8, 9, '2017-02-28 22:22:28', '2016-11-23 21:19:48'),
(361, 64, 2, 'Craig Bowma', '7 Norway Maple Parkway', '402411632', 8, 9, '2016-05-30 19:27:11', '2016-05-29 11:51:14'),
(362, 82, 1, 'Brenda Morriso', '7930 Warbler Point', '615660170', 1, 1, '2016-08-31 20:01:46', '2016-08-08 02:17:33'),
(363, 65, 2, 'Peter Lawso', '148 Gerald Street', '590782952', 4, 2, '2016-11-08 17:40:33', '2017-04-16 04:27:47'),
(364, 41, 6, 'Sean Sanchez', '2 Pennsylvania Circle', '301476663', 9, 6, '2016-05-28 21:26:45', '2016-05-20 09:56:29'),
(365, 60, 3, 'Carol Cole', '1 Jackson Lane', '968536895', 10, 2, '2017-01-25 03:41:05', '2016-08-09 04:27:21'),
(366, 18, 3, 'Denise Wheeler', '6 Michigan Circle', '598493687', 3, 6, '2016-06-28 01:28:27', '2016-12-26 11:35:36'),
(367, 68, 2, 'Nicole Davis', '494 Randy Place', '787411786', 5, 9, '2016-08-09 12:53:31', '2016-09-29 00:01:49'),
(368, 82, 3, 'Robert Hanse', '855 Eagle Crest Point', '221913406', 5, 2, '2016-11-05 22:35:47', '2016-09-12 06:56:37'),
(369, 43, 7, 'Paul Chavez', '701 Raven Parkway', '780426974', 7, 1, '2016-07-12 03:09:45', '2016-04-29 09:58:10'),
(370, 16, 5, 'Deborah Banks', '45798 La Follette Terrace', '519248146', 10, 10, '2017-03-09 15:00:17', '2016-11-12 22:49:09'),
(371, 84, 9, 'Pamela Mccoy', '038 Holy Cross Pass', '380493297', 6, 4, '2016-05-22 06:41:20', '2016-08-26 09:43:55'),
(372, 85, 1, 'Joan Spencer', '2267 Steensland Circle', '556662260', 8, 6, '2016-07-25 16:10:27', '2017-04-02 21:33:03'),
(373, 55, 6, 'Roger Kelley', '473 Stuart Circle', '801053104', 1, 5, '2016-11-28 07:42:14', '2016-06-11 05:31:17'),
(374, 1, 3, 'Katherine Williams', '31718 Spohn Place', '721974290', 6, 5, '2016-11-26 12:53:24', '2017-04-11 15:10:55'),
(375, 19, 5, 'Brian Williamso', '922 Mayfield Trail', '743917356', 1, 7, '2017-02-10 17:34:28', '2017-01-02 23:37:31'),
(376, 47, 7, 'Patricia Harper', '5 Fair Oaks Pass', '771606883', 10, 3, '2016-08-31 11:32:48', '2016-12-23 04:45:48'),
(377, 68, 8, 'Joan Lopez', '0716 North Lane', '450609475', 4, 2, '2016-11-17 13:18:29', '2017-03-23 14:06:19'),
(378, 31, 6, 'Howard Hanse', '6 Graedel Road', '211501930', 4, 4, '2016-07-02 04:39:07', '2017-01-07 11:09:44'),
(379, 62, 6, 'Mark Marshall', '64 American Crossing', '310230626', 2, 9, '2016-09-08 16:03:00', '2017-04-02 00:06:42'),
(380, 19, 10, 'Anthony Williams', '517 Alpine Plaza', '973238976', 3, 7, '2017-03-17 00:09:29', '2016-09-07 01:47:05'),
(381, 87, 2, 'Todd Bowma', '343 Towne Trail', '483566813', 5, 2, '2016-12-13 01:26:29', '2016-11-12 20:31:23'),
(382, 22, 5, 'Stephanie Schmidt', '235 Charing Cross Terrace', '918139395', 5, 10, '2016-04-20 19:37:48', '2016-10-04 06:58:55'),
(383, 52, 7, 'Philip Torres', '1 Rieder Drive', '162112357', 5, 8, '2016-06-27 08:08:44', '2016-12-12 01:19:39'),
(384, 89, 6, 'Sharon Williamso', '25 Ronald Regan Terrace', '960361679', 6, 3, '2017-02-15 01:50:57', '2017-02-20 14:49:59'),
(385, 53, 8, 'Stephanie Montmery', '07 Derek Road', '504650223', 9, 10, '2016-12-08 00:39:14', '2016-12-05 21:55:56'),
(386, 8, 3, 'Donna Hunt', '50 Welch Road', '427299354', 3, 7, '2016-07-18 06:04:50', '2016-12-20 15:32:05'),
(387, 39, 9, 'Jeremy Walker', '1628 Prairie Rose Trail', '632564832', 1, 5, '2017-02-07 00:33:03', '2017-02-28 16:23:38'),
(388, 57, 9, 'Patrick Taylor', '9671 Fairview Park', '418419286', 10, 7, '2016-06-19 11:29:38', '2016-05-13 08:06:52'),
(389, 41, 9, 'Melissa Myers', '642 Troy Junctio', '297484565', 4, 10, '2016-11-24 06:56:54', '2016-07-26 21:44:51'),
(390, 65, 2, 'Daniel Perez', '075 Truax Circle', '114035580', 2, 7, '2016-06-06 18:45:45', '2016-09-24 22:15:11'),
(391, 52, 1, 'Carlos Burke', '391 Londonderry Court', '971825109', 7, 2, '2016-06-07 12:22:53', '2017-02-18 06:32:00'),
(392, 48, 8, 'Phillip Gardner', '2953 Dwight Avenue', '537467979', 2, 1, '2016-05-26 17:26:52', '2016-10-16 08:36:01'),
(393, 20, 4, 'Carlos Crawford', '32655 Dottie Junctio', '359278379', 9, 7, '2016-05-20 20:18:34', '2017-02-26 18:46:53'),
(394, 89, 10, 'Carolyn Banks', '80 Katie Crossing', '861553134', 9, 10, '2016-11-25 04:40:13', '2016-08-28 09:59:18'),
(395, 1, 7, 'Catherine Bishop', '720 Buell Center', '555920775', 5, 6, '2016-07-05 09:32:53', '2017-04-05 20:07:37'),
(396, 34, 1, 'Donald Rice', '867 Stoughton Lane', '271879544', 4, 2, '2016-04-19 19:36:20', '2016-10-19 21:55:16'),
(397, 21, 9, 'Harold Diaz', '9035 Nova Circle', '568977777', 8, 3, '2017-03-17 15:44:37', '2017-01-11 10:44:16'),
(398, 40, 1, 'Carol Simpso', '637 Northview Trail', '443665504', 10, 9, '2017-01-27 06:10:46', '2016-12-10 03:24:48'),
(399, 47, 4, 'Nicole Bradley', '4 Holy Cross Junctio', '506772635', 7, 4, '2017-02-04 04:23:38', '2016-11-12 01:58:34'),
(400, 41, 10, 'Louise Spencer', '1953 Gulseth Terrace', '522834431', 1, 9, '2016-10-02 15:40:08', '2016-06-22 16:52:53'),
(401, 94, 8, 'Deborah Lee', '548 Sutteridge Hill', '822099197', 1, 8, '2017-03-20 04:19:42', '2016-05-23 18:46:22'),
(402, 75, 3, 'Debra Henderso', '76 Almo Circle', '616827150', 4, 8, '2016-11-27 21:23:09', '2017-01-29 11:46:45'),
(403, 11, 3, 'Thomas Armstrong', '10050 Maryland Drive', '706636367', 2, 3, '2016-09-20 06:20:59', '2016-05-05 09:43:50'),
(404, 4, 6, 'Justin Mendoza', '16800 Troy Street', '780402020', 6, 1, '2016-07-21 06:27:33', '2016-10-06 02:49:50'),
(405, 92, 9, 'Norma Perry', '344 Blaine Terrace', '866182056', 2, 1, '2017-03-11 11:29:36', '2016-11-10 06:13:16'),
(406, 52, 9, 'Eugene Kim', '5918 Menomonie Way', '346581938', 5, 3, '2016-06-24 18:23:45', '2016-11-14 23:42:25'),
(407, 82, 6, 'Jonathan Clark', '73 Esker Pass', '710356933', 4, 10, '2016-11-24 14:41:18', '2017-02-04 11:17:23'),
(408, 14, 1, 'Carol Medina', '4981 Arapahoe Circle', '889966479', 10, 5, '2016-09-28 23:35:44', '2016-12-01 09:51:31'),
(409, 36, 7, 'Stephanie Ray', '4210 Thackeray Plaza', '445088372', 7, 2, '2016-08-07 16:15:17', '2016-12-11 14:19:41'),
(410, 6, 8, 'Thomas Miller', '6625 lf Course Plaza', '715485594', 1, 1, '2016-07-02 18:24:19', '2016-05-09 20:27:12'),
(411, 56, 5, 'Matthew Nelso', '13978 Summerview Hill', '245276461', 3, 3, '2016-07-12 07:37:57', '2017-03-13 20:39:37'),
(412, 8, 6, 'Benjamin Tucker', '919 Union Avenue', '233505964', 6, 2, '2016-08-16 03:33:56', '2016-07-08 12:51:34'),
(413, 49, 3, 'Alan Phillips', '33 Comanche Terrace', '903422221', 9, 3, '2017-02-04 19:24:38', '2016-06-30 00:36:13'),
(414, 48, 2, 'Cheryl Larso', '242 Jay Terrace', '809392495', 3, 1, '2016-11-14 00:48:44', '2016-07-09 02:44:00'),
(415, 71, 1, 'Johnny Colema', '8802 Corscot Avenue', '307304849', 7, 9, '2016-08-04 12:35:41', '2017-02-15 12:30:35'),
(416, 37, 8, 'Juan Martinez', '31970 Montana Way', '960448709', 9, 1, '2017-01-20 16:27:51', '2016-12-02 20:17:21'),
(417, 21, 7, 'Marie Mills', '8 Farragut Trail', '884158592', 2, 3, '2016-06-19 14:43:54', '2016-09-13 20:31:24'),
(418, 96, 9, 'Grery Reynolds', '9 Anzinger Lane', '833868022', 10, 6, '2016-08-23 16:58:51', '2016-11-14 11:43:03'),
(419, 60, 10, 'Phillip Myers', '3121 Pawling Street', '463086053', 3, 9, '2016-05-28 13:40:04', '2016-11-23 18:38:17'),
(420, 49, 4, 'Rose Hunter', '866 Gina Plaza', '816481617', 5, 3, '2016-04-17 22:16:54', '2016-07-24 19:42:19'),
(421, 77, 6, 'Steve Bryant', '182 Monterey Alley', '722329118', 7, 1, '2016-05-28 16:29:45', '2016-11-19 15:17:35'),
(422, 97, 5, 'Evelyn Pierce', '2582 Kenwood Terrace', '811475828', 4, 5, '2016-06-27 01:19:23', '2016-08-11 01:19:10'),
(423, 49, 10, 'Anna Robertso', '71349 Daystar Lane', '951942640', 10, 4, '2016-09-21 05:42:47', '2016-06-24 22:29:31'),
(424, 40, 5, 'Clarence Mitchell', '44867 Utah Avenue', '427539458', 1, 3, '2016-11-19 16:18:57', '2016-04-26 14:22:58'),
(425, 93, 1, 'Kelly Howard', '2573 Summerview Road', '544827254', 1, 7, '2016-10-27 15:47:08', '2016-05-22 08:20:17'),
(426, 12, 10, 'Daniel Taylor', '5154 Bluestem Lane', '740330855', 1, 5, '2016-09-10 10:25:32', '2017-02-19 00:43:05'),
(427, 31, 7, 'Marie Henderso', '62385 Ridgeway Pass', '836291230', 3, 5, '2016-10-19 14:40:47', '2016-09-06 12:49:45'),
(428, 2, 8, 'Andrew Sims', '0007 Tennyson Pass', '856775709', 3, 9, '2016-05-12 09:46:41', '2016-08-06 02:57:13'),
(429, 73, 5, 'Randy Fuller', '765 Stang Plaza', '737015603', 5, 8, '2016-09-04 08:38:06', '2016-09-23 17:44:51'),
(430, 74, 7, 'Jessica Wheeler', '41 Garrison Street', '723877495', 8, 8, '2017-03-15 11:39:33', '2017-03-21 22:51:37'),
(431, 79, 9, 'Ralph Burto', '69622 Mayfield Trail', '773212180', 4, 8, '2016-06-23 07:51:08', '2016-08-27 10:09:45'),
(432, 82, 10, 'Christina Snyder', '37 Schlimgen Avenue', '940136854', 5, 2, '2017-01-10 22:31:11', '2016-12-20 03:19:13');
INSERT INTO `employee` (`idEMPLOYEE`, `idBranch`, `idPOSITION`, `Name`, `Address`, `Phone`, `created_by`, `last_update_by`, `created_date`, `last_update_date`) VALUES
(433, 46, 6, 'Kenneth Frazier', '9 Forest Dale Alley', '875450938', 9, 6, '2017-01-17 06:55:11', '2016-06-28 19:37:54'),
(434, 56, 5, 'Anne Burto', '80 Esch Point', '405299254', 6, 5, '2016-09-23 11:37:14', '2016-07-17 20:42:39'),
(435, 5, 8, 'Nancy Jackso', '93804 Surrey Center', '516873883', 8, 3, '2016-10-06 17:11:38', '2016-07-10 19:08:35'),
(436, 56, 7, 'Elizabeth Hamilto', '74 Reindahl Drive', '354216420', 1, 4, '2017-01-09 20:15:38', '2017-01-30 21:32:00'),
(437, 32, 5, 'Rachel Harriso', '76649 Northfield Lane', '332929889', 3, 1, '2017-04-03 13:04:56', '2016-08-05 10:22:48'),
(438, 81, 9, 'Debra Hayes', '9 Rieder Junctio', '668280974', 2, 7, '2016-09-15 15:49:43', '2016-05-14 22:51:39'),
(439, 13, 6, 'Anthony Ford', '7 Beilfuss Alley', '893423745', 7, 8, '2017-02-26 15:06:29', '2016-07-02 01:25:54'),
(440, 89, 1, 'Paul Lane', '1 Tennessee Junctio', '770658371', 10, 3, '2016-05-15 10:26:35', '2016-09-22 19:24:48'),
(441, 85, 2, 'Aaron Fox', '888 Loftsrdon Crossing', '254939825', 10, 10, '2016-10-28 02:57:53', '2017-03-23 01:17:48'),
(442, 68, 3, 'Martin Williamso', '58545 Kropf Center', '730276202', 9, 2, '2017-01-16 05:23:21', '2016-08-07 17:03:07'),
(443, 75, 6, 'Philip Young', '69478 Melby Parkway', '535067707', 5, 3, '2016-08-09 07:32:16', '2016-08-06 10:22:49'),
(444, 20, 6, 'Bonnie Mccoy', '00916 Emmet Alley', '122258893', 6, 8, '2016-05-07 17:57:51', '2016-10-03 12:19:33'),
(445, 100, 4, 'Phyllis Foster', '97 Kennedy Place', '354883872', 10, 5, '2016-10-07 04:50:07', '2016-08-20 22:09:38'),
(446, 72, 4, 'Mary Stanley', '11 Maple Wood Way', '370888117', 9, 8, '2016-12-18 05:38:26', '2016-08-02 04:36:29'),
(447, 29, 10, 'Aaron Woods', '3 Heath Trail', '546306476', 9, 10, '2016-12-27 15:25:53', '2017-02-16 05:34:42'),
(448, 59, 10, 'Jimmy Bowma', '1473 Ohio Point', '747894569', 9, 1, '2016-07-08 01:19:11', '2016-06-03 19:34:43'),
(449, 51, 4, 'Arthur Tucker', '80166 Darwin Alley', '260453249', 1, 2, '2016-07-12 06:57:22', '2017-02-01 09:11:35'),
(450, 90, 2, 'Carl Dea', '7703 Del Mar Terrace', '951392389', 1, 1, '2016-05-14 14:33:09', '2017-01-28 03:30:16'),
(451, 58, 10, 'Andrea Howell', '854 Waywood Way', '579926479', 3, 2, '2016-05-28 09:06:04', '2017-01-12 12:58:35'),
(452, 94, 10, 'Gloria Rya', '98299 Bartelt Street', '353921608', 8, 8, '2017-03-17 19:41:51', '2017-01-27 04:27:29'),
(453, 12, 1, 'Anne Rya', '1 Hudson Road', '724744409', 3, 9, '2016-11-26 11:59:07', '2016-09-23 07:27:21'),
(454, 10, 8, 'Terry Murphy', '21 Forest Place', '918694573', 5, 1, '2016-07-26 08:00:01', '2016-09-13 17:20:34'),
(455, 98, 4, 'Diane Day', '51851 Westridge Alley', '728159585', 8, 8, '2016-09-22 06:15:45', '2017-03-24 22:59:58'),
(456, 29, 9, 'Susan Thompso', '8 Bartillon Drive', '758458370', 5, 5, '2016-08-17 18:10:21', '2016-10-05 06:30:28'),
(457, 79, 10, 'Ann Schmidt', '033 Erie Road', '937009595', 3, 10, '2016-11-05 00:05:13', '2016-10-16 22:46:23'),
(458, 73, 2, 'Mildred Butler', '516 Southridge Lane', '114155490', 7, 5, '2016-06-29 13:02:12', '2017-03-18 23:09:45'),
(459, 74, 9, 'Henry Taylor', '0045 Bluejay Circle', '361937633', 2, 5, '2016-07-20 02:00:29', '2016-06-14 04:25:41'),
(460, 36, 8, 'Nicole Alvarez', '8 2nd Crossing', '642345611', 10, 3, '2016-09-25 12:49:09', '2016-09-10 23:42:14'),
(461, 32, 10, 'Ernest Hayes', '11636 Independence Trail', '359072927', 10, 2, '2017-03-25 05:30:41', '2016-06-08 18:39:56'),
(462, 97, 5, 'Ann Price', '935 lf View Alley', '612680815', 6, 4, '2017-01-22 16:30:29', '2016-05-22 06:08:41'),
(463, 69, 1, 'Eugene Dunca', '7574 Gale Center', '216137072', 3, 4, '2017-03-20 14:28:39', '2016-10-03 09:21:00'),
(464, 13, 4, 'Norma Hughes', '19881 Towne Hill', '338053593', 7, 8, '2016-06-21 01:23:18', '2016-10-14 23:24:07'),
(465, 22, 6, 'Doris Moore', '018 Corscot Point', '469938609', 2, 7, '2016-07-02 08:06:10', '2016-08-21 17:48:22'),
(466, 31, 2, 'Phyllis Vasquez', '3 Continental Court', '422761280', 1, 3, '2016-04-21 03:30:25', '2016-10-19 21:06:34'),
(467, 48, 2, 'Eugene Sims', '8 Lindbergh Drive', '981950218', 3, 8, '2016-12-23 08:18:46', '2016-10-05 00:15:29'),
(468, 51, 9, 'Shirley Crawford', '5 Vermont Avenue', '387242325', 7, 3, '2016-06-10 19:21:11', '2016-09-21 19:16:13'),
(469, 17, 6, 'Adam Frankli', '008 Reinke Hill', '836222439', 5, 3, '2016-07-02 09:43:13', '2016-12-06 03:09:35'),
(470, 25, 1, 'Susan Watkins', '670 Longview Lane', '798950047', 8, 2, '2016-09-09 23:10:15', '2017-04-05 22:07:17'),
(471, 56, 10, 'Carolyn Mills', '5249 Vera Crossing', '649999864', 5, 6, '2016-08-08 10:25:48', '2016-11-01 00:38:08'),
(472, 7, 7, 'Stephen Burke', '5 Butternut Terrace', '252270528', 4, 4, '2017-03-31 16:57:23', '2016-05-22 12:31:18'),
(473, 43, 10, 'Terry Robertso', '892 Straubel Parkway', '504127117', 3, 7, '2016-06-18 07:53:42', '2016-10-30 15:00:58'),
(474, 62, 2, 'Virginia Wells', '12199 Kings Alley', '233299135', 9, 4, '2016-10-07 21:51:05', '2017-01-16 09:34:15'),
(475, 24, 7, 'Jean Watso', '09 Anderson Point', '115361972', 2, 7, '2016-08-25 09:43:26', '2016-09-09 08:57:22'),
(476, 60, 5, 'Catherine Howard', '483 odland Lane', '677573320', 7, 1, '2016-07-29 18:12:49', '2016-11-23 00:48:28'),
(477, 32, 7, 'Helen Gardner', '940 Montana Pass', '661381555', 3, 3, '2017-03-09 16:44:54', '2016-05-21 22:56:44'),
(478, 26, 6, 'Amanda Ortiz', '6 Westerfield Trail', '751977102', 3, 4, '2017-01-13 17:47:42', '2017-02-08 09:43:07'),
(479, 96, 7, 'Judith Cole', '1 Merrick Parkway', '607145898', 4, 4, '2017-02-20 08:42:22', '2016-06-27 15:52:22'),
(480, 18, 2, 'Stephen James', '7 Tennyson Junctio', '858602750', 10, 1, '2017-03-13 22:41:18', '2016-05-03 09:43:27'),
(481, 45, 2, 'Jason Marshall', '08816 Ridge Oak Junctio', '841945216', 4, 9, '2016-12-30 07:32:31', '2016-08-30 07:06:47'),
(482, 95, 5, 'Daniel Meyer', '32 Moland Street', '747118633', 10, 7, '2016-12-27 21:15:17', '2016-05-23 21:36:56'),
(483, 1, 9, 'Stephen Bennett', '15 Raven Parkway', '173595417', 5, 9, '2016-08-15 16:32:24', '2016-09-27 14:16:11'),
(484, 43, 4, 'Gerald Nichols', '6 Donald Center', '451222962', 8, 4, '2017-02-03 10:27:10', '2016-08-15 17:08:52'),
(485, 23, 2, 'Phillip Rodriguez', '1884 Forest Dale Plaza', '118282008', 3, 1, '2016-11-14 19:02:42', '2016-10-19 01:20:48'),
(486, 9, 4, 'Roy Weaver', '96435 Redwing Place', '423850025', 10, 4, '2017-01-24 13:32:39', '2016-07-04 05:12:29'),
(487, 31, 1, 'Jerry Fields', '6272 Manley Alley', '404004689', 2, 8, '2016-07-13 15:42:21', '2017-03-06 19:20:39'),
(488, 26, 8, 'Jonathan Griffi', '299 Monument Place', '321655414', 5, 6, '2016-07-05 06:50:51', '2016-11-21 23:30:17'),
(489, 22, 2, 'Christopher Hunt', '700 Fulton Center', '235260588', 1, 6, '2016-07-01 06:04:05', '2016-08-31 01:38:54'),
(490, 95, 8, 'Cynthia Colema', '964 Dexter Plaza', '622368041', 9, 5, '2016-08-02 05:29:03', '2017-03-21 07:29:30'),
(491, 12, 3, 'Bonnie Fernandez', '7109 West Avenue', '540840690', 3, 10, '2016-09-17 07:48:06', '2016-05-18 04:54:13'),
(492, 1, 10, 'William Thomas', '17377 Kedzie Trail', '887013150', 5, 1, '2017-02-19 05:59:49', '2017-02-24 06:42:34'),
(493, 8, 4, 'Jimmy Ross', '8374 Canary Plaza', '261053928', 4, 8, '2016-11-06 08:01:05', '2016-12-14 22:22:58'),
(494, 29, 10, 'Diana Rogers', '2925 Kingsford Park', '772319987', 3, 9, '2016-08-08 10:48:40', '2016-09-03 08:19:29'),
(495, 69, 5, 'Catherine Lawso', '82 Talmadge Street', '806749375', 7, 2, '2016-08-16 08:26:24', '2017-02-09 14:39:54'),
(496, 91, 4, 'Johnny Ruiz', '1846 Paget Pass', '732530805', 5, 1, '2016-11-07 09:13:10', '2016-07-23 05:14:33'),
(497, 13, 1, 'Benjamin Robinso', '8049 Fair Oaks Point', '233348922', 7, 2, '2016-05-15 10:49:03', '2017-03-08 11:13:47'),
(498, 98, 1, 'Ernest Carter', '8321 Morrow Parkway', '440122491', 9, 10, '2017-02-21 20:09:56', '2017-02-01 07:31:23'),
(499, 26, 7, 'Larry Lee', '434 Spenser Point', '583037923', 9, 5, '2016-10-11 06:23:55', '2017-03-01 13:56:20'),
(500, 5, 1, 'Annie Williamso', '24456 Namekan Circle', '192655920', 2, 5, '2016-09-15 02:51:44', '2017-02-23 09:45:56'),
(501, 23, 4, 'Joyce Baker', '784 Warbler Circle', '958422683', 3, 10, '2016-05-13 00:53:35', '2016-07-17 05:21:53'),
(502, 98, 6, 'Benjamin Ortiz', '5308 Everett Avenue', '880889363', 9, 3, '2016-08-13 21:36:28', '2016-04-26 17:18:06'),
(503, 93, 5, 'Johnny Wells', '83615 Delladonna Trail', '324518595', 3, 7, '2017-01-31 20:21:33', '2016-10-20 08:24:43'),
(504, 41, 3, 'Wayne Bowma', '9609 Schlimgen Parkway', '818001949', 10, 4, '2016-12-12 07:08:39', '2017-04-14 21:03:29'),
(505, 63, 10, 'Julie Maso', '81949 Dakota Drive', '284406077', 1, 8, '2017-01-01 19:09:31', '2016-10-04 16:32:11'),
(506, 15, 6, 'Brenda mez', '003 Northridge Center', '493761075', 4, 2, '2017-02-22 19:30:28', '2017-01-21 00:19:19'),
(507, 82, 6, 'Kathy Ellis', '99004 Hagan Lane', '458735083', 9, 4, '2017-01-21 08:24:44', '2016-09-07 04:30:40'),
(508, 21, 7, 'Christopher Rodriguez', '86052 Harper Court', '506309528', 10, 5, '2017-01-04 23:59:34', '2017-03-07 17:00:17'),
(509, 85, 6, 'Doris Williams', '32307 Heath Street', '512868169', 10, 7, '2016-10-26 00:22:13', '2016-08-11 03:46:07'),
(510, 48, 3, 'Ashley Alvarez', '8354 Elgar Terrace', '481073898', 6, 2, '2016-04-24 11:18:34', '2016-09-03 07:27:10'),
(511, 24, 4, 'Larry Mccoy', '9365 Upham Plaza', '825512440', 3, 5, '2016-07-03 06:17:06', '2016-07-28 06:40:21'),
(512, 27, 8, 'Louise Cruz', '9 Ludington Court', '866898547', 6, 6, '2016-07-30 07:40:48', '2016-04-17 12:13:38'),
(513, 88, 5, 'Chris Berry', '367 Union Point', '911492606', 8, 4, '2016-10-16 06:48:46', '2016-11-03 20:29:37'),
(514, 29, 2, 'Charles Gibso', '787 Laurel Center', '876609034', 2, 8, '2017-04-01 18:51:53', '2016-10-21 00:03:40'),
(515, 34, 1, 'Billy Wilso', '7 Truax Place', '595923456', 6, 7, '2016-10-25 07:10:04', '2016-07-01 06:47:15'),
(516, 86, 4, 'Ronald Turner', '7962 Mesta Plaza', '743422074', 10, 6, '2017-02-04 07:47:52', '2016-06-20 17:42:18'),
(517, 48, 6, 'Annie Rice', '60567 Hauk Center', '793237643', 6, 7, '2016-09-18 17:01:08', '2016-10-21 14:00:41'),
(518, 90, 1, 'Donald Hall', '3 Logan Parkway', '311470498', 8, 3, '2016-11-19 14:51:56', '2016-12-23 14:03:41'),
(519, 4, 2, 'Peter Murray', '58 Schlimgen Place', '229422579', 2, 5, '2016-09-26 18:42:55', '2016-05-27 16:20:06'),
(520, 70, 5, 'Kathleen Lawso', '46 Towne Circle', '599424050', 6, 5, '2017-02-27 13:34:13', '2016-10-06 18:05:39'),
(521, 60, 2, 'Timothy Spencer', '862 Quincy Point', '259484059', 4, 5, '2017-02-27 05:02:58', '2017-02-14 02:17:56'),
(522, 64, 10, 'Timothy Spencer', '06 Vernon Point', '665568923', 10, 3, '2017-01-22 09:47:59', '2016-04-26 09:44:24'),
(523, 6, 4, 'Heather Matthews', '1 Petterle Alley', '832849901', 5, 9, '2016-08-08 04:05:41', '2016-12-02 00:39:08'),
(524, 45, 9, 'Grery Robinso', '173 Northfield Hill', '290369980', 8, 2, '2017-02-18 19:25:35', '2016-10-29 08:56:21'),
(525, 87, 2, 'Laura Griffi', '39 Buell Pass', '556579872', 9, 5, '2016-08-21 11:36:19', '2016-12-24 02:57:49'),
(526, 5, 3, 'Kimberly Smith', '26 Duke Street', '602218698', 6, 6, '2016-06-10 01:47:02', '2017-04-14 06:57:17'),
(527, 26, 2, 'Norma Porter', '0938 Esker Way', '594527105', 10, 10, '2016-06-01 06:48:01', '2016-12-21 20:12:01'),
(528, 41, 5, 'Joshua Owens', '0471 Elgar Point', '375236401', 8, 5, '2016-04-25 19:33:27', '2016-09-27 09:14:12'),
(529, 5, 1, 'Lisa Brow', '82813 Morrow Way', '792227479', 9, 9, '2016-06-25 08:45:53', '2017-04-01 12:18:21'),
(530, 23, 5, 'Brenda Colema', '1 Park Meadow Drive', '746282631', 1, 4, '2016-10-27 09:28:49', '2016-04-27 01:12:16'),
(531, 27, 4, 'Louise Hicks', '3043 Tomscot Center', '768933526', 4, 2, '2016-08-05 19:27:29', '2017-04-04 11:35:06'),
(532, 81, 9, 'Jacqueline Wells', '0649 Upham Drive', '266371635', 2, 2, '2017-01-10 05:38:51', '2016-09-25 15:36:12'),
(533, 3, 8, 'Evelyn Rogers', '8 Bay Road', '616862677', 3, 5, '2017-04-02 19:47:36', '2016-09-25 22:52:44'),
(534, 49, 3, 'Diane Fields', '39 New Castle Center', '876653529', 2, 1, '2016-12-14 23:10:46', '2016-08-06 22:48:22'),
(535, 30, 8, 'Joseph Watkins', '71985 Fisk Plaza', '618917461', 2, 9, '2016-12-20 21:18:41', '2016-10-16 16:21:14'),
(536, 24, 8, 'Jason Perry', '0 Almo Way', '660007581', 9, 1, '2016-05-10 16:20:59', '2017-04-13 21:45:04'),
(537, 12, 2, 'Lisa Howell', '370 Derek Drive', '813546508', 5, 3, '2016-09-09 03:08:08', '2017-03-17 01:47:04'),
(538, 11, 2, 'Denise Romero', '1 Surrey Parkway', '800407762', 8, 3, '2017-01-22 08:37:49', '2017-04-13 15:09:30'),
(539, 75, 1, 'Sean Burns', '5870 Beilfuss Terrace', '847554089', 3, 6, '2016-09-22 11:46:06', '2017-04-02 19:29:30'),
(540, 20, 1, 'William Owens', '233 Grover Road', '842758183', 2, 1, '2016-12-14 10:11:56', '2016-10-20 15:16:41'),
(541, 88, 1, 'Brenda Ramirez', '060 Stephen Drive', '322795840', 10, 10, '2017-03-14 07:05:05', '2016-08-07 00:22:00'),
(542, 54, 7, 'John Stone', '9 Banding Park', '167393976', 1, 8, '2016-04-19 06:07:22', '2016-09-30 21:09:45'),
(543, 48, 8, 'Joseph Lee', '74 Gale Parkway', '722518882', 10, 5, '2017-02-09 22:26:23', '2016-09-18 21:59:09'),
(544, 30, 3, 'Peter Scott', '988 Bayside Street', '824897538', 1, 4, '2017-02-04 00:54:58', '2017-04-05 02:02:44'),
(545, 98, 6, 'Matthew Cooper', '187 American Avenue', '432483129', 7, 1, '2016-11-24 05:30:03', '2016-08-08 18:19:01'),
(546, 28, 4, 'Doris Banks', '44877 Nevada Plaza', '200937394', 7, 4, '2016-09-29 16:49:10', '2016-07-21 12:35:43'),
(547, 54, 9, 'Paul Hunter', '3 Westridge Drive', '982373382', 5, 9, '2017-01-21 12:52:17', '2017-02-05 05:16:22'),
(548, 52, 1, 'Melissa Castillo', '77 Lakewood Street', '640432512', 10, 6, '2016-11-10 11:08:33', '2016-07-31 19:59:36'),
(549, 9, 2, 'Frank Reid', '496 Red Cloud Street', '370237372', 7, 9, '2016-08-20 01:32:59', '2016-07-10 13:52:50'),
(550, 43, 2, 'Stephen Garcia', '96 Glendale Way', '694809036', 3, 4, '2016-11-20 20:57:23', '2016-11-26 00:54:31'),
(551, 44, 3, 'Virginia Carter', '66 Waywood Road', '329075444', 10, 7, '2016-12-19 16:32:38', '2016-12-09 04:58:06'),
(552, 30, 8, 'Harold Oliver', '5 Delladonna Crossing', '524052667', 9, 6, '2017-03-20 02:07:37', '2017-02-15 20:43:51'),
(553, 22, 1, 'Kathryn Dun', '0059 Brentwood Circle', '133675699', 10, 3, '2017-01-07 04:47:42', '2016-08-07 16:28:26'),
(554, 55, 5, 'Shirley Hall', '78 Sugar Point', '463017012', 7, 6, '2017-01-21 17:18:59', '2016-12-01 08:22:12'),
(555, 66, 4, 'Willie Dunca', '0 Troy Park', '978569703', 8, 2, '2017-03-09 07:30:07', '2016-08-31 15:27:38'),
(556, 81, 7, 'Mark Welch', '01696 Novick Court', '418279562', 8, 7, '2016-10-25 04:12:55', '2016-05-21 04:20:07'),
(557, 14, 9, 'Johnny Torres', '1725 Oakridge Hill', '676088955', 4, 2, '2016-05-05 20:36:42', '2016-09-05 07:21:54'),
(558, 41, 6, 'Denise Cook', '5340 Elgar Way', '346488339', 3, 3, '2016-05-06 06:39:21', '2016-06-10 20:43:09'),
(559, 42, 4, 'Earl Morga', '087 Fair Oaks Plaza', '602918467', 3, 7, '2016-11-03 05:08:35', '2016-04-27 12:02:31'),
(560, 84, 10, 'Frances Howell', '39 Kensington Drive', '238465300', 9, 4, '2016-12-15 16:22:14', '2016-08-21 17:11:33'),
(561, 7, 6, 'Keith Bowma', '373 Holy Cross Plaza', '957151620', 5, 10, '2016-09-28 18:44:11', '2016-07-20 19:42:32'),
(562, 92, 9, 'Katherine Robinso', '60928 Stang Point', '644885038', 2, 1, '2016-10-01 21:47:41', '2017-03-23 06:10:22'),
(563, 93, 2, 'Ernest Davis', '96 Mesta Park', '626054319', 6, 1, '2016-06-23 16:46:20', '2017-02-28 05:25:50'),
(564, 75, 8, 'Martha Reynolds', '89201 Oak Way', '955917666', 3, 6, '2017-04-08 22:09:24', '2016-04-26 22:54:54'),
(565, 74, 10, 'Roy Chavez', '47940 Merchant Center', '451899225', 1, 6, '2016-11-06 20:34:32', '2016-09-26 17:52:10'),
(566, 17, 1, 'Craig Sanders', '826 American Ash Place', '688406597', 3, 1, '2017-02-03 14:49:52', '2016-06-06 22:46:29'),
(567, 69, 1, 'Martin Cruz', '7 Moulton Way', '633126341', 5, 9, '2016-07-14 08:18:04', '2017-03-31 19:17:31'),
(568, 14, 1, 'Carol Spencer', '0258 Eagan Drive', '949440010', 9, 5, '2016-04-23 15:20:55', '2017-01-13 05:02:49'),
(569, 49, 10, 'Mark Foster', '768 Glendale Alley', '379368607', 10, 10, '2016-06-24 06:38:21', '2017-01-15 02:30:36'),
(570, 36, 5, 'Adam Reed', '6 Nancy Hill', '704531171', 2, 5, '2017-02-09 03:04:49', '2017-02-17 03:31:47'),
(571, 35, 5, 'Jennifer Hamilto', '9415 Farragut Street', '502512025', 7, 10, '2016-08-01 02:30:16', '2016-06-04 23:23:02'),
(572, 90, 4, 'Randy Chavez', '640 lden Leaf Center', '840498650', 1, 7, '2017-03-10 18:39:09', '2016-07-22 06:55:15'),
(573, 88, 9, 'Jose Crawford', '00 Ridgeway Road', '668283007', 6, 10, '2016-09-29 07:47:41', '2016-07-20 04:41:15'),
(574, 82, 7, 'Nicholas Reynolds', '1 Barby Pass', '904396152', 1, 3, '2016-07-27 22:15:14', '2017-01-13 17:52:15'),
(575, 88, 5, 'Justin Chavez', '3 Muir Place', '215146756', 7, 1, '2016-07-05 18:35:11', '2017-02-24 04:59:41'),
(576, 44, 2, 'Roy Nichols', '2870 Luster Way', '779872192', 6, 9, '2017-02-09 19:27:09', '2017-01-03 20:59:26'),
(577, 57, 8, 'Arthur nzales', '4985 Debra Road', '564773764', 1, 9, '2017-03-19 18:19:39', '2016-07-20 13:15:09'),
(578, 15, 3, 'Virginia Hernandez', '2 Tennyson Trail', '999015000', 10, 1, '2016-07-02 03:07:02', '2016-09-13 00:44:38'),
(579, 12, 6, 'Melissa Cox', '44 Northridge Trail', '424254948', 1, 1, '2016-06-29 04:45:44', '2017-03-21 12:15:25'),
(580, 63, 10, 'Amy Moreno', '43810 Rutledge Center', '572541711', 4, 3, '2017-01-12 16:29:17', '2016-11-30 03:56:36'),
(581, 38, 2, 'Julie Holmes', '70657 Leroy Park', '151067775', 7, 3, '2016-04-22 17:06:37', '2017-04-01 00:47:45'),
(582, 74, 1, 'Barbara Reyes', '0405 Buhler Alley', '280526607', 10, 6, '2016-07-17 02:53:29', '2016-08-28 00:58:25'),
(583, 17, 7, 'Bonnie Kim', '67 Granby Way', '986786168', 6, 2, '2017-04-11 20:01:32', '2017-02-23 19:25:45'),
(584, 6, 2, 'Ernest Campbell', '14379 Thierer Center', '454661879', 3, 5, '2016-11-12 03:42:25', '2016-09-13 06:20:49'),
(585, 46, 8, 'Samuel Torres', '6 Washington Circle', '572988823', 5, 4, '2016-07-10 14:12:11', '2016-10-31 03:54:05'),
(586, 8, 7, 'Mark Cook', '708 Maryland Crossing', '481127451', 7, 5, '2016-08-24 19:01:08', '2016-11-12 07:58:09'),
(587, 73, 6, 'Ryan Rose', '4 Spaight Pass', '828999781', 10, 10, '2017-04-02 14:31:13', '2016-04-29 16:56:53'),
(588, 9, 4, 'Susan Nichols', '96356 Village Green Center', '935681578', 7, 6, '2016-08-12 19:26:31', '2017-03-06 12:54:39'),
(589, 89, 6, 'Ryan Little', '67 Lawn Plaza', '723851598', 4, 8, '2016-08-22 13:07:09', '2016-11-19 21:30:38'),
(590, 25, 9, 'Chris Webb', '76 Oriole Pass', '989920979', 8, 3, '2017-03-29 07:04:03', '2016-09-21 10:40:28'),
(591, 41, 7, 'Maria Bowma', '897 Declaration Point', '356630751', 2, 8, '2016-06-15 19:22:10', '2016-11-12 22:10:28'),
(592, 99, 2, 'Anthony Burns', '3292 Artisan Circle', '926622594', 9, 2, '2017-03-17 16:03:36', '2016-12-11 18:15:50'),
(593, 9, 9, 'Roy Hudso', '1119 Paget Parkway', '840304950', 4, 10, '2017-04-02 04:05:43', '2017-01-12 20:11:20'),
(594, 37, 6, 'Kathleen Parker', '0406 Linden Plaza', '790332558', 6, 6, '2016-11-11 11:10:34', '2016-09-01 12:38:05'),
(595, 38, 10, 'Christopher Cook', '1 Sherman Point', '383219706', 6, 5, '2016-06-06 23:14:15', '2016-08-31 16:59:13'),
(596, 58, 3, 'Joshua Fowler', '56 Pearson Lane', '180298351', 10, 10, '2016-08-20 19:39:11', '2017-02-13 01:57:36'),
(597, 93, 8, 'Wayne Hill', '45475 Butterfield Lane', '741094203', 7, 9, '2016-08-23 11:02:43', '2016-08-09 03:47:16'),
(598, 19, 10, 'Julie Thomas', '6 Menomonie Parkway', '890615091', 4, 8, '2016-09-13 05:27:59', '2016-06-17 21:44:18'),
(599, 81, 3, 'Phillip Davis', '230 Shasta Street', '955593739', 1, 7, '2016-06-22 19:34:07', '2016-10-01 14:04:34'),
(600, 45, 8, 'Howard West', '06 Gulseth Court', '747474959', 1, 1, '2016-07-14 06:38:59', '2016-07-22 12:22:57'),
(601, 81, 10, 'Doris Williamso', '0 Petterle Way', '417398477', 1, 8, '2016-05-07 20:32:33', '2017-02-11 15:48:25'),
(602, 39, 10, 'Frances Ray', '73198 Farragut Point', '571390277', 7, 8, '2017-01-13 05:46:34', '2016-12-24 09:11:53'),
(603, 88, 8, 'Sarah Johnso', '4622 Sachtjen Park', '790212040', 2, 3, '2016-04-29 13:40:35', '2016-06-07 20:55:29'),
(604, 10, 5, 'Frances Williamso', '34495 Rieder Circle', '277484879', 7, 7, '2017-04-06 06:13:59', '2016-09-06 11:38:22'),
(605, 49, 9, 'Ralph Ramirez', '58 Kipling Avenue', '711195072', 3, 1, '2016-09-22 05:35:53', '2016-10-01 12:17:16'),
(606, 20, 9, 'Willie Ray', '4 American Ash Circle', '545131955', 8, 6, '2017-03-24 04:31:12', '2016-09-07 07:13:24'),
(607, 24, 7, 'John Frazier', '4677 Little Fleur Alley', '215301288', 9, 10, '2016-11-30 07:44:28', '2016-09-25 22:23:22'),
(608, 14, 10, 'Evelyn Hunt', '910 Talisman Plaza', '495343058', 6, 3, '2016-05-30 05:19:59', '2017-02-01 20:29:03'),
(609, 3, 6, 'Douglas Hayes', '8 Milwaukee Circle', '528526971', 10, 7, '2016-06-16 22:02:01', '2017-03-12 11:39:55'),
(610, 38, 9, 'Joan Dun', '59 Laurel Court', '503669447', 2, 4, '2017-01-28 18:53:19', '2016-12-03 11:13:15'),
(611, 39, 7, 'Andrew Collins', '017 Kim Road', '120566679', 8, 2, '2016-05-22 09:13:46', '2016-10-30 11:03:39'),
(612, 82, 8, 'Louise Ray', '24 Vera Way', '641266629', 2, 6, '2016-08-06 22:29:18', '2016-10-05 04:59:35'),
(613, 96, 1, 'Laura King', '71783 Kedzie Court', '457904375', 5, 4, '2016-12-02 04:25:14', '2016-10-26 21:38:02'),
(614, 56, 4, 'Kathleen Dea', '961 Monterey Place', '170458679', 1, 6, '2017-01-15 02:36:49', '2016-06-29 16:57:52'),
(615, 13, 9, 'Susan Sims', '15 Carberry Place', '448184838', 7, 9, '2016-12-25 09:09:49', '2016-05-18 20:34:00'),
(616, 98, 4, 'Gerald Lane', '8 Eggendart Way', '712697791', 6, 8, '2016-07-14 19:58:11', '2016-12-08 22:45:57'),
(617, 53, 2, 'Linda Schmidt', '3591 Autumn Leaf Street', '838162399', 2, 7, '2016-06-30 16:17:51', '2017-02-20 21:07:11'),
(618, 28, 6, 'Stephen Turner', '40 Shasta Avenue', '501426050', 2, 7, '2016-11-06 22:55:40', '2017-01-28 01:46:10'),
(619, 25, 7, 'Lois Crawford', '366 Meadow Valley Pass', '117139707', 2, 1, '2016-12-19 23:12:34', '2016-11-16 14:00:49'),
(620, 62, 5, 'Nicholas Hughes', '599 Westport Terrace', '746188310', 8, 6, '2017-02-05 12:47:50', '2016-07-09 11:53:38'),
(621, 65, 8, 'Jessica nzales', '93101 lf View Court', '553845376', 1, 10, '2016-10-19 12:30:03', '2016-06-18 13:30:56'),
(622, 79, 6, 'Pamela Bradley', '82 Lien Center', '340934376', 7, 5, '2017-02-14 19:28:10', '2016-12-11 00:41:17'),
(623, 59, 7, 'Rachel Chapma', '368 Lerdahl Lane', '297469372', 5, 10, '2016-06-21 21:54:33', '2016-06-14 11:42:43'),
(624, 65, 3, 'Judith Mills', '10 Cardinal Place', '562846130', 5, 10, '2016-06-23 01:14:57', '2017-02-09 04:09:03'),
(625, 21, 9, 'Linda Murray', '31073 Dunning Point', '861323824', 10, 1, '2016-06-18 11:52:53', '2016-11-15 10:11:24'),
(626, 11, 3, 'Bobby Bennett', '26 Almo Junctio', '513144412', 3, 9, '2016-09-10 10:32:07', '2016-09-14 10:00:52'),
(627, 73, 4, 'Catherine Garcia', '14566 Lukken Crossing', '492859739', 9, 10, '2016-08-28 13:32:22', '2016-11-19 11:37:41'),
(628, 86, 10, 'Carl Peters', '372 Oxford Plaza', '498441134', 10, 8, '2016-12-22 02:12:13', '2016-05-08 17:31:53'),
(629, 7, 8, 'Billy Davis', '12 Claremont Point', '425021415', 7, 8, '2016-10-07 10:40:40', '2016-10-09 12:59:18'),
(630, 27, 7, 'Victor Morriso', '6 Esker Drive', '232461641', 9, 5, '2016-10-02 08:20:16', '2016-06-09 05:25:48'),
(631, 50, 1, 'Dorothy Chapma', '03 Welch Road', '840104324', 9, 8, '2017-02-07 04:46:17', '2017-03-12 01:35:58'),
(632, 26, 3, 'Ashley Turner', '92708 Fordem Crossing', '612109085', 4, 5, '2017-02-27 07:43:04', '2016-08-23 07:56:15'),
(633, 23, 2, 'Jeremy Wagner', '5133 Cardinal Trail', '205683921', 1, 2, '2016-08-20 19:15:25', '2017-02-04 09:34:29'),
(634, 55, 6, 'Donald Thomas', '7123 Manley Lane', '703697088', 5, 2, '2016-08-28 20:58:43', '2016-12-06 07:43:43'),
(635, 69, 10, 'Rebecca Morales', '3 Corben Way', '505572005', 2, 10, '2016-07-22 03:28:35', '2016-08-09 09:39:10'),
(636, 85, 9, 'Joyce Banks', '66853 Judy Center', '956638276', 10, 2, '2016-05-11 02:51:12', '2016-06-21 15:22:37'),
(637, 59, 1, 'Katherine Medina', '3392 Troy Crossing', '684255721', 10, 6, '2016-08-08 18:25:00', '2017-01-21 22:01:47'),
(638, 7, 6, 'Sara Stanley', '92 Gulseth Junctio', '626529061', 4, 7, '2017-04-04 02:19:38', '2017-01-01 20:45:14'),
(639, 58, 5, 'Carlos Hughes', '42 Sachtjen Center', '742722982', 7, 4, '2016-08-01 15:02:47', '2017-03-29 19:45:53'),
(640, 71, 5, 'Wayne Webb', '3865 Vahlen Way', '279126413', 9, 4, '2016-11-16 08:13:00', '2016-12-28 23:05:57'),
(641, 76, 3, 'Amy Sanders', '96871 Lakeland Circle', '890560763', 8, 9, '2017-03-08 17:54:22', '2016-11-26 02:58:11'),
(642, 19, 7, 'Annie Smith', '572 Vernon Terrace', '136491635', 2, 10, '2016-11-22 14:30:27', '2017-02-13 13:15:27'),
(643, 67, 6, 'Louise Jones', '9251 Talisman Alley', '920388398', 4, 2, '2016-11-07 17:51:34', '2016-06-21 05:06:26'),
(644, 46, 9, 'Gary Young', '64620 Schiller Crossing', '747097517', 1, 8, '2016-06-26 17:26:55', '2016-10-12 18:50:24'),
(645, 86, 7, 'Raymond Wells', '9221 Merchant Trail', '268996667', 3, 7, '2016-11-10 07:25:42', '2016-07-09 03:32:45'),
(646, 74, 8, 'Theresa Rodriguez', '205 Leroy Road', '555940652', 9, 7, '2017-03-30 19:19:00', '2016-05-02 11:38:12'),
(647, 41, 1, 'Linda Davis', '76987 Bay Center', '374103584', 3, 1, '2017-03-09 22:00:47', '2016-12-30 03:56:51'),
(648, 95, 3, 'Diana Berry', '52 Fulton Way', '812098140', 5, 8, '2016-08-23 12:53:42', '2016-05-18 16:48:46'),
(649, 9, 4, 'Earl Moreno', '6 Hazelcrest Trail', '449926233', 2, 4, '2016-10-11 11:45:25', '2017-01-24 16:09:20'),
(650, 33, 2, 'Rebecca Young', '16 Little Fleur Drive', '705908597', 5, 7, '2016-12-24 15:47:41', '2017-01-22 05:08:38'),
(651, 98, 9, 'George Chavez', '5465 Brentwood Avenue', '703449515', 1, 3, '2016-12-10 05:50:13', '2017-03-24 01:35:28'),
(652, 77, 8, 'Evelyn Freema', '43066 West Alley', '346825294', 7, 4, '2016-09-23 19:45:43', '2016-08-26 14:39:00'),
(653, 63, 9, 'Annie Freema', '959 Westend Avenue', '676812028', 8, 10, '2016-06-06 01:01:39', '2017-04-13 03:31:45'),
(654, 75, 10, 'Arthur Moore', '62 Butterfield Lane', '924871557', 7, 9, '2016-11-03 11:34:19', '2016-10-21 07:55:01'),
(655, 92, 9, 'Anthony Evans', '61 Butternut Point', '414459869', 8, 5, '2016-05-04 21:24:19', '2017-02-14 05:12:54'),
(656, 54, 5, 'Harold Carroll', '57664 Transport Street', '222546190', 2, 5, '2016-10-09 03:00:57', '2016-10-20 15:55:31'),
(657, 15, 2, 'Julie Day', '2957 Chinook Lane', '733266450', 10, 7, '2016-12-18 03:10:16', '2016-12-01 17:06:55'),
(658, 50, 3, 'Carolyn Perez', '39897 Fallview Drive', '355116542', 9, 9, '2016-11-30 22:57:39', '2017-03-05 07:58:19'),
(659, 11, 9, 'Janet Grant', '224 Sutteridge Crossing', '894073721', 9, 6, '2016-09-23 22:19:02', '2016-04-27 22:01:57'),
(660, 74, 1, 'Rose Austi', '3 Burrows Court', '391303231', 7, 10, '2016-06-09 22:30:55', '2016-08-25 16:54:35'),
(661, 54, 9, 'Stephen Long', '00686 Warner Hill', '586417838', 10, 8, '2016-11-09 00:42:04', '2016-11-20 19:54:28'),
(662, 89, 5, 'Harold Grant', '71259 Fordem Crossing', '707809940', 10, 8, '2016-09-24 17:32:02', '2016-08-19 00:01:40'),
(663, 46, 7, 'Scott Garrett', '52007 Northwestern Road', '155648426', 2, 4, '2016-10-26 16:25:41', '2016-07-10 01:48:06'),
(664, 24, 10, 'Philip Powell', '232 Jenna Pass', '929391974', 7, 8, '2016-04-25 20:53:50', '2016-07-07 06:55:10'),
(665, 65, 2, 'Terry Barnes', '4838 Anzinger Center', '216237375', 6, 2, '2016-11-10 06:51:42', '2016-11-15 02:54:30'),
(666, 60, 8, 'Adam Shaw', '6860 Delaware Way', '926977025', 2, 6, '2016-06-04 06:10:54', '2017-04-06 03:15:40'),
(667, 47, 6, 'Phillip Murray', '894 Thompson Court', '481018426', 5, 7, '2016-09-01 22:54:55', '2016-08-23 21:22:09'),
(668, 100, 2, 'Eugene Frankli', '8 Forest Run Way', '642024853', 3, 3, '2016-10-21 04:50:35', '2017-01-04 16:51:53'),
(669, 50, 3, 'Lisa Morriso', '07955 Thierer Court', '701460500', 5, 5, '2016-07-21 17:43:55', '2016-05-06 20:35:43'),
(670, 79, 6, 'Nicholas Bradley', '0962 Morning Alley', '930907589', 5, 10, '2017-03-17 09:55:34', '2016-10-01 07:01:30'),
(671, 90, 9, 'Shirley Stewart', '20937 Merry Hill', '937320415', 6, 9, '2017-03-25 00:58:02', '2016-05-22 10:59:22'),
(672, 35, 3, 'Andrew Gilbert', '88 Fairview Terrace', '434284132', 9, 4, '2017-03-09 04:12:19', '2016-12-12 00:38:12'),
(673, 35, 6, 'Karen Andrews', '26 Wayridge Plaza', '345964573', 1, 9, '2016-10-29 12:03:29', '2017-01-03 01:02:44'),
(674, 27, 7, 'Ryan Nguye', '8 Shasta Road', '463573313', 9, 1, '2016-11-01 11:26:21', '2016-10-31 23:25:07'),
(675, 7, 4, 'Melissa Pierce', '0 Dakota Road', '669895610', 3, 9, '2016-05-24 08:19:02', '2017-03-19 03:32:28'),
(676, 60, 7, 'Kenneth Fuller', '300 Burrows Junctio', '918661720', 5, 2, '2016-11-04 17:04:52', '2016-12-10 05:53:35'),
(677, 86, 2, 'Rose mez', '08 American Ash Avenue', '199705393', 3, 3, '2017-04-15 04:17:47', '2016-08-12 12:53:32'),
(678, 33, 8, 'Catherine Morga', '8502 Stuart Pass', '695479723', 3, 3, '2017-03-09 01:33:20', '2016-04-20 19:50:07'),
(679, 79, 4, 'Roy Taylor', '576 Morningstar Road', '229800916', 3, 1, '2016-06-05 11:51:35', '2016-09-08 11:10:39'),
(680, 22, 2, 'Gary Ward', '98856 Shoshone Street', '509045034', 7, 2, '2016-05-20 14:08:34', '2016-12-14 07:54:40'),
(681, 86, 10, 'Jimmy Kelley', '61250 Norway Maple Hill', '470089820', 3, 5, '2016-07-20 23:30:20', '2016-08-09 01:08:03'),
(682, 38, 3, 'Phyllis Baker', '218 Tennyson Road', '188448436', 7, 9, '2016-11-20 18:11:24', '2017-03-30 03:39:02'),
(683, 77, 3, 'Patricia Murphy', '1838 Armistice Trail', '414625988', 9, 4, '2017-01-26 21:25:40', '2017-03-10 16:54:53'),
(684, 70, 10, 'Rachel Mills', '931 Burning Wood Road', '893212255', 1, 9, '2017-01-10 16:33:32', '2017-02-08 03:18:56'),
(685, 6, 2, 'Ralph Cunningham', '8183 Ramsey Junctio', '668189140', 9, 4, '2016-06-21 01:21:40', '2017-03-13 17:36:16'),
(686, 48, 5, 'Jonathan Johnsto', '466 Fairview Circle', '476678191', 1, 7, '2016-05-24 05:15:45', '2017-01-12 20:14:41'),
(687, 74, 7, 'Jeffrey Miller', '1035 Sage Plaza', '685627509', 8, 7, '2017-01-13 03:11:16', '2017-03-06 08:16:44'),
(688, 29, 8, 'Jane Cook', '00764 Nancy Way', '652726275', 4, 3, '2016-08-21 20:33:14', '2016-11-26 06:12:20'),
(689, 96, 7, 'Daniel Bradley', '324 Logan Avenue', '373867608', 5, 4, '2016-09-19 14:17:52', '2016-11-23 18:26:13'),
(690, 97, 4, 'Jane Marti', '37 Transport Court', '167882133', 7, 3, '2016-07-08 04:06:31', '2016-10-16 00:31:16'),
(691, 6, 7, 'Ashley Payne', '03871 Alpine Trail', '634857623', 1, 3, '2017-02-09 00:07:13', '2016-10-22 23:25:46'),
(692, 100, 6, 'Fred Shaw', '4 Lake View Alley', '243234276', 2, 7, '2016-11-27 05:46:54', '2017-01-25 01:49:31'),
(693, 100, 10, 'Mary Rose', '10 Dovetail Lane', '351432877', 8, 3, '2016-11-30 05:49:13', '2017-03-10 08:26:33'),
(694, 44, 1, 'Norma Kelly', '45299 Farragut Trail', '154591722', 8, 10, '2016-07-07 06:43:40', '2016-04-18 03:48:57'),
(695, 63, 10, 'Antonio Welch', '26 Prairie Rose Crossing', '119119124', 10, 8, '2016-11-19 03:56:52', '2017-03-26 08:18:24'),
(696, 74, 8, 'Heather Anderso', '96 Marcy Point', '244006956', 3, 8, '2016-08-03 09:48:30', '2016-05-12 13:32:02'),
(697, 29, 7, 'Roy Hunt', '1090 Pankratz Alley', '121050279', 1, 9, '2016-07-15 22:19:05', '2016-12-16 18:50:29'),
(698, 73, 10, 'Ronald Williamso', '82 Fieldstone Court', '533167316', 6, 3, '2016-12-25 13:52:29', '2016-10-10 13:35:07'),
(699, 70, 2, 'Arthur Powell', '7 Longview Point', '119179057', 7, 3, '2016-05-20 14:40:26', '2016-05-14 02:28:14'),
(700, 74, 9, 'Denise Torres', '37 Milwaukee Lane', '352609151', 3, 10, '2017-01-15 00:19:02', '2016-12-03 06:39:01'),
(701, 21, 8, 'Raymond Collins', '8 Division Court', '639798598', 9, 7, '2017-02-25 22:00:53', '2017-02-22 23:26:46'),
(702, 44, 1, 'Ralph Warre', '06086 Fisk Park', '774829667', 7, 4, '2016-12-02 16:00:51', '2016-06-02 18:38:30'),
(703, 57, 7, 'Justin Morga', '53742 Katie Alley', '427616577', 1, 6, '2016-07-21 12:26:11', '2016-07-12 08:33:05'),
(704, 6, 2, 'George Myers', '21524 Sloan Junctio', '277508148', 1, 3, '2016-11-09 08:17:52', '2016-05-04 18:39:21'),
(705, 56, 2, 'Phillip Miller', '16209 Shopko Park', '464041877', 4, 2, '2016-08-14 11:22:15', '2017-03-11 13:57:00'),
(706, 94, 2, 'Frank Jackso', '748 Transport Crossing', '705187324', 2, 6, '2017-01-04 09:20:19', '2016-12-20 06:11:59'),
(707, 98, 4, 'Christina Miller', '04 Bartelt Point', '518054157', 4, 2, '2016-08-03 01:15:49', '2017-02-26 16:55:40'),
(708, 36, 7, 'Joshua Jones', '01685 Anniversary Center', '358222124', 4, 2, '2016-09-07 07:18:21', '2017-02-20 02:43:03'),
(709, 14, 4, 'Daniel Morales', '10 Crest Line Drive', '744540301', 8, 8, '2016-10-28 11:05:48', '2017-01-12 10:35:23'),
(710, 6, 9, 'David Marshall', '6231 Brentwood Trail', '384703369', 4, 1, '2017-01-21 05:06:01', '2016-06-30 20:32:01'),
(711, 77, 8, 'Heather Lewis', '0330 Blaine Alley', '704045135', 9, 4, '2016-08-11 11:03:14', '2017-03-20 04:55:01'),
(712, 14, 7, 'Alice Hughes', '8214 Kings Parkway', '411185153', 6, 2, '2016-10-27 01:45:52', '2017-03-29 19:16:28'),
(713, 36, 7, 'Lisa Hunt', '63 Schiller Alley', '152143509', 4, 7, '2017-03-20 20:30:16', '2016-06-09 20:34:34'),
(714, 68, 7, 'Justin Long', '1042 Old Gate Way', '190783637', 9, 9, '2016-07-29 16:29:34', '2016-05-16 02:53:23'),
(715, 93, 9, 'Barbara Armstrong', '96 Merry Junctio', '876348722', 10, 6, '2016-09-06 19:54:33', '2016-09-14 05:34:56'),
(716, 4, 9, 'Diane Stephens', '38980 Iowa Crossing', '472332777', 7, 6, '2016-12-15 13:39:51', '2016-07-01 00:18:57'),
(717, 92, 5, 'Jose George', '7 Hooker Point', '301619867', 2, 10, '2016-11-26 17:16:57', '2016-09-15 05:19:25'),
(718, 7, 8, 'Joan Williamso', '56254 Elgar Hill', '340875078', 10, 1, '2016-05-16 02:12:28', '2016-05-29 03:41:14'),
(719, 68, 1, 'Marilyn Hanso', '00 Springview Park', '993237872', 3, 10, '2016-11-09 13:41:24', '2017-03-27 00:14:56'),
(720, 19, 7, 'Margaret Williamso', '472 Red Cloud Point', '669140739', 3, 2, '2016-07-21 16:54:50', '2016-12-05 08:23:18'),
(721, 98, 5, 'Rose Marshall', '4 Dunning Avenue', '728093551', 10, 6, '2017-04-06 01:49:34', '2016-10-08 19:43:16'),
(722, 60, 8, 'Janice Washingto', '24 Mcbride Street', '309297785', 5, 1, '2016-12-28 02:25:08', '2017-01-21 21:42:11'),
(723, 89, 4, 'Albert Black', '417 Summerview Alley', '166797060', 1, 2, '2016-10-04 00:45:30', '2016-05-21 20:38:35'),
(724, 96, 7, 'Ashley Fox', '97844 Lyons Pass', '744071924', 7, 1, '2016-05-24 11:43:02', '2017-03-07 15:35:47'),
(725, 91, 1, 'Antonio Austi', '061 Dryden Way', '950007558', 2, 10, '2016-09-26 14:11:45', '2016-09-07 13:50:38'),
(726, 42, 1, 'Kathryn Robertso', '9 Macpherson Hill', '666255938', 8, 9, '2017-02-20 05:24:03', '2017-01-07 09:39:54'),
(727, 40, 1, 'Cynthia Dea', '50 Eagan Point', '462561021', 4, 4, '2016-06-18 13:02:35', '2016-06-01 22:48:42'),
(728, 71, 4, 'Margaret Robinso', '54744 Ruskin Junctio', '694850967', 3, 7, '2016-09-23 06:32:14', '2016-05-16 02:01:50'),
(729, 6, 9, 'Eugene Lee', '34 Banding Parkway', '130993323', 8, 6, '2016-07-11 14:29:36', '2016-04-29 00:03:15'),
(730, 98, 2, 'Jeffrey Meyer', '5574 Shasta Trail', '635585437', 9, 1, '2017-01-23 18:14:39', '2016-05-03 20:30:37'),
(731, 56, 8, 'Phyllis Wallace', '9829 Atwood Center', '375132618', 8, 5, '2016-11-17 04:22:23', '2017-01-29 19:21:13'),
(732, 82, 5, 'Lawrence Fernandez', '8 Alpine Plaza', '977669657', 10, 1, '2016-08-28 08:32:37', '2016-10-10 00:19:03'),
(733, 48, 10, 'Andrea Daniels', '405 Saint Paul Pass', '751386290', 6, 9, '2016-07-10 02:28:34', '2016-06-07 16:44:05'),
(734, 28, 1, 'Arthur Brow', '5 Muir Terrace', '679226685', 3, 6, '2017-03-06 04:47:18', '2016-06-27 22:03:56'),
(735, 9, 9, 'James Burto', '64039 Loeprich Parkway', '244611694', 5, 9, '2016-09-13 07:08:00', '2016-07-31 20:40:21'),
(736, 94, 5, 'Julia Bell', '3 odland Park', '644328536', 8, 5, '2016-05-13 17:08:14', '2017-01-03 02:13:55'),
(737, 27, 9, 'Donna Freema', '316 Garrison Point', '422436556', 6, 1, '2016-06-28 12:32:51', '2016-09-20 11:34:22'),
(738, 81, 4, 'Jean Maso', '2434 Bluejay Avenue', '182095149', 9, 7, '2016-10-27 21:54:08', '2016-07-29 20:23:39'),
(739, 24, 1, 'Jerry Butler', '52 Meadow Ridge Terrace', '140435285', 2, 4, '2016-06-18 16:24:51', '2016-06-08 14:28:25'),
(740, 57, 10, 'Wayne Wheeler', '0758 Maple Wood Trail', '527644311', 2, 6, '2016-05-07 10:01:54', '2016-05-15 12:01:08'),
(741, 74, 3, 'Kevin Rodriguez', '0837 Badeau Point', '570885240', 9, 4, '2016-11-03 14:33:40', '2016-10-27 18:49:41'),
(742, 46, 5, 'Maria Patterso', '487 Fair Oaks Street', '596771612', 4, 3, '2016-09-15 09:51:26', '2017-03-30 08:53:06'),
(743, 80, 5, 'Mark Alvarez', '109 Lotheville Point', '482707838', 10, 2, '2016-11-20 19:57:28', '2017-01-17 15:43:54'),
(744, 61, 6, 'Kathy Long', '81 Glacier Hill Point', '526565705', 10, 2, '2017-03-07 17:05:07', '2016-05-15 21:54:06'),
(745, 98, 10, 'Martha Graham', '53 Dryden Point', '952914229', 1, 2, '2016-05-30 10:05:13', '2016-12-13 17:13:49'),
(746, 10, 7, 'Scott Evans', '83045 Merrick Road', '245105904', 6, 8, '2016-10-02 02:34:27', '2016-06-22 17:50:48'),
(747, 69, 4, 'Judy Gree', '2426 Claremont Hill', '122137854', 10, 1, '2016-07-31 13:02:07', '2016-11-24 20:11:12'),
(748, 16, 10, 'Katherine Sulliva', '3 Roxbury Court', '700115596', 3, 6, '2017-01-03 16:16:32', '2017-04-01 19:55:55'),
(749, 96, 1, 'Joshua Hart', '16144 Sundown Plaza', '275400556', 6, 4, '2016-05-10 12:09:31', '2016-04-17 14:51:40'),
(750, 24, 6, 'Beverly Morris', '2 Lighthouse Bay Crossing', '629276135', 2, 7, '2016-08-12 01:06:14', '2016-10-02 01:26:23'),
(751, 9, 5, 'Alan Garza', '6 Magdeline Street', '705026858', 2, 1, '2016-06-15 03:50:09', '2016-09-04 05:26:44'),
(752, 78, 10, 'Janice Moore', '800 Roth Court', '154391018', 2, 9, '2016-06-25 19:34:16', '2016-10-29 17:38:48'),
(753, 20, 10, 'Clarence Snyder', '78 Sutteridge Street', '635851544', 2, 8, '2016-10-14 22:03:39', '2017-03-28 17:41:46'),
(754, 44, 9, 'Kathryn Thompso', '425 Butternut Pass', '418215050', 7, 4, '2017-01-09 01:03:03', '2017-03-18 17:18:36'),
(755, 25, 1, 'Antonio Harvey', '24282 Mosinee Road', '331447003', 9, 2, '2016-05-09 01:42:45', '2016-08-06 11:25:55'),
(756, 3, 3, 'Joan rdo', '582 Hanson Road', '927355977', 10, 9, '2016-07-25 22:03:59', '2017-02-27 16:53:19'),
(757, 29, 2, 'Alan Murphy', '046 Brentwood Road', '342283026', 4, 9, '2016-10-20 07:42:42', '2016-05-15 22:39:44'),
(758, 50, 7, 'Robert Cook', '18946 Annamark Terrace', '769970187', 9, 6, '2017-02-06 01:59:19', '2017-02-14 06:59:06'),
(759, 87, 5, 'Jason Hanse', '88 Butterfield Junctio', '985048468', 4, 7, '2016-12-23 22:57:28', '2016-07-12 08:45:12'),
(760, 25, 2, 'Louis Fields', '03368 Dixon Point', '580954082', 3, 7, '2016-11-27 12:55:31', '2016-12-23 23:39:33'),
(761, 76, 5, 'Irene Bryant', '55 Superior Alley', '820872706', 1, 7, '2017-03-10 15:07:01', '2016-10-09 21:24:38'),
(762, 56, 10, 'Diana Cunningham', '36336 Hagan Junctio', '359932938', 1, 1, '2017-01-30 02:26:47', '2016-10-13 18:22:00'),
(763, 84, 10, 'Ruth Perez', '60 Warbler Drive', '996648976', 2, 7, '2017-01-03 18:07:54', '2016-10-03 06:15:41'),
(764, 63, 2, 'Judy Washingto', '4996 Washington Park', '302322517', 8, 7, '2017-03-10 00:14:50', '2016-09-09 21:41:27'),
(765, 72, 10, 'Catherine Frazier', '41835 Banding Way', '900077247', 7, 9, '2017-03-30 14:23:09', '2016-06-09 06:02:28'),
(766, 39, 9, 'Christine Payne', '967 Northfield Center', '297494413', 10, 4, '2016-11-16 01:17:05', '2017-03-29 19:52:59'),
(767, 96, 7, 'Clarence Lynch', '565 Granby Place', '618316062', 8, 3, '2016-11-06 14:34:06', '2017-04-02 04:02:01'),
(768, 90, 7, 'Paula White', '121 Debs Drive', '495626414', 8, 8, '2016-12-27 22:44:58', '2016-06-16 13:32:43'),
(769, 13, 9, 'Samuel Russell', '4 Granby Hill', '381349203', 7, 8, '2016-09-06 09:36:37', '2016-07-29 19:10:41'),
(770, 34, 10, 'Walter Hunt', '060 Redwing Parkway', '362286943', 10, 2, '2017-04-14 09:44:12', '2017-01-08 22:43:04'),
(771, 82, 10, 'Bruce Reid', '4809 7th Place', '258428070', 5, 7, '2016-10-11 05:10:16', '2017-04-06 15:11:41'),
(772, 32, 4, 'Charles Hudso', '26902 Loeprich Lane', '517604013', 6, 4, '2016-07-14 02:42:50', '2017-03-08 03:38:03'),
(773, 90, 8, 'Michael Murphy', '7 Lakeland Road', '825054698', 5, 5, '2017-02-21 19:41:42', '2016-10-05 19:46:14'),
(774, 12, 2, 'Kevin Rivera', '7 Loftsrdon Hill', '338611387', 3, 6, '2016-09-26 02:48:28', '2016-07-23 22:13:25'),
(775, 92, 8, 'Helen Hernandez', '072 Tomscot Avenue', '334662488', 8, 5, '2017-03-31 10:09:41', '2016-08-03 12:11:18'),
(776, 79, 2, 'Jason Moore', '89893 Springview Parkway', '962180255', 7, 10, '2016-11-09 01:07:53', '2016-11-29 06:18:06'),
(777, 13, 7, 'Martin Turner', '773 Melrose Avenue', '804718884', 8, 3, '2016-04-26 20:48:19', '2016-04-26 01:04:01'),
(778, 67, 9, 'Albert Reynolds', '424 Brickson Park Avenue', '192069794', 9, 10, '2016-10-30 04:29:20', '2017-03-30 05:28:27'),
(779, 74, 9, 'Cynthia Howard', '86185 Jackson Road', '731166296', 7, 8, '2017-01-13 05:15:43', '2017-02-28 06:15:30'),
(780, 45, 10, 'Brian Berry', '65 Carey Trail', '267742287', 10, 8, '2016-10-14 15:29:30', '2016-06-10 12:28:40'),
(781, 7, 10, 'Lois Fowler', '16434 Paget Pass', '914458585', 8, 2, '2017-02-10 11:12:30', '2016-05-21 05:57:22'),
(782, 12, 3, 'Amy Patterso', '1 Thompson Lane', '286192851', 5, 2, '2016-09-02 10:22:00', '2016-12-20 01:27:09'),
(783, 63, 3, 'Joan Richards', '5717 Delaware Point', '221732309', 9, 8, '2016-12-02 14:09:02', '2017-03-16 18:51:12'),
(784, 68, 1, 'Joe Harriso', '720 Marcy Center', '482545468', 10, 2, '2016-10-20 14:47:58', '2016-04-26 11:18:20'),
(785, 84, 7, 'Ann Gibso', '20 Everett Center', '335647903', 2, 2, '2017-01-18 00:44:13', '2016-05-10 15:20:44'),
(786, 29, 3, 'Alice Powell', '03702 Lake View Street', '412572178', 4, 8, '2016-09-27 20:09:44', '2016-12-15 12:53:09'),
(787, 75, 10, 'Judy Garrett', '0 Southridge Point', '596856396', 5, 7, '2016-08-07 06:16:56', '2016-10-17 20:04:41'),
(788, 93, 1, 'Angela Barnes', '25 Dwight Avenue', '749337284', 9, 7, '2016-06-09 08:06:39', '2016-05-11 00:12:50'),
(789, 32, 3, 'Samuel Parker', '4805 Sunnyside Circle', '296463592', 4, 3, '2016-12-29 08:22:08', '2017-01-17 17:08:48'),
(790, 93, 6, 'Louise Kelly', '4606 Doe Crossing Parkway', '405356922', 6, 1, '2017-03-08 09:45:00', '2017-01-12 01:03:01'),
(791, 16, 9, 'Henry Jenkins', '5581 Paget Alley', '730615993', 8, 4, '2016-06-19 02:00:54', '2017-01-26 05:40:36'),
(792, 68, 5, 'Susan Jackso', '56047 Manufacturers Street', '280427602', 4, 5, '2017-04-11 21:53:02', '2016-11-02 00:12:28'),
(793, 18, 3, 'Alan Robinso', '120 Charing Cross Court', '227927013', 7, 1, '2016-04-29 16:59:59', '2016-07-08 09:31:01'),
(794, 75, 6, 'Brenda Rose', '4 Lien Plaza', '277799803', 4, 10, '2016-07-13 21:10:42', '2016-12-02 08:38:19'),
(795, 66, 3, 'Rebecca Wells', '3507 Heffernan Pass', '343594673', 7, 6, '2017-04-12 17:04:55', '2016-09-01 06:00:09'),
(796, 19, 9, 'Matthew Lee', '784 Mallory Hill', '437584585', 9, 8, '2016-06-24 13:22:22', '2016-04-21 13:36:33'),
(797, 82, 10, 'David Wagner', '9260 Sycamore Junctio', '357653447', 1, 1, '2016-06-06 11:04:54', '2016-12-07 20:17:09'),
(798, 86, 8, 'John Alexander', '477 Gulseth Place', '689077268', 2, 4, '2016-07-15 23:50:22', '2016-11-14 15:10:39'),
(799, 49, 4, 'Joyce Brow', '5417 Lien Lane', '680769214', 5, 3, '2016-07-13 23:53:09', '2016-04-20 03:45:38'),
(800, 21, 3, 'Jeffrey Wright', '49 Fallview Hill', '327069090', 4, 4, '2016-09-03 08:20:13', '2016-04-28 12:31:48'),
(801, 14, 8, 'Henry Scott', '2699 Fordem Avenue', '276582694', 4, 9, '2016-11-19 00:45:05', '2016-11-30 16:46:46'),
(802, 29, 2, 'Martha Scott', '1556 Loeprich Place', '176738007', 10, 6, '2016-07-02 18:00:10', '2016-09-27 12:49:47'),
(803, 13, 2, 'Diana Howard', '5488 Porter Road', '749454678', 10, 6, '2016-09-10 07:18:46', '2016-04-30 04:23:08'),
(804, 98, 2, 'Phillip Jorda', '45 Memorial Trail', '704674515', 8, 1, '2017-03-16 08:26:58', '2016-08-22 17:48:15'),
(805, 19, 6, 'Scott Hunter', '0 Ruskin Pass', '633218951', 8, 3, '2016-08-08 02:34:29', '2016-11-18 20:55:38'),
(806, 89, 2, 'Betty Long', '9 Sutherland Lane', '996096608', 5, 7, '2016-12-02 22:06:27', '2017-03-18 18:20:06'),
(807, 57, 6, 'Jimmy Woods', '6 Erie Center', '913892607', 9, 9, '2016-07-30 11:06:16', '2017-02-18 02:55:16'),
(808, 7, 7, 'Jesse Evans', '19 Beilfuss Lane', '414023388', 4, 2, '2016-10-20 01:12:03', '2016-05-26 18:07:35'),
(809, 87, 6, 'Randy Dun', '75905 Donald Avenue', '701720612', 10, 6, '2016-05-13 08:39:10', '2016-06-19 04:06:03'),
(810, 34, 8, 'Donald Holmes', '85 Bobwhite Circle', '964111669', 7, 4, '2017-01-21 12:17:56', '2016-07-07 12:55:18'),
(811, 67, 2, 'Raymond Hawkins', '2 Lien Parkway', '298689154', 9, 4, '2016-08-10 21:52:18', '2016-06-17 08:08:55'),
(812, 12, 8, 'Alice Stanley', '401 Spohn Drive', '988945217', 4, 2, '2016-12-06 08:31:10', '2016-09-03 08:21:38'),
(813, 10, 1, 'Theresa Cruz', '01 Loeprich Circle', '398077599', 9, 1, '2016-07-10 19:09:26', '2016-07-13 22:46:38'),
(814, 6, 9, 'Marilyn Garza', '7 Bowman Road', '761926654', 8, 9, '2016-12-22 09:12:10', '2016-08-26 01:24:50'),
(815, 22, 8, 'Gary Rya', '6 Kim Way', '745525322', 3, 10, '2016-06-09 17:13:58', '2016-08-20 04:04:15'),
(816, 99, 2, 'Lawrence Peterso', '4714 Victoria Plaza', '288147974', 3, 7, '2017-03-16 08:57:15', '2016-09-14 22:10:29'),
(817, 94, 6, 'Sara Schmidt', '0 Sachtjen Drive', '684104826', 3, 1, '2016-10-26 02:17:41', '2016-11-12 11:20:39'),
(818, 72, 9, 'Beverly Mitchell', '3236 Village Pass', '788726711', 9, 7, '2017-04-15 22:53:19', '2016-09-14 17:14:43'),
(819, 25, 8, 'Antonio Reed', '3 Morningstar Court', '218921215', 7, 1, '2016-11-07 21:26:45', '2016-12-18 08:13:39'),
(820, 45, 5, 'Adam Austi', '7 Welch Center', '521083912', 2, 6, '2016-09-22 08:15:30', '2017-02-28 19:09:19'),
(821, 74, 10, 'Diane Ramirez', '35 Colorado Junctio', '606596306', 9, 5, '2017-01-10 23:35:40', '2016-04-18 10:01:18'),
(822, 19, 1, 'Mildred Miller', '52 Havey Point', '633763287', 10, 2, '2016-06-29 21:08:34', '2016-10-14 18:19:18'),
(823, 34, 7, 'Ashley Matthews', '5170 Oxford Way', '594831741', 3, 8, '2016-12-03 22:38:24', '2016-08-30 03:43:27'),
(824, 82, 5, 'Matthew Gardner', '4376 Lunder Crossing', '172031524', 7, 7, '2016-08-08 06:07:08', '2016-08-12 09:42:48'),
(825, 47, 1, 'Raymond Hunt', '30992 Lillian Park', '342986261', 1, 6, '2016-09-04 15:54:58', '2016-09-16 05:24:23'),
(826, 13, 7, 'Carolyn Larso', '89316 Warbler Terrace', '889862601', 3, 10, '2017-01-06 10:09:06', '2016-10-13 17:35:41'),
(827, 19, 7, 'Margaret Miller', '55 Northport Junctio', '522131393', 3, 8, '2016-12-28 18:51:27', '2016-11-04 20:21:50'),
(828, 85, 4, 'Jimmy Mitchell', '783 7th Park', '184824559', 9, 1, '2016-12-12 02:19:49', '2017-02-16 05:36:57'),
(829, 34, 9, 'Jerry Griffi', '5 Lien Place', '923418996', 1, 4, '2016-04-18 20:53:25', '2016-11-29 04:19:52'),
(830, 96, 5, 'Larry Walker', '86538 Eggendart Drive', '509109808', 5, 8, '2016-05-04 11:29:49', '2016-08-02 01:11:03'),
(831, 20, 8, 'Tammy King', '4 Colorado Hill', '399411787', 5, 8, '2017-04-09 10:47:44', '2016-12-22 19:16:34'),
(832, 12, 4, 'Robin Andrews', '937 Pine View Way', '308299562', 9, 3, '2017-04-04 23:00:06', '2016-11-13 03:09:11'),
(833, 17, 4, 'Steve Washingto', '2879 Shoshone Center', '771776109', 8, 5, '2016-07-25 02:33:14', '2016-06-20 22:33:17'),
(834, 47, 6, 'Carolyn Wagner', '4 Spaight Hill', '382812273', 2, 3, '2016-12-01 19:07:58', '2016-06-27 01:16:33'),
(835, 91, 5, 'Katherine Richards', '811 Namekan Court', '839067112', 9, 4, '2016-10-13 19:52:54', '2016-10-13 19:44:52'),
(836, 19, 10, 'Rebecca Miller', '39798 Florence Road', '346834718', 1, 4, '2016-11-13 18:39:44', '2016-04-26 15:05:53'),
(837, 5, 6, 'Annie Morris', '442 Emmet Junctio', '805633161', 8, 5, '2017-02-02 05:31:01', '2016-07-15 07:32:07'),
(838, 80, 4, 'William Matthews', '44011 Bluejay Parkway', '309715717', 5, 7, '2016-10-11 12:41:43', '2017-01-22 16:19:02'),
(839, 46, 7, 'Rebecca Watso', '430 Scofield Point', '649282891', 5, 2, '2017-03-13 17:02:34', '2017-04-12 19:46:54'),
(840, 73, 6, 'Gerald White', '1 Gulseth Place', '718119795', 2, 8, '2017-03-24 07:03:28', '2017-04-05 23:19:30'),
(841, 87, 8, 'Sara Hudso', '84305 Graceland Park', '535656755', 1, 9, '2016-08-14 06:06:08', '2016-06-07 05:14:29'),
(842, 99, 4, 'Arthur Rya', '96 Lake View Parkway', '860482069', 1, 2, '2016-06-30 02:47:26', '2017-03-29 11:32:51'),
(843, 81, 3, 'Carolyn Pierce', '5059 4th Way', '916808179', 2, 1, '2016-10-07 08:00:46', '2016-04-17 08:34:16'),
(844, 94, 5, 'Robin Morris', '66282 Manley Pass', '632021722', 5, 4, '2016-12-11 10:00:20', '2016-07-31 15:55:28'),
(845, 72, 5, 'Judy Morris', '53859 School Road', '314908137', 1, 1, '2017-04-03 23:36:02', '2016-12-26 06:52:20'),
(846, 6, 1, 'Anne Mcdonald', '373 Vahlen Plaza', '668245944', 10, 9, '2017-03-24 21:27:40', '2017-02-24 16:06:45'),
(847, 61, 3, 'Philip Lawso', '48 Roth Trail', '656191579', 1, 9, '2016-10-07 05:03:10', '2016-08-10 12:38:23'),
(848, 42, 8, 'Richard Diaz', '24 Bluejay Junctio', '172707865', 5, 10, '2016-06-30 02:18:41', '2016-09-30 12:34:26'),
(849, 82, 6, 'Kathy Harvey', '32 Manley Hill', '177386694', 8, 1, '2017-04-03 10:32:37', '2016-04-26 09:37:44'),
(850, 46, 5, 'Lois Peters', '84273 Parkside Hill', '592874209', 4, 5, '2017-03-16 20:36:11', '2017-03-03 01:41:05'),
(851, 81, 1, 'Phyllis Holmes', '7918 West Court', '683495891', 1, 4, '2016-10-18 01:14:57', '2017-02-25 04:25:01'),
(852, 23, 8, 'Lisa Perez', '1 Carey Junctio', '153602772', 1, 6, '2017-02-03 20:58:48', '2016-05-25 18:59:09'),
(853, 6, 1, 'Shirley Williams', '29 Transport Plaza', '547864466', 3, 1, '2017-02-12 18:35:37', '2016-07-02 15:51:18'),
(854, 34, 6, 'Ruby Lawrence', '98623 Morrow Hill', '237557628', 4, 2, '2016-04-23 20:18:57', '2017-02-07 10:54:18'),
(855, 19, 3, 'Eric Cole', '8402 Eagle Crest Plaza', '427239704', 10, 5, '2016-07-06 23:01:22', '2016-05-02 13:19:31'),
(856, 75, 7, 'Robin Phillips', '2 Melby Lane', '270292856', 2, 4, '2017-02-01 00:03:39', '2017-02-23 13:41:59'),
(857, 98, 7, 'Marie Reed', '2 Shasta Parkway', '767058249', 8, 10, '2016-09-06 23:55:34', '2016-12-30 19:04:47'),
(858, 9, 3, 'Linda Thomas', '93932 Amoth Parkway', '266960797', 4, 6, '2017-04-10 19:43:17', '2016-06-29 06:18:24'),
(859, 60, 9, 'Jesse Medina', '8545 Bellgrove Street', '350258043', 3, 7, '2016-06-08 16:44:47', '2016-12-19 22:35:33'),
(860, 37, 8, 'Henry White', '2 Spenser Trail', '234912867', 9, 5, '2017-01-07 05:50:46', '2016-06-11 12:46:25'),
(861, 92, 10, 'Donna Simpso', '927 Nobel Lane', '412886931', 6, 2, '2016-10-20 23:21:57', '2016-10-03 15:03:23'),
(862, 23, 3, 'Sean Larso', '591 Scoville Circle', '348046794', 6, 1, '2016-10-10 09:58:26', '2016-12-02 07:07:12'),
(863, 13, 1, 'Lori Bell', '26 Manitowish Crossing', '632438855', 6, 7, '2016-05-27 19:25:37', '2016-12-13 14:55:36'),
(864, 2, 9, 'Carol Marti', '2 Nevada Drive', '584992505', 10, 9, '2016-08-16 20:18:39', '2016-09-11 08:50:04');
INSERT INTO `employee` (`idEMPLOYEE`, `idBranch`, `idPOSITION`, `Name`, `Address`, `Phone`, `created_by`, `last_update_by`, `created_date`, `last_update_date`) VALUES
(865, 9, 4, 'Jane Martinez', '875 Roxbury Junctio', '793927123', 3, 8, '2016-05-13 15:41:14', '2016-05-14 07:34:34'),
(866, 62, 5, 'Fred Marshall', '15803 Onsgard Court', '611029406', 1, 7, '2016-12-13 06:36:51', '2016-09-10 17:47:27'),
(867, 35, 5, 'Phyllis Pierce', '010 Corry Road', '900439910', 3, 8, '2016-10-20 07:03:40', '2016-06-01 03:38:37'),
(868, 81, 5, 'Andrew Hamilto', '80513 Sutherland Drive', '886054854', 5, 2, '2017-04-13 02:29:12', '2016-11-05 05:14:36'),
(869, 85, 4, 'Julia Howard', '4832 Artisan Junctio', '974984122', 3, 7, '2017-04-12 18:21:36', '2016-05-28 22:32:36'),
(870, 9, 1, 'Arthur Rose', '0166 Erie Drive', '383464071', 8, 5, '2017-02-07 18:13:03', '2016-04-25 13:55:05'),
(871, 30, 9, 'Patricia Williamso', '130 Sage Park', '422704707', 2, 1, '2017-02-03 02:49:41', '2016-05-27 06:07:32'),
(872, 78, 6, 'Joe Grant', '0 Ryan Circle', '939341489', 8, 8, '2016-12-18 08:00:41', '2016-05-15 08:47:57'),
(873, 54, 5, 'Steven Wheeler', '45 Monument Junctio', '489746890', 1, 9, '2016-10-31 05:22:40', '2016-06-27 19:50:13'),
(874, 92, 5, 'Frank Watkins', '7 Redwing Drive', '886990192', 7, 8, '2017-03-13 12:41:51', '2017-01-25 19:33:07'),
(875, 71, 5, 'Martin Ward', '6 Rieder Parkway', '588474117', 5, 5, '2016-08-28 00:33:35', '2017-03-16 03:34:00'),
(876, 37, 3, 'Janice Ward', '939 Glendale Terrace', '794953079', 6, 3, '2016-09-25 20:26:35', '2016-04-22 13:06:38'),
(877, 83, 7, 'Irene Williamso', '837 Northland Circle', '120519841', 8, 10, '2016-09-05 07:59:25', '2016-04-21 04:28:20'),
(878, 59, 10, 'Johnny Harris', '061 Heffernan Junctio', '488449579', 6, 6, '2017-03-12 21:03:05', '2016-05-16 15:10:15'),
(879, 88, 10, 'Anne Payne', '65 Bunting Lane', '234930539', 3, 5, '2017-01-14 08:54:40', '2017-02-08 07:00:31'),
(880, 59, 6, 'Brandon Burns', '36011 Carberry Point', '129300486', 9, 6, '2017-02-06 05:13:15', '2017-03-08 01:17:31'),
(881, 87, 1, 'Teresa Morales', '8901 Rigney Point', '391731040', 5, 8, '2016-05-03 00:13:26', '2016-08-15 01:10:51'),
(882, 26, 3, 'Janet Stevens', '235 Harper Place', '429127312', 4, 2, '2016-10-23 16:07:15', '2016-11-14 14:22:18'),
(883, 52, 9, 'Pamela Grant', '70667 Novick Way', '794892082', 10, 9, '2016-12-15 01:39:10', '2016-05-09 18:59:51'),
(884, 16, 8, 'Brandon Kelley', '143 Luster Alley', '585337505', 2, 6, '2016-07-10 01:58:03', '2016-12-17 10:17:30'),
(885, 48, 2, 'Rebecca Ray', '343 Magdeline Pass', '779062785', 4, 10, '2016-10-07 13:52:33', '2017-04-09 06:38:37'),
(886, 32, 6, 'Mark Parker', '00135 Continental Circle', '813545465', 2, 1, '2016-11-04 06:47:17', '2017-04-09 20:36:18'),
(887, 34, 10, 'Kathleen Stevens', '6 Forest Run Place', '881403466', 5, 5, '2016-08-10 06:24:14', '2016-11-03 00:03:03'),
(888, 56, 5, 'Mary Hanso', '0130 Oriole Avenue', '398763947', 3, 7, '2016-10-05 04:53:20', '2016-09-19 01:54:35'),
(889, 87, 2, 'Brenda Morga', '596 Coolidge Road', '209052496', 3, 4, '2017-04-06 02:38:42', '2016-05-26 12:12:24'),
(890, 95, 10, 'Lillian Romero', '49003 Northridge Street', '189511472', 2, 8, '2016-07-17 02:55:19', '2017-01-01 02:08:57'),
(891, 67, 2, 'Robin Shaw', '22 Harbort Road', '859799523', 4, 2, '2016-06-16 07:36:22', '2016-06-25 21:33:56'),
(892, 55, 2, 'Thomas Clark', '579 Paget Parkway', '321917960', 8, 10, '2016-11-30 00:46:00', '2016-05-27 09:31:13'),
(893, 62, 10, 'Eric Kennedy', '001 Ronald Regan Court', '945384656', 9, 8, '2016-11-17 16:09:33', '2017-03-09 06:44:40'),
(894, 71, 10, 'Sarah Romero', '91 Killdeer Point', '253311143', 4, 1, '2016-04-20 20:44:38', '2017-02-23 13:05:21'),
(895, 61, 6, 'Alice Carr', '46101 Debs Center', '582998351', 1, 9, '2016-04-30 12:31:01', '2016-10-12 02:04:47'),
(896, 68, 8, 'Matthew Carpenter', '7 Anthes Terrace', '153137727', 8, 4, '2017-03-16 20:15:22', '2016-06-19 03:37:20'),
(897, 86, 7, 'Nicholas Banks', '9 Spenser Way', '785754085', 10, 4, '2016-06-08 07:18:11', '2017-02-04 23:53:05'),
(898, 8, 3, 'James Porter', '52580 Northwestern Road', '929820172', 1, 7, '2016-08-10 07:06:25', '2017-04-01 02:25:51'),
(899, 11, 3, 'Michelle Wheeler', '060 Fisk Circle', '891774449', 5, 6, '2017-01-15 13:01:03', '2017-04-14 13:11:18'),
(900, 72, 2, 'Brandon Young', '8685 Melrose Road', '584160911', 5, 8, '2016-06-04 06:09:30', '2016-10-23 03:04:02'),
(901, 57, 7, 'Paula Morris', '80 Glacier Hill Trail', '420566201', 2, 7, '2017-04-09 22:10:51', '2017-01-29 19:46:25'),
(902, 83, 3, 'Teresa Diaz', '15972 Aberg Parkway', '928244082', 7, 10, '2016-07-10 10:11:20', '2016-05-04 02:02:09'),
(903, 45, 3, 'Antonio Robertso', '2850 Havey Point', '834274271', 5, 1, '2017-01-14 00:23:44', '2016-07-25 14:16:28'),
(904, 48, 2, 'Sean Schmidt', '9369 Pearson Pass', '507063118', 10, 5, '2016-08-01 17:17:26', '2016-12-02 10:57:16'),
(905, 97, 1, 'Helen Pierce', '87 Utah Place', '473297995', 4, 10, '2016-08-22 19:44:38', '2016-09-18 06:51:11'),
(906, 11, 2, 'Diana Little', '85 Hoffman Way', '984838355', 3, 4, '2017-03-13 11:33:32', '2017-03-07 05:09:42'),
(907, 52, 4, 'Angela Rodriguez', '8626 Almo Drive', '788065709', 4, 9, '2016-11-03 18:23:18', '2017-03-17 17:10:31'),
(908, 56, 7, 'Sarah Carr', '179 Service Point', '334347739', 3, 7, '2016-05-13 14:07:08', '2016-09-28 13:00:12'),
(909, 61, 5, 'Sarah Sims', '93 Tennessee Center', '869622438', 5, 10, '2016-09-21 10:10:07', '2016-07-04 13:57:59'),
(910, 35, 5, 'Frances Brooks', '5712 Old Gate Parkway', '768703958', 6, 10, '2016-05-24 07:26:40', '2016-12-28 16:39:13'),
(911, 30, 2, 'Christopher Reed', '61634 Blackbird Terrace', '799683030', 5, 2, '2016-06-13 13:53:53', '2016-11-06 05:13:39'),
(912, 79, 1, 'Amanda Larso', '0 lf View Plaza', '806609877', 10, 4, '2016-10-09 23:37:59', '2016-05-07 20:33:37'),
(913, 43, 6, 'Donald Morales', '945 Kinsman Lane', '847871411', 7, 4, '2017-01-07 19:35:18', '2017-04-10 00:20:04'),
(914, 51, 1, 'Dennis Jenkins', '62096 Mariners Cove Terrace', '873545913', 2, 5, '2016-10-03 17:26:05', '2017-04-04 17:23:42'),
(915, 56, 10, 'Ryan Mitchell', '70964 Burrows Trail', '543458116', 6, 3, '2017-02-14 19:30:52', '2017-04-11 04:23:36'),
(916, 52, 9, 'Alan Carter', '01 Grover Court', '454537456', 9, 6, '2016-09-06 04:24:51', '2016-07-30 14:44:49'),
(917, 30, 4, 'Antonio Hall', '829 Daystar Park', '618497750', 8, 6, '2017-03-31 01:43:48', '2017-02-20 01:31:43'),
(918, 54, 5, 'Harry Garcia', '1336 Riverside Crossing', '315846768', 5, 10, '2016-09-28 07:30:45', '2016-07-23 09:00:55'),
(919, 18, 4, 'Jesse Garcia', '06194 Hollow Ridge Parkway', '230943952', 7, 4, '2017-03-26 02:02:17', '2016-05-23 16:12:12'),
(920, 17, 4, 'Paula Johnsto', '91024 Main Lane', '115598407', 7, 5, '2016-06-03 20:29:46', '2017-02-01 19:35:22'),
(921, 16, 6, 'Jimmy Tucker', '67 Carpenter Pass', '448814088', 1, 9, '2017-01-25 13:42:52', '2016-11-30 04:59:42'),
(922, 97, 7, 'Peter Garcia', '77 Macpherson Parkway', '865101682', 5, 10, '2016-09-22 19:19:15', '2017-03-19 14:42:03'),
(923, 85, 1, 'Mildred Wallace', '3194 Rusk Parkway', '681253992', 2, 2, '2017-03-29 20:38:05', '2016-07-26 19:01:48'),
(924, 95, 5, 'Howard Hamilto', '87114 Parkside Way', '403138857', 9, 5, '2017-03-02 10:57:01', '2016-05-13 07:58:07'),
(925, 25, 4, 'Phyllis Fisher', '6 Nancy Junctio', '868367440', 6, 5, '2016-12-22 22:37:42', '2017-01-29 13:07:02'),
(926, 42, 2, 'Terry Harriso', '931 Morrow Circle', '684629544', 6, 5, '2016-04-18 12:03:49', '2016-10-29 04:58:48'),
(927, 87, 4, 'Jeremy Ferguso', '5 Canary Drive', '292756161', 8, 4, '2016-11-25 23:29:59', '2017-01-21 12:22:20'),
(928, 10, 2, 'Paula Cole', '908 Susan Way', '975272742', 9, 10, '2016-11-23 06:04:57', '2016-05-12 12:49:37'),
(929, 79, 10, 'Diane Gutierrez', '610 Bunker Hill Place', '508263290', 8, 2, '2016-11-12 23:03:52', '2017-04-06 05:34:10'),
(930, 11, 3, 'Billy Hudso', '7836 Annamark Pass', '494604463', 6, 8, '2017-04-05 19:25:17', '2016-08-23 09:23:09'),
(931, 12, 9, 'Martha Cole', '39 lf Course Terrace', '308783004', 7, 5, '2016-11-15 22:18:41', '2016-09-04 11:22:28'),
(932, 41, 3, 'Kelly Harris', '1 Sugar Court', '588630553', 1, 1, '2016-11-11 23:03:03', '2016-09-26 02:54:19'),
(933, 6, 8, 'Heather Campbell', '90607 Old Shore Terrace', '186126836', 4, 6, '2016-10-15 20:52:26', '2017-01-29 23:34:18'),
(934, 75, 1, 'Joan Peterso', '85480 American Street', '443477505', 7, 3, '2016-07-29 21:34:16', '2016-06-12 15:09:34'),
(935, 76, 7, 'Aaron Campbell', '73324 Nelson Circle', '771473377', 7, 2, '2017-03-26 14:45:55', '2016-10-26 06:10:04'),
(936, 32, 7, 'Albert Rya', '5467 New Castle Street', '561807601', 8, 6, '2016-07-01 14:11:36', '2016-11-21 20:01:08'),
(937, 87, 2, 'Ruby mez', '2 Shopko Point', '222342411', 8, 5, '2016-07-17 20:17:05', '2016-07-27 07:02:05'),
(938, 14, 9, 'Joseph Warre', '11376 Northland Center', '113043935', 3, 6, '2017-03-29 14:22:06', '2017-01-19 09:41:01'),
(939, 63, 8, 'Patrick Bryant', '53 Troy Trail', '971533249', 3, 7, '2016-05-13 12:22:07', '2016-12-28 18:29:07'),
(940, 31, 6, 'Karen Rose', '23 Hagan Drive', '729949820', 6, 7, '2016-08-03 10:14:14', '2016-11-07 03:23:59'),
(941, 48, 7, 'Carl Rice', '43 Ridgeway Road', '918338091', 8, 8, '2017-02-24 15:32:20', '2016-06-01 03:21:42'),
(942, 82, 7, 'Jeremy Hughes', '756 Holmberg Crossing', '162504892', 10, 5, '2016-12-17 23:54:56', '2017-03-10 11:53:19'),
(943, 44, 10, 'Douglas Lane', '934 Delaware Place', '671684935', 8, 2, '2017-04-12 22:51:34', '2016-07-31 22:08:10'),
(944, 55, 3, 'Stephen Meyer', '1 Milwaukee Point', '129960958', 3, 6, '2017-02-03 10:41:43', '2016-05-02 09:55:49'),
(945, 50, 9, 'Joan Frankli', '18253 Old Shore Crossing', '856089986', 10, 7, '2016-12-10 14:24:27', '2016-08-30 20:46:18'),
(946, 31, 6, 'Janet Rogers', '3459 Farragut Parkway', '539977874', 3, 4, '2016-10-17 05:05:10', '2017-04-02 01:23:45'),
(947, 69, 4, 'Catherine Berry', '540 Hovde Street', '156803086', 5, 3, '2017-03-30 10:23:25', '2016-07-23 15:27:12'),
(948, 87, 2, 'Rose Morga', '21749 Erie Lane', '985444202', 3, 9, '2016-05-07 08:38:34', '2016-06-18 16:40:09'),
(949, 79, 6, 'Kenneth Gibso', '854 Stephen Parkway', '527161623', 9, 10, '2017-01-03 13:17:15', '2017-03-03 04:53:17'),
(950, 47, 1, 'Brenda Gutierrez', '33722 Butterfield Center', '599816966', 1, 6, '2016-11-26 11:24:58', '2017-03-02 08:34:11'),
(951, 7, 3, 'Paula Tucker', '0 Bluejay Pass', '367906437', 7, 6, '2017-02-16 17:29:31', '2017-02-11 19:00:36'),
(952, 10, 10, 'Alice Harriso', '74866 Jenifer Avenue', '792125773', 6, 1, '2016-04-30 05:41:00', '2016-07-14 09:07:28'),
(953, 22, 8, 'Joshua White', '5 Dixon Circle', '776066863', 7, 3, '2017-01-04 05:25:46', '2016-06-18 01:45:57'),
(954, 49, 2, 'Larry Wagner', '649 Crowley Court', '976386818', 8, 8, '2016-05-25 13:21:31', '2017-03-30 16:48:44'),
(955, 51, 7, 'Billy Cunningham', '5972 Esch Lane', '772670115', 3, 6, '2017-02-13 02:59:45', '2016-06-11 04:14:53'),
(956, 91, 2, 'Jerry Kim', '4315 International Court', '725234518', 8, 9, '2016-12-04 18:22:47', '2016-05-05 18:11:31'),
(957, 70, 9, 'Virginia Vasquez', '5 Milwaukee Lane', '333437742', 8, 6, '2016-11-08 14:35:30', '2016-04-21 09:51:12'),
(958, 90, 9, 'Eric Ortiz', '7168 Merrick Junctio', '696699877', 1, 9, '2016-11-10 20:57:03', '2016-04-18 12:35:18'),
(959, 37, 2, 'Tammy Wheeler', '15 Stephen Junctio', '191193771', 8, 9, '2016-11-28 16:54:40', '2016-07-01 06:08:17'),
(960, 5, 8, 'Laura Lane', '487 Hoard Pass', '724037373', 6, 10, '2016-10-30 19:03:35', '2016-08-20 19:06:51'),
(961, 99, 3, 'Cynthia Ray', '102 Clarendon Pass', '889184594', 5, 7, '2017-02-12 20:30:08', '2016-09-20 18:54:39'),
(962, 76, 10, 'Lisa Lewis', '9 Hollow Ridge Place', '972104911', 1, 4, '2017-03-13 14:48:49', '2017-01-13 17:48:54'),
(963, 67, 5, 'Jacqueline Garcia', '904 Artisan Terrace', '739376352', 2, 10, '2016-10-02 10:07:03', '2016-10-10 08:23:36'),
(964, 26, 2, 'Steven Edwards', '72 Green Ridge Way', '208566309', 5, 8, '2017-01-27 15:01:04', '2017-03-12 03:32:19'),
(965, 68, 8, 'Keith Cruz', '5860 Westport Terrace', '282304241', 6, 1, '2017-01-02 06:57:13', '2016-07-01 22:00:25'),
(966, 62, 7, 'Catherine Webb', '34 Pennsylvania Place', '689577541', 9, 8, '2017-03-22 08:23:17', '2016-09-11 21:38:53'),
(967, 90, 9, 'Douglas Price', '10 Mariners Cove Court', '270730083', 1, 5, '2017-01-21 20:48:31', '2017-04-09 18:04:11'),
(968, 57, 3, 'Larry Harvey', '96 John Wall Street', '687122600', 1, 10, '2016-05-22 09:51:13', '2016-12-31 01:14:53'),
(969, 37, 4, 'Antonio Weaver', '555 Mendota Point', '843968505', 6, 7, '2016-12-29 11:04:32', '2016-11-13 23:22:03'),
(970, 56, 3, 'Melissa Pierce', '7 Butterfield Street', '884875861', 3, 9, '2016-08-26 00:10:51', '2016-10-29 05:57:44'),
(971, 76, 5, 'Patricia Hayes', '75 Northwestern Plaza', '595322103', 1, 4, '2016-07-14 12:33:08', '2017-04-11 00:48:47'),
(972, 89, 8, 'Jack Perry', '1394 Myrtle Place', '259400065', 9, 2, '2016-10-26 09:45:29', '2017-01-09 07:35:29'),
(973, 18, 7, 'Frances Patterso', '3534 Stoughton Crossing', '383962214', 9, 3, '2016-05-22 17:12:08', '2016-07-25 09:45:52'),
(974, 62, 7, 'Rose Morris', '09 Weeping Birch Trail', '404792683', 4, 2, '2016-10-09 22:11:47', '2016-07-21 21:37:14'),
(975, 52, 7, 'Stephen Mcdonald', '65 Independence Way', '947741261', 5, 5, '2016-10-12 15:29:25', '2016-08-14 02:16:16'),
(976, 21, 9, 'Jennifer Morales', '601 Lighthouse Bay Hill', '307193970', 2, 6, '2017-01-12 00:53:22', '2016-04-20 20:09:49'),
(977, 91, 10, 'Judith Wagner', '5 Cardinal Alley', '494665479', 3, 10, '2016-12-05 16:32:32', '2017-01-24 08:14:32'),
(978, 51, 9, 'Norma Ramirez', '75670 Walton Alley', '648516995', 6, 10, '2017-02-03 11:15:56', '2017-01-25 02:39:28'),
(979, 41, 2, 'Michelle Hernandez', '2 Grayhawk Pass', '199175290', 6, 4, '2016-07-19 12:45:02', '2017-01-18 04:44:38'),
(980, 3, 3, 'Debra Cooper', '93 Sage Junctio', '998058219', 2, 3, '2016-07-31 01:38:34', '2016-09-20 20:27:35'),
(981, 12, 8, 'Matthew Owens', '976 Cordelia Hill', '534948556', 7, 7, '2017-03-27 07:27:02', '2016-08-09 11:10:10'),
(982, 69, 7, 'Bobby Johnsto', '899 Hudson Crossing', '179365236', 3, 2, '2016-12-16 08:33:15', '2016-12-07 01:42:15'),
(983, 82, 4, 'Christina Garcia', '7586 Toban Junctio', '845748393', 1, 6, '2016-09-08 18:39:55', '2016-10-01 11:17:11'),
(984, 64, 4, 'Ralph Kennedy', '64 Loeprich Parkway', '409646591', 9, 3, '2017-02-21 07:03:41', '2016-10-24 03:12:11'),
(985, 92, 4, 'Andrew Bishop', '60284 Dryden Park', '320492545', 2, 2, '2017-04-12 12:38:46', '2016-12-31 23:06:13'),
(986, 37, 10, 'Timothy Daniels', '85062 Katie Road', '300952681', 8, 7, '2017-01-04 18:16:02', '2016-12-31 00:03:44'),
(987, 52, 9, 'Karen Nichols', '3 Hayes Drive', '140185217', 6, 6, '2016-04-24 01:40:28', '2016-12-21 16:08:39'),
(988, 96, 6, 'Kimberly Schmidt', '1656 Bobwhite Center', '664264389', 3, 6, '2017-03-17 22:38:40', '2016-12-28 05:43:52'),
(989, 86, 1, 'Aaron Lewis', '8743 Meadow Vale Terrace', '555628204', 4, 8, '2017-02-09 21:23:18', '2016-09-18 18:49:02'),
(990, 1, 10, 'Gloria Griffi', '06355 Summerview Trail', '264221863', 3, 4, '2017-03-31 07:09:46', '2017-01-01 21:10:36'),
(991, 77, 1, 'Christopher Perkins', '845 Miller Alley', '659477387', 8, 1, '2016-08-28 03:23:24', '2016-10-26 23:21:04'),
(992, 78, 3, 'Deborah Torres', '9 Ilene Terrace', '666718876', 8, 4, '2017-03-08 21:02:40', '2016-12-12 17:17:21'),
(993, 76, 9, 'Ronald Kelley', '40 Duke Center', '853040561', 3, 3, '2017-02-22 23:53:42', '2016-09-13 04:58:14'),
(994, 65, 10, 'Wayne Mccoy', '4 Butternut Parkway', '883833507', 2, 1, '2016-08-07 09:32:47', '2017-03-14 15:45:31'),
(995, 5, 8, 'Robin Fuller', '113 Oriole Junctio', '790633382', 2, 1, '2016-10-16 23:33:37', '2016-10-25 12:46:56'),
(996, 25, 8, 'Frank Holmes', '2392 Maple Terrace', '406789415', 8, 5, '2017-02-20 22:40:27', '2016-08-04 14:34:51'),
(997, 2, 7, 'Alice Myers', '2 Rusk Circle', '756322096', 8, 6, '2017-01-30 05:54:37', '2017-03-13 12:53:47'),
(998, 15, 6, 'Dennis Day', '813 Lotheville Avenue', '831191300', 4, 7, '2016-12-23 16:05:04', '2017-02-26 18:01:13'),
(999, 27, 8, 'Steven Romero', '303 Sheridan Court', '783772516', 5, 9, '2016-06-28 00:20:53', '2016-04-29 12:59:08'),
(1000, 23, 7, 'Ashley Barnes', '48239 Westridge Road', '621871807', 10, 10, '2016-09-28 01:12:04', '2017-01-19 06:12:00');

-- --------------------------------------------------------

--
-- Table structure for table `owner`
--

CREATE TABLE `owner` (
  `idOWNER` int(11) NOT NULL,
  `Name` varchar(150) DEFAULT NULL,
  `Address` varchar(255) DEFAULT NULL,
  `Phone` varchar(15) DEFAULT NULL,
  `Fax` varchar(20) DEFAULT NULL,
  `created_by` int(11) DEFAULT NULL,
  `last_update_by` int(11) DEFAULT NULL,
  `created_date` datetime DEFAULT NULL,
  `last_update_date` datetime DEFAULT NULL
) ENGINE=InnoDB DEFAULT CHARSET=utf8;

--
-- Dumping data for table `owner`
--

INSERT INTO `owner` (`idOWNER`, `Name`, `Address`, `Phone`, `Fax`, `created_by`, `last_update_by`, `created_date`, `last_update_date`) VALUES
(1, 'Mi?n B?c', '458 Minh Khai, Phu?ng Vinh Tuy, Qu?n Hai B Trung, Thnh Ph? H N?i.', '963595343', '494693473', 1, 1, '2016-11-14 20:28:24', '2017-01-21 18:02:30'),
(2, 'Mi?n Trung', 'S? 01 - u?ng H?u Ngh?, TP ?ng H?i, Qu?ng Bnh', '963595379', '330960620', 2, 2, '2016-10-30 14:07:43', '2017-03-27 13:41:30'),
(3, 'Mi?n Nam', '161 Xa L? H N?i, Phu?ng Th?o i?n, Qu?n 2, Thnh Ph? H? Ch Minh', '908276008', '467534351', 3, 3, '2017-01-05 03:30:04', '2016-12-15 05:51:11');

-- --------------------------------------------------------

--
-- Table structure for table `position_emp`
--

CREATE TABLE `position_emp` (
  `idPOSITION` int(11) NOT NULL,
  `Name` varchar(100) DEFAULT NULL,
  `Status` varchar(15) DEFAULT NULL,
  `Created_by` int(11) DEFAULT NULL,
  `Last_update_by` int(11) DEFAULT NULL,
  `Created_date` datetime DEFAULT NULL,
  `Last_update_date` datetime DEFAULT NULL
) ENGINE=InnoDB DEFAULT CHARSET=utf8;

--
-- Dumping data for table `position_emp`
--

INSERT INTO `position_emp` (`idPOSITION`, `Name`, `Status`, `Created_by`, `Last_update_by`, `Created_date`, `Last_update_date`) VALUES
(1, 'Services', 'Y', 7, 8, '2017-04-15 11:21:36', '2016-10-21 10:59:15'),
(2, 'Product Management', 'Y', 1, 2, '2017-04-10 10:47:23', '2017-02-17 06:27:29'),
(3, 'Sales', 'Y', 10, 5, '2017-02-22 14:00:58', '2016-10-06 06:06:48'),
(4, 'Marketing', 'Y', 4, 4, '2016-08-23 04:46:01', '2016-04-30 21:23:12'),
(5, 'Research and Development', 'Y', 1, 8, '2016-05-24 23:03:16', '2016-04-19 02:40:59'),
(6, 'Accounting', 'Y', 4, 10, '2017-02-22 02:06:43', '2016-04-25 05:40:37'),
(7, 'Human Resources', 'Y', 10, 7, '2016-10-16 20:19:59', '2016-05-21 06:41:01'),
(8, 'Services', 'Y', 5, 1, '2017-04-15 13:33:35', '2016-04-17 04:45:01'),
(9, 'Legal', 'Y', 6, 2, '2016-10-20 12:43:50', '2016-05-06 18:47:20'),
(10, 'Product Management', 'Y', 5, 1, '2017-01-28 20:56:56', '2017-01-26 07:00:59');

-- --------------------------------------------------------

--
-- Table structure for table `savings_account`
--

CREATE TABLE `savings_account` (
  `idSAVINGS_ACCOUNT` int(11) NOT NULL,
  `idTYPE_SAVINGS_ACCOUNT` int(11) NOT NULL,
  `idBranch` int(11) NOT NULL,
  `idCUSTOMER` int(11) NOT NULL,
  `idACCOUNT` int(11) NOT NULL,
  `Open_Date` date DEFAULT NULL,
  `Close_Date` date DEFAULT NULL,
  `Maturial_Date` date DEFAULT NULL,
  `Created_by` int(11) DEFAULT NULL,
  `Last_update_by` int(11) DEFAULT NULL,
  `Created_date` datetime DEFAULT NULL,
  `Last_update_date` datetime DEFAULT NULL,
  `Status` varchar(15) DEFAULT NULL
) ENGINE=InnoDB DEFAULT CHARSET=utf8;

--
-- Dumping data for table `savings_account`
--

INSERT INTO `savings_account` (`idSAVINGS_ACCOUNT`, `idTYPE_SAVINGS_ACCOUNT`, `idBranch`, `idCUSTOMER`, `idACCOUNT`, `Open_Date`, `Close_Date`, `Maturial_Date`, `Created_by`, `Last_update_by`, `Created_date`, `Last_update_date`, `Status`) VALUES
(8, 4, 2, 50, 242, '2016-10-14', '2016-10-06', '2016-07-05', 34, 63, '2016-09-18 07:09:05', '2016-05-25 13:45:19', 'Y'),
(12, 5, 99, 206, 629, '2016-10-13', '2017-02-09', '2017-04-05', 70, 24, '2016-12-20 10:37:12', '2016-10-07 08:42:31', 'Y'),
(13, 2, 77, 187, 666, '2017-02-25', '2016-12-15', '2016-06-20', 30, 95, '2017-03-26 16:19:31', '2016-06-29 05:25:21', 'Y'),
(18, 6, 41, 87, 928, '2016-11-10', '2017-02-24', '2017-11-08', 8, 18, '2017-01-16 17:16:05', '2017-04-06 16:38:41', 'Y'),
(21, 2, 29, 66, 365, '2016-10-28', '2016-08-06', '2017-05-30', 25, 46, '2016-09-13 18:53:04', '2016-07-27 00:36:47', 'Y'),
(22, 3, 47, 175, 906, '2016-12-29', '2017-02-08', '2017-03-26', 30, 12, '2016-11-28 06:21:23', '2016-10-21 02:28:20', 'Y'),
(24, 5, 72, 303, 877, '2016-10-21', '2016-10-27', '2017-07-30', 22, 60, '2016-10-07 08:50:33', '2017-01-20 11:50:53', 'Y'),
(26, 2, 30, 232, 385, '2017-04-15', '2017-04-02', '2019-02-22', 23, 49, '2016-10-29 16:07:14', '2016-06-21 11:33:50', 'Y'),
(34, 7, 16, 7, 103, '2016-11-12', '2017-01-30', '2018-11-15', 96, 3, '2016-09-20 08:28:02', '2016-07-20 22:22:37', 'Y'),
(38, 6, 56, 254, 1, '2016-07-18', '2016-07-01', '2016-12-10', 94, 51, '2016-11-05 04:19:22', '2017-04-14 23:42:44', 'Y'),
(41, 4, 57, 473, 573, '2016-06-04', '2016-08-13', '2019-02-01', 57, 25, '2017-01-03 12:39:44', '2016-07-06 04:24:30', 'Y'),
(42, 3, 35, 358, 587, '2016-08-15', '2016-09-21', '2016-06-27', 73, 87, '2016-10-27 06:56:56', '2016-05-05 19:37:29', 'Y'),
(59, 2, 37, 458, 728, '2017-01-16', '2017-02-20', '2016-12-08', 61, 76, '2016-10-18 18:59:13', '2016-06-03 13:24:42', 'Y'),
(66, 7, 98, 473, 503, '2016-05-16', '2016-10-14', '2017-07-19', 6, 71, '2016-09-13 22:15:29', '2016-10-24 14:21:21', 'Y'),
(70, 5, 54, 27, 368, '2016-12-07', '2016-07-05', '2018-07-30', 7, 100, '2016-11-23 00:49:10', '2016-07-27 17:27:36', 'Y'),
(72, 4, 79, 209, 110, '2016-08-21', '2016-04-23', '2017-11-09', 70, 68, '2016-05-12 21:31:41', '2016-06-04 11:40:45', 'Y'),
(81, 7, 89, 174, 606, '2016-06-26', '2016-05-13', '2019-01-29', 86, 94, '2016-05-31 19:06:43', '2016-07-10 22:56:34', 'Y'),
(83, 2, 40, 417, 730, '2016-05-16', '2017-03-07', '2016-10-03', 61, 36, '2016-05-14 15:42:31', '2017-01-22 10:07:39', 'Y'),
(85, 5, 28, 415, 659, '2016-05-26', '2017-03-08', '2016-06-16', 16, 42, '2017-03-10 23:20:09', '2016-04-20 19:47:32', 'Y'),
(86, 6, 68, 6, 815, '2016-11-12', '2016-12-08', '2017-01-30', 28, 92, '2016-11-02 08:37:19', '2017-03-13 07:05:08', 'Y'),
(89, 1, 36, 177, 644, '2016-10-15', '2017-01-12', '2018-11-22', 98, 79, '2016-05-18 04:26:13', '2017-04-03 20:19:03', 'Y'),
(90, 7, 65, 135, 214, '2016-12-13', '2016-09-03', '2016-12-07', 97, 96, '2016-09-16 08:17:18', '2016-09-07 18:30:17', 'Y'),
(109, 3, 23, 408, 633, '2016-06-01', '2016-11-11', '2019-01-09', 24, 57, '2017-02-21 00:57:38', '2016-10-16 02:30:27', 'Y'),
(114, 7, 66, 194, 377, '2017-02-28', '2016-06-20', '2016-05-31', 95, 3, '2016-08-29 02:12:22', '2016-07-05 08:33:49', 'Y'),
(119, 7, 9, 415, 113, '2016-11-04', '2016-11-01', '2017-06-23', 78, 69, '2017-02-27 01:33:24', '2016-05-30 13:59:23', 'Y'),
(129, 6, 100, 227, 509, '2016-10-09', '2016-08-18', '2016-05-13', 37, 78, '2016-05-03 19:44:11', '2016-12-22 15:17:33', 'Y'),
(137, 3, 91, 362, 338, '2016-04-21', '2016-12-26', '2019-01-06', 34, 45, '2016-07-06 02:51:29', '2016-06-02 23:11:28', 'Y'),
(144, 6, 56, 178, 877, '2016-07-14', '2016-10-11', '2017-11-25', 29, 27, '2017-01-24 01:02:54', '2016-04-19 21:26:23', 'Y'),
(145, 5, 10, 244, 474, '2016-07-11', '2017-01-16', '2017-10-29', 1, 28, '2016-06-11 17:53:24', '2016-05-08 14:44:41', 'Y'),
(151, 5, 30, 472, 684, '2016-05-01', '2017-04-08', '2018-04-10', 80, 7, '2016-08-22 10:10:41', '2016-07-13 12:43:26', 'Y'),
(157, 2, 59, 426, 781, '2017-03-17', '2016-06-14', '2017-11-20', 14, 95, '2017-03-15 05:10:43', '2017-02-12 14:28:02', 'Y'),
(161, 7, 12, 445, 666, '2016-10-08', '2016-05-24', '2017-03-05', 53, 35, '2017-01-20 11:04:41', '2016-07-29 10:06:02', 'Y'),
(167, 2, 43, 146, 443, '2016-12-31', '2017-03-16', '2016-07-22', 14, 9, '2016-06-07 22:59:15', '2016-12-08 13:01:35', 'Y'),
(169, 6, 96, 303, 410, '2016-12-22', '2016-09-13', '2017-04-18', 35, 36, '2016-08-01 02:01:59', '2016-08-07 15:15:53', 'Y'),
(170, 2, 15, 359, 994, '2017-04-02', '2016-07-09', '2018-07-18', 65, 51, '2016-06-30 13:26:17', '2016-07-16 08:47:11', 'Y'),
(171, 7, 51, 473, 14, '2017-01-09', '2016-11-29', '2017-03-15', 42, 24, '2016-11-16 11:35:59', '2016-06-17 05:54:05', 'Y'),
(174, 2, 20, 216, 302, '2017-01-10', '2016-07-02', '2017-03-28', 8, 48, '2016-10-06 11:53:27', '2016-12-19 04:58:23', 'Y'),
(180, 2, 100, 87, 275, '2016-09-08', '2017-03-15', '2018-02-13', 95, 89, '2016-10-20 17:49:56', '2017-01-26 03:44:24', 'Y'),
(183, 4, 82, 292, 177, '2016-09-05', '2016-06-24', '2017-10-31', 9, 55, '2017-03-17 15:23:05', '2016-09-11 18:46:13', 'Y'),
(184, 1, 47, 291, 62, '2016-08-20', '2017-02-03', '2017-03-31', 72, 31, '2017-03-26 08:57:33', '2016-11-25 12:06:57', 'Y'),
(185, 7, 66, 448, 916, '2016-11-29', '2017-02-03', '2017-06-08', 25, 85, '2016-12-02 10:46:42', '2016-11-08 19:46:15', 'Y'),
(187, 4, 61, 465, 771, '2016-04-29', '2016-09-28', '2016-09-14', 32, 94, '2016-11-07 17:21:28', '2016-10-20 17:32:08', 'Y'),
(192, 5, 23, 436, 511, '2016-08-30', '2016-09-10', '2018-06-11', 87, 3, '2016-06-20 06:53:15', '2016-05-04 11:36:20', 'Y'),
(197, 4, 88, 327, 460, '2016-05-08', '2016-11-09', '2018-07-27', 80, 42, '2016-07-18 12:25:16', '2016-06-30 18:36:12', 'Y'),
(200, 7, 56, 119, 343, '2016-07-25', '2016-06-26', '2017-12-22', 60, 22, '2017-03-17 00:07:33', '2017-03-07 18:57:42', 'Y'),
(208, 2, 19, 220, 945, '2016-06-06', '2016-10-19', '2018-04-14', 93, 41, '2016-07-09 02:30:38', '2016-05-06 13:46:48', 'Y'),
(210, 3, 59, 462, 131, '2016-08-25', '2017-02-16', '2016-11-02', 80, 30, '2017-01-11 06:46:38', '2017-01-19 04:01:47', 'Y'),
(213, 4, 67, 200, 24, '2016-11-04', '2016-10-17', '2016-11-27', 5, 26, '2016-08-28 02:08:03', '2017-02-24 14:31:02', 'Y'),
(219, 6, 33, 237, 113, '2017-02-22', '2016-09-05', '2017-04-22', 91, 61, '2016-08-31 02:35:58', '2016-09-02 18:35:13', 'Y'),
(220, 6, 45, 292, 966, '2016-11-21', '2016-12-26', '2018-11-24', 49, 19, '2016-09-10 13:51:58', '2016-08-28 09:50:13', 'Y'),
(223, 1, 98, 188, 324, '2016-06-26', '2017-04-13', '2018-04-11', 32, 9, '2017-02-24 08:21:12', '2016-07-28 19:51:04', 'Y'),
(224, 5, 26, 326, 530, '2016-12-14', '2017-03-06', '2017-10-14', 62, 71, '2016-09-18 15:02:48', '2017-04-11 23:48:11', 'Y'),
(226, 7, 41, 71, 993, '2016-07-09', '2016-04-29', '2018-02-10', 9, 49, '2016-11-10 10:37:52', '2016-10-25 02:53:28', 'Y'),
(228, 3, 81, 480, 97, '2017-04-15', '2016-12-19', '2017-04-23', 42, 72, '2016-06-18 09:38:25', '2016-07-14 06:35:15', 'Y'),
(229, 5, 2, 32, 837, '2016-05-23', '2016-10-29', '2017-09-11', 73, 92, '2016-09-25 20:51:35', '2016-09-03 16:07:26', 'Y'),
(231, 5, 94, 438, 183, '2016-06-26', '2016-10-02', '2017-10-20', 57, 33, '2016-11-10 23:41:49', '2016-06-15 05:30:52', 'Y'),
(238, 7, 63, 111, 168, '2017-01-03', '2016-07-16', '2017-12-22', 68, 24, '2017-03-23 04:49:14', '2016-06-30 23:19:42', 'Y'),
(240, 5, 97, 348, 315, '2016-08-06', '2016-12-20', '2018-07-06', 23, 81, '2016-10-02 10:28:23', '2017-02-08 15:45:21', 'Y'),
(241, 2, 67, 163, 673, '2016-06-28', '2016-06-15', '2017-01-31', 3, 67, '2016-08-08 06:31:06', '2016-04-24 00:55:31', 'Y'),
(249, 6, 77, 144, 898, '2016-06-18', '2016-07-06', '2018-04-21', 47, 63, '2016-09-17 15:01:28', '2016-11-26 04:41:08', 'Y'),
(252, 5, 70, 354, 557, '2016-07-03', '2016-07-21', '2016-12-08', 32, 42, '2017-02-05 03:28:19', '2016-11-21 00:12:48', 'Y'),
(253, 5, 88, 315, 709, '2016-10-08', '2017-02-21', '2018-11-09', 40, 38, '2017-03-05 20:47:52', '2017-02-22 16:39:24', 'Y'),
(254, 6, 53, 83, 711, '2017-02-17', '2016-08-05', '2017-02-28', 67, 43, '2016-10-30 07:48:45', '2016-12-25 20:43:24', 'Y'),
(255, 7, 70, 70, 423, '2016-12-23', '2016-09-02', '2017-03-04', 72, 59, '2017-01-04 03:31:49', '2017-01-03 05:00:42', 'Y'),
(259, 3, 46, 407, 481, '2016-09-06', '2017-02-12', '2017-04-24', 68, 91, '2016-11-11 11:08:59', '2016-05-07 11:28:33', 'Y'),
(260, 4, 61, 37, 536, '2017-02-08', '2017-03-02', '2019-01-01', 35, 67, '2016-04-27 19:05:51', '2017-03-19 05:15:56', 'Y'),
(261, 7, 60, 335, 474, '2017-02-08', '2016-11-03', '2018-05-30', 42, 34, '2016-09-07 23:58:43', '2016-08-27 05:39:49', 'Y'),
(264, 7, 85, 74, 103, '2016-09-08', '2017-01-19', '2017-11-26', 89, 87, '2016-11-17 05:11:58', '2016-10-19 14:44:19', 'Y'),
(266, 3, 11, 299, 579, '2017-03-05', '2016-12-04', '2016-12-20', 55, 13, '2017-03-27 19:20:53', '2016-07-01 06:21:26', 'Y'),
(268, 5, 7, 28, 376, '2016-11-23', '2016-11-07', '2018-07-30', 28, 50, '2016-06-21 23:44:46', '2016-09-10 00:05:53', 'Y'),
(269, 2, 77, 419, 278, '2016-12-07', '2017-02-01', '2017-07-05', 12, 6, '2016-11-30 09:56:30', '2016-10-23 09:49:42', 'Y'),
(274, 5, 35, 440, 417, '2016-09-02', '2017-01-09', '2017-10-23', 92, 6, '2017-04-10 05:27:33', '2016-11-24 13:34:51', 'Y'),
(276, 3, 17, 157, 633, '2017-04-02', '2016-10-28', '2016-12-31', 32, 68, '2016-11-28 21:45:22', '2017-03-17 23:05:51', 'Y'),
(281, 2, 33, 174, 276, '2016-11-23', '2016-10-14', '2016-11-25', 47, 28, '2017-01-16 02:43:29', '2016-05-24 09:19:16', 'Y'),
(283, 6, 59, 259, 663, '2016-05-28', '2016-05-30', '2018-12-05', 39, 42, '2016-11-24 23:22:06', '2017-02-26 05:26:35', 'Y'),
(284, 1, 24, 159, 446, '2016-10-12', '2017-03-20', '2017-03-19', 21, 54, '2016-06-10 18:29:00', '2016-11-05 07:30:01', 'Y'),
(285, 6, 54, 129, 308, '2017-03-12', '2016-11-12', '2017-01-13', 55, 93, '2016-07-19 09:51:46', '2016-12-17 02:44:53', 'Y'),
(288, 5, 9, 107, 62, '2016-06-29', '2016-05-03', '2017-04-01', 79, 28, '2016-08-02 07:03:49', '2016-05-24 13:40:15', 'Y'),
(293, 3, 26, 464, 625, '2016-06-16', '2016-11-18', '2017-05-11', 35, 28, '2017-02-26 03:11:09', '2016-09-16 09:09:54', 'Y'),
(295, 7, 92, 283, 850, '2017-01-10', '2016-09-07', '2019-02-01', 47, 73, '2017-04-10 21:40:37', '2016-10-17 15:24:10', 'Y'),
(312, 7, 61, 345, 579, '2017-02-01', '2016-09-28', '2018-01-13', 3, 20, '2016-06-11 20:00:07', '2016-06-24 14:54:10', 'Y'),
(315, 6, 97, 144, 303, '2016-06-28', '2017-02-02', '2019-01-22', 70, 44, '2016-08-30 17:39:39', '2016-11-22 06:30:07', 'Y'),
(319, 6, 61, 391, 319, '2017-02-25', '2016-11-23', '2018-11-03', 74, 71, '2016-06-28 05:16:39', '2016-06-29 03:50:36', 'Y'),
(320, 3, 92, 305, 887, '2017-02-04', '2016-05-01', '2016-11-20', 89, 24, '2016-05-13 02:14:35', '2016-08-07 09:18:34', 'Y'),
(326, 1, 74, 462, 949, '2016-07-26', '2016-12-21', '2017-12-31', 97, 13, '2016-11-06 07:25:41', '2016-08-02 13:57:19', 'Y'),
(332, 1, 69, 430, 858, '2016-09-26', '2017-02-13', '2016-10-20', 16, 44, '2017-04-02 01:55:07', '2016-09-11 14:47:15', 'Y'),
(333, 7, 54, 139, 513, '2017-03-22', '2016-09-11', '2017-11-29', 25, 26, '2017-01-26 18:19:56', '2016-10-29 16:56:21', 'Y'),
(334, 7, 93, 484, 758, '2017-01-06', '2016-06-13', '2016-10-20', 7, 3, '2016-12-17 11:34:07', '2016-07-07 10:12:38', 'Y'),
(336, 6, 36, 460, 867, '2017-04-08', '2017-04-09', '2018-09-01', 69, 100, '2016-07-16 19:04:45', '2016-12-06 21:56:51', 'Y'),
(338, 7, 18, 175, 439, '2016-11-13', '2017-01-04', '2018-10-01', 15, 48, '2016-11-01 11:06:49', '2016-05-12 06:13:23', 'Y'),
(341, 7, 10, 44, 519, '2016-05-30', '2017-04-13', '2017-03-15', 65, 79, '2016-09-20 19:36:02', '2016-12-30 20:22:14', 'Y'),
(342, 1, 88, 304, 615, '2017-04-16', '2016-07-19', '2016-12-14', 46, 21, '2016-04-18 16:35:16', '2016-12-29 12:38:42', 'Y'),
(348, 1, 95, 63, 101, '2016-11-23', '2016-05-29', '2017-09-25', 42, 19, '2016-12-07 22:18:03', '2016-05-03 15:19:30', 'Y'),
(352, 7, 9, 205, 238, '2017-02-16', '2017-01-01', '2017-08-28', 86, 36, '2017-02-15 04:23:51', '2016-08-09 20:50:27', 'Y'),
(357, 4, 67, 342, 37, '2016-06-28', '2017-02-16', '2018-12-12', 15, 54, '2016-08-27 01:02:41', '2016-11-28 10:38:37', 'Y'),
(373, 4, 1, 13, 385, '2017-02-25', '2016-06-23', '2019-03-13', 70, 19, '2016-07-13 03:18:22', '2016-07-18 10:50:53', 'Y'),
(374, 2, 49, 416, 570, '2016-12-08', '2016-07-13', '2016-06-08', 93, 91, '2017-01-15 18:40:24', '2017-01-01 17:56:02', 'Y'),
(377, 4, 33, 294, 399, '2016-10-20', '2017-04-07', '2018-09-06', 84, 79, '2017-01-31 08:01:08', '2017-03-09 21:40:26', 'Y'),
(379, 7, 51, 151, 322, '2017-01-18', '2016-06-24', '2016-09-03', 73, 74, '2017-02-23 10:01:40', '2016-11-19 20:18:39', 'Y'),
(381, 7, 56, 84, 547, '2016-09-27', '2017-01-21', '2016-07-19', 24, 89, '2016-11-13 06:07:36', '2017-03-06 04:07:01', 'Y'),
(382, 6, 94, 236, 113, '2016-07-22', '2016-12-29', '2018-05-05', 17, 89, '2016-05-31 12:31:54', '2016-06-01 11:16:06', 'Y'),
(384, 6, 98, 392, 819, '2016-07-25', '2016-08-19', '2019-01-10', 73, 81, '2016-05-24 06:29:18', '2017-01-08 12:39:39', 'Y'),
(388, 2, 97, 120, 190, '2016-11-25', '2017-03-11', '2017-08-30', 70, 60, '2016-05-18 06:45:17', '2017-04-16 06:45:59', 'Y'),
(393, 3, 60, 322, 230, '2016-06-06', '2016-06-03', '2018-04-22', 40, 17, '2017-03-04 22:43:01', '2016-04-25 04:42:05', 'Y'),
(394, 6, 40, 349, 303, '2017-01-24', '2016-06-25', '2016-11-05', 70, 26, '2016-05-28 11:33:59', '2016-06-14 13:17:52', 'Y'),
(399, 4, 57, 251, 478, '2017-03-11', '2016-08-22', '2017-09-18', 13, 97, '2016-10-19 08:32:53', '2016-05-04 07:53:05', 'Y'),
(401, 1, 27, 368, 278, '2016-10-31', '2017-04-13', '2018-11-04', 58, 77, '2016-12-08 08:19:59', '2017-03-28 02:49:23', 'Y'),
(403, 1, 36, 64, 659, '2017-02-17', '2016-08-07', '2019-04-14', 74, 90, '2017-04-06 18:24:06', '2017-03-07 13:22:17', 'Y'),
(408, 5, 39, 252, 623, '2016-10-05', '2016-05-21', '2018-04-27', 30, 38, '2016-10-24 00:46:06', '2017-01-10 23:53:15', 'Y'),
(409, 4, 40, 2, 877, '2016-05-13', '2017-02-26', '2016-07-26', 53, 96, '2017-03-09 18:58:13', '2016-04-21 02:27:05', 'Y'),
(412, 1, 55, 271, 556, '2016-06-10', '2017-03-17', '2017-05-22', 59, 77, '2016-12-24 06:16:23', '2016-12-16 01:04:16', 'Y'),
(413, 3, 97, 450, 935, '2016-06-10', '2016-09-08', '2017-03-19', 52, 65, '2017-01-28 00:09:02', '2017-02-03 21:29:49', 'Y'),
(414, 2, 37, 313, 60, '2017-04-05', '2016-06-22', '2018-11-06', 13, 39, '2016-08-03 10:57:29', '2016-07-01 21:28:48', 'Y'),
(417, 4, 54, 76, 403, '2017-02-22', '2017-03-04', '2019-03-29', 46, 79, '2017-03-09 14:34:54', '2017-01-26 11:40:50', 'Y'),
(430, 2, 91, 443, 546, '2016-12-30', '2016-08-19', '2017-01-21', 22, 91, '2016-12-14 03:16:21', '2016-07-26 19:47:50', 'Y'),
(433, 4, 38, 472, 950, '2016-04-19', '2016-08-20', '2017-03-10', 2, 81, '2016-05-31 01:26:26', '2017-03-29 22:07:56', 'Y'),
(435, 6, 17, 351, 355, '2016-07-17', '2016-11-11', '2017-06-13', 96, 25, '2017-03-25 13:29:56', '2016-06-26 01:57:59', 'Y'),
(436, 6, 61, 46, 506, '2016-11-28', '2016-11-04', '2016-11-09', 95, 80, '2017-01-21 21:42:53', '2017-01-01 06:10:13', 'Y'),
(439, 3, 72, 428, 709, '2016-11-21', '2016-12-21', '2017-01-21', 35, 86, '2017-03-13 21:32:37', '2016-12-27 22:48:22', 'Y'),
(460, 6, 35, 56, 690, '2016-09-29', '2016-11-13', '2018-07-15', 15, 31, '2016-08-05 10:11:30', '2016-04-17 23:25:24', 'Y'),
(461, 5, 36, 223, 646, '2017-01-28', '2017-01-18', '2018-12-17', 96, 23, '2016-12-07 17:45:01', '2016-07-25 14:19:48', 'Y'),
(464, 2, 44, 295, 815, '2016-11-06', '2016-06-22', '2017-06-13', 46, 71, '2016-04-22 11:24:02', '2016-11-11 14:48:21', 'Y'),
(466, 6, 45, 230, 119, '2017-01-13', '2017-03-04', '2018-05-08', 97, 34, '2016-11-17 20:03:09', '2017-04-16 08:54:40', 'Y'),
(471, 3, 91, 255, 636, '2016-12-23', '2017-01-18', '2017-04-18', 39, 45, '2016-07-03 02:34:44', '2017-03-11 14:44:07', 'Y'),
(473, 2, 13, 314, 771, '2016-10-09', '2016-06-26', '2018-02-10', 21, 4, '2016-05-09 20:45:20', '2017-03-09 07:35:47', 'Y'),
(474, 3, 93, 287, 303, '2017-02-05', '2016-06-06', '2016-09-08', 85, 55, '2016-11-10 21:33:35', '2016-07-20 18:15:30', 'Y'),
(483, 6, 33, 350, 770, '2017-01-19', '2016-11-08', '2016-09-18', 37, 70, '2016-10-31 05:46:38', '2016-04-17 23:29:58', 'Y'),
(484, 2, 57, 348, 162, '2017-02-08', '2016-10-29', '2017-08-13', 12, 45, '2017-01-13 01:58:40', '2017-02-24 07:57:20', 'Y'),
(488, 5, 39, 107, 669, '2016-05-23', '2016-08-20', '2018-09-05', 61, 43, '2016-08-10 05:02:06', '2017-03-26 23:30:21', 'Y'),
(491, 7, 94, 324, 284, '2017-04-09', '2017-04-16', '2018-02-18', 51, 45, '2017-01-11 22:52:18', '2016-07-31 03:22:55', 'Y'),
(492, 6, 20, 8, 466, '2017-02-22', '2017-02-07', '2018-04-20', 28, 62, '2016-10-13 06:25:58', '2016-10-17 22:16:24', 'Y'),
(495, 5, 66, 255, 436, '2016-12-07', '2016-10-23', '2016-10-04', 17, 12, '2017-04-11 18:29:06', '2016-05-08 14:16:27', 'Y'),
(502, 2, 42, 274, 461, '2016-10-12', '2017-04-01', '2016-12-03', 96, 97, '2016-04-21 03:37:27', '2016-10-21 00:27:04', 'Y'),
(514, 4, 47, 326, 87, '2016-04-22', '2016-05-04', '2018-12-02', 14, 97, '2016-06-08 16:12:58', '2017-03-28 09:09:22', 'Y'),
(522, 7, 93, 234, 1, '2016-10-01', '2017-01-24', '2018-07-23', 83, 67, '2016-04-17 17:20:09', '2016-12-25 14:03:44', 'Y'),
(529, 1, 3, 294, 410, '2016-07-30', '2016-06-15', '2018-07-06', 30, 99, '2016-04-27 01:39:02', '2016-08-19 11:31:11', 'Y'),
(535, 4, 49, 412, 79, '2016-07-30', '2016-12-28', '2018-09-30', 93, 3, '2017-03-30 09:42:14', '2016-05-07 06:36:02', 'Y'),
(537, 5, 43, 332, 625, '2016-09-30', '2017-04-14', '2017-09-09', 65, 86, '2016-09-26 14:10:38', '2016-12-21 16:56:36', 'Y'),
(543, 2, 79, 100, 271, '2016-08-08', '2016-11-26', '2016-09-09', 35, 59, '2017-01-20 03:46:21', '2016-10-30 03:57:09', 'Y'),
(545, 3, 73, 296, 516, '2016-12-13', '2016-10-06', '2018-06-14', 61, 22, '2017-03-18 17:51:24', '2016-06-30 19:22:16', 'Y'),
(549, 4, 97, 193, 340, '2017-03-19', '2016-09-21', '2016-07-23', 61, 5, '2016-06-15 13:09:15', '2016-08-08 07:06:26', 'Y'),
(562, 3, 70, 100, 254, '2016-11-09', '2016-05-06', '2017-06-17', 27, 36, '2016-08-01 08:20:16', '2016-11-05 09:30:56', 'Y'),
(564, 2, 41, 363, 381, '2017-01-10', '2016-06-24', '2018-03-18', 21, 29, '2017-01-11 03:56:47', '2016-09-12 05:18:30', 'Y'),
(569, 1, 33, 356, 522, '2016-08-12', '2016-12-03', '2017-02-14', 43, 50, '2016-09-03 08:49:42', '2016-07-22 17:30:52', 'Y'),
(574, 3, 1, 167, 215, '2016-05-12', '2016-05-17', '2018-05-01', 42, 78, '2016-11-10 04:19:48', '2017-02-03 01:43:27', 'Y'),
(578, 2, 93, 471, 592, '2017-02-19', '2017-01-17', '2018-07-23', 17, 21, '2016-11-01 01:12:44', '2017-01-16 04:39:27', 'Y'),
(579, 1, 72, 39, 87, '2016-08-07', '2017-01-19', '2017-12-17', 55, 97, '2016-08-28 16:05:59', '2017-02-17 17:36:09', 'Y'),
(587, 7, 45, 415, 701, '2016-08-12', '2016-04-18', '2017-11-30', 40, 46, '2016-04-29 16:18:32', '2017-03-12 15:41:49', 'Y'),
(591, 5, 77, 482, 171, '2016-06-21', '2016-06-14', '2018-11-23', 3, 20, '2016-11-28 12:10:28', '2017-02-19 03:47:13', 'Y'),
(601, 1, 44, 55, 796, '2016-11-19', '2016-05-04', '2016-06-18', 78, 69, '2016-08-10 19:40:01', '2016-08-21 10:47:27', 'Y'),
(602, 7, 26, 12, 219, '2017-03-08', '2016-05-28', '2018-03-29', 30, 100, '2016-09-17 23:49:47', '2017-03-08 10:30:12', 'Y'),
(615, 6, 51, 137, 629, '2016-06-06', '2016-05-02', '2016-10-19', 41, 59, '2017-03-06 13:03:37', '2016-07-03 05:17:53', 'Y'),
(616, 3, 39, 75, 709, '2016-07-07', '2017-01-13', '2016-10-17', 32, 29, '2016-12-21 03:53:32', '2016-04-21 07:15:19', 'Y'),
(617, 7, 1, 225, 494, '2016-07-18', '2016-09-10', '2017-03-11', 56, 89, '2017-02-15 20:48:24', '2016-07-21 23:42:17', 'Y'),
(618, 6, 10, 168, 310, '2016-09-30', '2016-12-19', '2016-04-17', 78, 63, '2017-01-22 15:57:09', '2017-03-09 08:15:06', 'Y'),
(624, 5, 1, 156, 588, '2016-05-01', '2016-12-10', '2019-04-05', 78, 88, '2017-01-27 12:42:16', '2016-12-17 18:23:56', 'Y'),
(627, 5, 82, 397, 731, '2016-08-08', '2016-05-22', '2018-07-09', 40, 88, '2016-11-03 21:28:00', '2016-12-30 07:45:07', 'Y'),
(628, 3, 65, 109, 20, '2016-10-16', '2016-05-13', '2017-08-03', 23, 45, '2017-03-30 17:23:55', '2016-11-13 09:42:51', 'Y'),
(630, 3, 94, 169, 728, '2017-04-10', '2016-12-17', '2016-10-03', 40, 45, '2017-03-18 12:47:10', '2017-01-15 19:33:19', 'Y'),
(634, 7, 80, 315, 102, '2016-09-02', '2016-04-29', '2016-12-25', 97, 43, '2016-07-08 20:21:05', '2016-10-14 09:54:28', 'Y'),
(636, 2, 89, 54, 758, '2016-06-24', '2017-03-31', '2018-06-05', 30, 92, '2016-09-18 19:53:18', '2016-10-07 18:37:39', 'Y'),
(637, 2, 98, 367, 475, '2016-11-21', '2017-01-12', '2017-04-21', 41, 33, '2016-11-01 10:25:29', '2016-09-05 05:56:49', 'Y'),
(642, 1, 68, 54, 3, '2016-08-28', '2016-10-01', '2017-10-30', 93, 81, '2016-11-08 06:28:31', '2016-10-08 02:53:29', 'Y'),
(656, 6, 28, 395, 447, '2017-01-04', '2016-05-02', '2017-08-23', 22, 32, '2017-01-27 10:18:38', '2016-06-10 07:26:40', 'Y'),
(657, 4, 78, 162, 306, '2017-02-26', '2016-08-15', '2018-01-17', 73, 28, '2016-06-16 15:09:03', '2017-02-28 20:55:46', 'Y'),
(660, 5, 35, 41, 891, '2017-03-31', '2017-03-10', '2017-05-17', 74, 19, '2016-05-10 16:27:20', '2016-11-06 23:33:03', 'Y'),
(661, 1, 85, 416, 420, '2016-11-20', '2016-05-05', '2018-07-29', 39, 83, '2016-10-02 07:19:52', '2016-07-25 23:27:16', 'Y'),
(662, 3, 15, 75, 550, '2017-01-12', '2016-04-22', '2018-06-18', 73, 7, '2016-12-22 08:47:58', '2016-10-02 09:21:42', 'Y'),
(665, 3, 57, 457, 175, '2016-06-11', '2016-11-30', '2019-01-11', 82, 94, '2016-05-13 17:44:44', '2016-11-21 13:26:09', 'Y'),
(667, 2, 81, 278, 885, '2016-12-16', '2016-09-05', '2017-04-13', 92, 86, '2016-08-12 02:18:42', '2016-09-12 19:38:53', 'Y'),
(668, 7, 13, 236, 864, '2016-09-17', '2016-12-03', '2017-02-17', 36, 65, '2017-02-21 19:23:35', '2017-03-23 05:41:54', 'Y'),
(674, 5, 69, 350, 813, '2016-10-08', '2016-05-04', '2018-12-09', 9, 17, '2017-01-27 18:59:42', '2016-09-25 07:09:10', 'Y'),
(675, 3, 54, 213, 707, '2017-03-31', '2017-01-03', '2017-07-06', 8, 21, '2016-12-08 02:21:17', '2017-02-05 15:55:55', 'Y'),
(683, 2, 34, 201, 43, '2017-04-07', '2017-04-06', '2019-01-12', 34, 96, '2016-05-04 10:56:35', '2016-08-08 22:50:40', 'Y'),
(687, 6, 7, 394, 552, '2017-02-16', '2016-06-28', '2018-11-03', 40, 62, '2016-11-17 17:20:14', '2017-03-12 14:07:23', 'Y'),
(688, 3, 11, 222, 439, '2016-05-10', '2016-10-02', '2018-08-27', 29, 50, '2016-10-14 07:12:13', '2017-02-22 07:16:18', 'Y'),
(691, 4, 2, 250, 546, '2016-11-29', '2016-10-22', '2017-07-24', 51, 37, '2017-01-20 03:41:30', '2016-12-04 03:00:21', 'Y'),
(697, 2, 88, 373, 621, '2017-03-02', '2017-03-06', '2017-07-11', 75, 78, '2016-10-27 21:44:07', '2016-05-29 18:51:01', 'Y'),
(700, 4, 70, 68, 906, '2016-08-13', '2016-07-26', '2019-01-18', 61, 13, '2016-12-11 18:07:14', '2016-07-17 11:23:52', 'Y'),
(710, 1, 43, 478, 711, '2016-07-27', '2017-01-02', '2016-12-08', 12, 38, '2016-06-05 00:02:25', '2017-02-23 09:43:01', 'Y'),
(713, 2, 81, 392, 48, '2017-02-22', '2016-09-02', '2017-12-06', 91, 44, '2017-02-02 16:33:22', '2016-09-01 21:36:55', 'Y'),
(715, 5, 16, 339, 478, '2016-11-14', '2016-07-04', '2019-03-02', 76, 81, '2016-06-27 04:45:54', '2016-09-28 00:15:09', 'Y'),
(717, 4, 88, 206, 730, '2016-05-31', '2016-11-19', '2019-04-10', 51, 57, '2017-03-31 12:50:55', '2016-11-04 05:45:39', 'Y'),
(718, 3, 88, 74, 918, '2016-09-02', '2017-03-25', '2016-08-18', 37, 58, '2017-02-17 08:03:23', '2016-08-05 03:16:08', 'Y'),
(725, 4, 16, 246, 315, '2017-01-24', '2016-06-14', '2016-08-10', 32, 91, '2016-11-20 11:39:49', '2017-04-06 02:17:57', 'Y'),
(726, 7, 84, 4, 386, '2016-08-06', '2016-06-21', '2019-01-16', 11, 92, '2016-05-08 08:25:51', '2016-10-18 18:49:10', 'Y'),
(728, 4, 38, 223, 66, '2016-12-11', '2017-01-14', '2017-11-29', 96, 6, '2017-02-26 14:20:59', '2016-09-29 15:35:23', 'Y'),
(732, 2, 9, 375, 281, '2017-02-05', '2016-12-26', '2018-10-23', 85, 95, '2017-01-29 13:10:11', '2016-07-11 00:49:05', 'Y'),
(739, 6, 85, 256, 65, '2016-07-01', '2016-12-19', '2016-06-29', 77, 47, '2017-03-24 03:45:07', '2016-05-30 04:11:14', 'Y'),
(740, 1, 41, 146, 802, '2016-10-08', '2017-03-12', '2018-11-15', 26, 16, '2016-12-14 04:31:32', '2016-12-17 02:11:15', 'Y'),
(744, 1, 7, 348, 395, '2016-05-03', '2016-10-14', '2018-01-14', 37, 75, '2017-01-09 02:39:29', '2016-11-15 08:08:21', 'Y'),
(746, 7, 33, 304, 407, '2016-08-20', '2017-01-15', '2019-03-10', 30, 93, '2016-10-12 13:04:50', '2016-10-01 09:01:37', 'Y'),
(762, 4, 42, 25, 265, '2017-01-15', '2016-09-23', '2018-04-12', 99, 91, '2016-09-22 22:59:51', '2016-11-01 05:51:43', 'Y'),
(763, 1, 8, 467, 104, '2017-03-11', '2017-02-06', '2016-11-12', 58, 93, '2016-12-20 11:50:53', '2016-09-29 10:39:52', 'Y'),
(769, 3, 56, 343, 457, '2016-08-01', '2016-10-12', '2019-01-03', 22, 55, '2016-11-06 12:37:38', '2016-10-17 11:13:51', 'Y'),
(773, 5, 87, 421, 965, '2017-02-10', '2016-09-09', '2017-04-23', 22, 15, '2016-12-22 16:41:14', '2016-10-30 00:08:24', 'Y'),
(775, 6, 3, 79, 293, '2016-06-13', '2016-07-26', '2017-11-24', 48, 87, '2017-02-14 21:27:15', '2016-08-16 22:53:11', 'Y'),
(779, 7, 98, 396, 439, '2016-09-12', '2017-04-09', '2017-08-31', 35, 83, '2016-06-13 12:41:18', '2016-09-10 07:48:13', 'Y'),
(780, 6, 85, 399, 64, '2017-02-11', '2016-11-20', '2018-03-25', 88, 35, '2016-05-07 12:28:38', '2016-04-26 02:43:44', 'Y'),
(784, 3, 68, 232, 276, '2016-11-24', '2016-09-23', '2017-08-05', 25, 93, '2016-11-23 12:55:45', '2016-09-17 10:28:52', 'Y'),
(792, 3, 19, 341, 599, '2017-03-05', '2017-03-11', '2018-05-07', 50, 81, '2016-06-25 10:48:33', '2016-07-14 02:10:39', 'Y'),
(798, 1, 23, 133, 631, '2016-12-01', '2016-09-29', '2016-11-23', 65, 92, '2016-05-10 18:35:13', '2016-12-03 08:17:00', 'Y'),
(802, 3, 59, 418, 274, '2016-07-15', '2017-04-08', '2017-07-20', 93, 38, '2017-01-05 23:21:48', '2016-04-29 22:17:25', 'Y'),
(812, 4, 68, 32, 837, '2017-03-19', '2016-05-23', '2018-11-04', 51, 100, '2017-03-09 16:41:28', '2016-06-29 06:20:55', 'Y'),
(819, 5, 31, 452, 307, '2016-11-11', '2017-01-12', '2017-06-01', 2, 97, '2016-10-03 02:05:50', '2016-12-05 19:13:04', 'Y'),
(821, 5, 63, 336, 168, '2016-05-03', '2016-09-24', '2019-02-25', 73, 76, '2017-03-05 21:41:48', '2016-12-01 00:57:03', 'Y'),
(822, 5, 39, 130, 800, '2017-03-02', '2016-09-05', '2018-03-02', 50, 51, '2016-05-13 06:37:54', '2016-09-02 16:23:59', 'Y'),
(828, 6, 94, 33, 119, '2017-03-03', '2017-01-06', '2016-07-09', 8, 100, '2016-05-01 17:14:25', '2017-02-10 04:56:02', 'Y'),
(831, 4, 31, 261, 768, '2016-11-29', '2016-08-13', '2016-07-27', 79, 81, '2017-01-11 17:28:59', '2016-10-15 00:29:01', 'Y'),
(835, 2, 42, 80, 475, '2016-09-16', '2017-02-18', '2016-08-24', 15, 48, '2016-10-28 07:16:05', '2016-07-24 03:08:36', 'Y'),
(841, 7, 80, 473, 407, '2017-03-23', '2016-10-13', '2016-08-06', 34, 93, '2016-06-21 04:28:06', '2016-07-28 21:40:45', 'Y'),
(842, 3, 81, 352, 644, '2017-03-20', '2016-11-23', '2017-01-29', 69, 36, '2016-09-12 17:30:23', '2017-02-14 20:39:39', 'Y'),
(844, 3, 23, 241, 942, '2016-12-06', '2017-02-07', '2016-09-11', 88, 99, '2016-12-18 15:10:57', '2016-12-24 20:36:05', 'Y'),
(846, 3, 39, 370, 128, '2016-05-01', '2016-07-04', '2017-03-18', 12, 60, '2016-12-16 23:07:03', '2017-03-22 07:10:20', 'Y'),
(847, 6, 2, 172, 552, '2017-02-17', '2016-11-19', '2016-06-30', 9, 99, '2016-10-03 19:34:30', '2016-11-24 05:45:56', 'Y'),
(853, 6, 64, 247, 4, '2017-03-28', '2016-05-02', '2017-08-11', 4, 44, '2017-02-10 09:50:05', '2016-11-28 03:55:07', 'Y'),
(854, 3, 96, 472, 420, '2017-03-15', '2017-02-17', '2017-01-09', 36, 73, '2016-10-31 23:31:05', '2016-09-20 17:41:17', 'Y'),
(857, 1, 54, 423, 328, '2017-01-15', '2016-04-20', '2016-10-12', 53, 12, '2016-12-27 15:13:09', '2016-06-22 23:37:53', 'Y'),
(865, 4, 92, 421, 520, '2016-11-16', '2016-05-09', '2017-07-30', 22, 3, '2016-07-22 09:57:18', '2016-11-21 02:56:59', 'Y'),
(867, 6, 85, 31, 253, '2016-07-22', '2016-10-10', '2016-08-11', 91, 69, '2017-01-02 03:45:10', '2017-02-08 21:38:09', 'Y'),
(868, 2, 99, 353, 625, '2016-10-04', '2017-01-21', '2016-06-08', 3, 22, '2016-04-30 03:13:17', '2016-11-03 09:53:25', 'Y'),
(871, 3, 41, 164, 536, '2016-09-19', '2016-08-08', '2018-11-22', 4, 9, '2016-05-13 18:02:09', '2016-11-27 12:17:20', 'Y'),
(872, 3, 80, 392, 774, '2016-05-22', '2017-03-31', '2017-05-31', 41, 1, '2016-11-11 20:24:14', '2016-12-03 02:01:32', 'Y'),
(877, 5, 1, 372, 100, '2016-04-27', '2016-05-30', '2019-02-18', 87, 14, '2017-02-24 00:23:07', '2016-06-09 00:08:45', 'Y'),
(878, 3, 30, 480, 272, '2017-02-06', '2017-01-15', '2017-02-11', 87, 24, '2016-09-26 09:31:13', '2016-12-20 12:39:38', 'Y'),
(890, 1, 92, 434, 943, '2016-07-09', '2016-05-26', '2018-08-12', 99, 33, '2017-01-17 07:45:37', '2016-05-26 05:24:34', 'Y'),
(893, 7, 7, 9, 726, '2016-10-27', '2016-08-07', '2019-02-04', 17, 17, '2016-12-20 15:21:25', '2016-06-02 10:41:43', 'Y'),
(894, 1, 21, 203, 866, '2017-02-16', '2016-11-02', '2018-03-17', 29, 97, '2017-02-21 08:30:59', '2016-12-17 10:20:57', 'Y'),
(897, 4, 63, 364, 111, '2017-04-06', '2016-07-23', '2017-06-30', 67, 52, '2017-04-13 02:38:09', '2017-04-15 13:30:29', 'Y'),
(899, 6, 11, 327, 820, '2016-04-18', '2016-04-24', '2017-05-07', 62, 18, '2017-03-26 17:22:53', '2016-05-08 21:58:40', 'Y'),
(904, 6, 38, 311, 132, '2016-10-21', '2016-10-27', '2016-06-20', 97, 100, '2017-02-25 13:30:36', '2017-02-25 22:48:15', 'Y'),
(909, 4, 42, 341, 139, '2016-06-20', '2017-03-25', '2016-08-14', 82, 9, '2016-12-09 11:53:52', '2016-11-08 20:57:59', 'Y'),
(911, 6, 17, 225, 686, '2016-04-26', '2016-07-03', '2017-08-05', 46, 11, '2016-11-24 02:33:24', '2016-07-27 20:44:10', 'Y'),
(916, 6, 66, 313, 477, '2017-03-05', '2016-06-09', '2018-01-26', 35, 49, '2016-11-05 09:34:35', '2016-07-29 09:41:17', 'Y'),
(930, 2, 41, 317, 794, '2016-06-24', '2016-11-11', '2016-09-05', 24, 79, '2017-02-22 07:09:24', '2016-11-15 06:40:44', 'Y'),
(931, 5, 75, 365, 449, '2016-09-08', '2016-10-24', '2018-09-08', 13, 61, '2017-02-11 22:49:39', '2016-08-10 13:09:24', 'Y'),
(933, 3, 42, 9, 164, '2016-07-25', '2016-06-26', '2017-08-01', 31, 85, '2016-05-27 05:09:54', '2016-08-27 22:38:31', 'Y'),
(935, 3, 94, 410, 211, '2016-08-15', '2016-06-10', '2016-05-15', 86, 19, '2017-02-02 17:26:19', '2016-12-15 07:37:22', 'Y'),
(941, 5, 77, 11, 486, '2016-07-11', '2016-07-19', '2017-07-27', 63, 44, '2016-04-17 05:40:05', '2016-05-25 16:39:16', 'Y'),
(946, 6, 83, 338, 516, '2017-03-14', '2016-06-07', '2017-02-03', 27, 52, '2017-03-26 22:27:23', '2016-06-21 18:01:59', 'Y'),
(950, 4, 83, 177, 246, '2017-01-27', '2016-11-08', '2018-01-05', 27, 26, '2016-10-14 17:19:02', '2016-08-19 19:59:59', 'Y'),
(958, 4, 52, 85, 745, '2017-01-23', '2017-01-30', '2016-12-23', 43, 9, '2017-02-21 01:31:26', '2016-07-16 23:32:36', 'Y'),
(967, 5, 43, 108, 345, '2016-07-06', '2016-06-12', '2018-09-26', 31, 85, '2017-02-19 09:41:41', '2016-05-11 06:05:06', 'Y'),
(973, 3, 100, 69, 957, '2017-02-10', '2016-09-19', '2017-01-20', 51, 83, '2016-08-08 16:03:55', '2016-09-03 03:43:44', 'Y'),
(975, 1, 37, 309, 308, '2017-02-26', '2016-05-06', '2016-07-18', 82, 55, '2016-04-26 03:05:04', '2017-01-24 02:09:07', 'Y'),
(980, 7, 71, 145, 949, '2016-07-05', '2017-03-19', '2017-07-31', 53, 26, '2017-01-10 17:08:17', '2016-11-14 15:07:10', 'Y'),
(981, 3, 85, 164, 265, '2017-03-31', '2016-08-03', '2017-06-26', 20, 83, '2016-08-11 15:26:10', '2016-10-30 12:46:34', 'Y'),
(987, 6, 51, 349, 149, '2017-02-17', '2016-04-27', '2016-10-10', 31, 14, '2016-06-30 22:53:53', '2016-05-24 01:41:16', 'Y'),
(988, 4, 22, 59, 573, '2016-08-17', '2017-01-20', '2017-01-24', 67, 67, '2017-03-09 00:31:30', '2016-04-27 15:10:19', 'Y'),
(994, 6, 32, 378, 293, '2016-10-23', '2016-10-16', '2016-06-12', 63, 87, '2017-03-16 18:29:59', '2016-06-23 22:46:43', 'Y'),
(997, 6, 81, 270, 204, '2016-08-31', '2017-04-04', '2018-06-10', 42, 38, '2016-12-16 14:13:35', '2016-11-15 00:42:34', 'Y'),
(1000, 4, 7, 46, 864, '2016-10-29', '2017-03-24', '2016-11-22', 74, 45, '2016-10-04 22:40:50', '2016-09-15 08:58:22', 'Y');

-- --------------------------------------------------------

--
-- Table structure for table `transactions`
--

CREATE TABLE `transactions` (
  `idTRANSACTIONS` int(11) NOT NULL,
  `idBranch` int(11) NOT NULL,
  `idTRANSACTION_TYPES` int(11) NOT NULL,
  `idACCOUNT` int(11) NOT NULL,
  `Entered_amount` decimal(10,0) DEFAULT NULL,
  `Accounted_amount` decimal(10,0) DEFAULT NULL,
  `Fee_amount` decimal(10,0) DEFAULT NULL,
  `Tax_amount` decimal(10,0) DEFAULT NULL,
  `Currentcy_code` varchar(45) DEFAULT NULL,
  `Exchange_rate` decimal(10,0) DEFAULT NULL,
  `Created_by` int(11) DEFAULT NULL,
  `Last_update_by` int(11) DEFAULT NULL,
  `Created_date` datetime DEFAULT NULL,
  `Last_update_date` datetime DEFAULT NULL,
  `Approver_by` int(11) DEFAULT NULL,
  `Approver_date` datetime DEFAULT NULL,
  `Status` varchar(15) DEFAULT NULL
) ENGINE=InnoDB DEFAULT CHARSET=utf8;

--
-- Dumping data for table `transactions`
--

INSERT INTO `transactions` (`idTRANSACTIONS`, `idBranch`, `idTRANSACTION_TYPES`, `idACCOUNT`, `Entered_amount`, `Accounted_amount`, `Fee_amount`, `Tax_amount`, `Currentcy_code`, `Exchange_rate`, `Created_by`, `Last_update_by`, `Created_date`, `Last_update_date`, `Approver_by`, `Approver_date`, `Status`) VALUES
(1, 49, 2, 343, '27272151', '27272151', '27724', '27272', 'XPF', '37', 7, 27, '2016-08-21 00:36:15', '2016-05-08 05:09:03', 49, '2017-02-03 10:58:54', 'Y'),
(5, 3, 6, 408, '8033269', '8033269', '36153', '8033', 'SEK', '67', 48, 83, '2016-04-17 11:28:41', '2017-01-12 19:39:06', 48, '2016-07-26 01:27:01', 'Y'),
(7, 13, 1, 214, '16103710', '16103710', '93903', '16104', 'UAH', '92', 90, 66, '2017-02-04 15:46:14', '2016-11-21 02:49:51', 100, '2016-05-28 21:30:55', 'Y'),
(9, 98, 4, 769, '25944457', '25944457', '73220', '25944', 'PHP', '67', 74, 90, '2016-08-01 08:05:44', '2016-10-08 03:31:30', 59, '2017-01-22 05:09:26', 'Y'),
(10, 19, 3, 957, '6202959', '6202959', '58427', '6203', 'CNY', '34', 71, 42, '2017-02-06 02:13:52', '2016-10-22 20:19:18', 53, '2016-04-28 10:02:17', 'Y'),
(11, 16, 6, 882, '73498220', '73498220', '99571', '73498', 'PHP', '41', 48, 6, '2017-04-13 07:24:30', '2016-04-23 07:58:59', 47, '2016-12-07 11:07:42', 'Y'),
(15, 84, 7, 64, '51845593', '51845593', '46914', '51846', 'IDR', '68', 70, 37, '2017-01-15 03:13:45', '2016-07-27 01:51:10', 90, '2017-03-04 23:16:31', 'Y'),
(16, 68, 3, 261, '14713320', '14713320', '70420', '14713', 'YER', '95', 77, 2, '2016-10-31 16:29:35', '2016-06-20 06:23:43', 72, '2016-04-26 07:55:31', 'Y'),
(17, 55, 6, 396, '94514010', '94514010', '96064', '94514', 'CRC', '72', 27, 69, '2016-12-30 19:02:46', '2016-06-08 02:16:14', 25, '2016-11-01 09:06:58', 'Y'),
(19, 73, 1, 454, '45322076', '45322076', '42632', '45322', 'IRR', '15', 99, 86, '2016-05-09 01:31:01', '2017-03-04 00:44:33', 18, '2016-10-25 23:23:25', 'Y'),
(20, 6, 5, 881, '34538646', '34538646', '25612', '34539', 'EUR', '17', 24, 93, '2016-10-16 17:51:47', '2017-02-23 06:14:02', 74, '2017-04-12 07:09:15', 'Y'),
(25, 88, 4, 554, '31314757', '31314757', '1600', '31315', 'NOK', '83', 38, 43, '2016-04-19 19:22:15', '2016-08-15 20:56:40', 24, '2016-09-10 11:06:17', 'Y'),
(28, 84, 4, 376, '17505966', '17505966', '57404', '17506', 'MX', '24', 63, 1, '2016-08-11 16:03:50', '2017-02-09 07:40:21', 27, '2016-10-17 06:01:46', 'Y'),
(29, 17, 2, 731, '41290555', '41290555', '69469', '41291', 'IDR', '57', 25, 63, '2017-03-16 14:12:21', '2017-01-26 18:06:47', 98, '2016-12-28 08:55:50', 'Y'),
(30, 96, 5, 201, '37764013', '37764013', '97825', '37764', 'CNY', '81', 77, 86, '2017-03-21 15:57:08', '2016-09-07 12:15:14', 63, '2016-08-28 05:27:46', 'Y'),
(32, 93, 2, 503, '95674107', '95674107', '78835', '95674', 'ILS', '6', 4, 49, '2016-11-02 23:58:33', '2016-09-07 17:57:41', 2, '2016-07-19 00:39:56', 'Y'),
(34, 80, 4, 263, '50185716', '50185716', '29254', '50186', 'JPY', '88', 27, 4, '2016-08-13 08:03:33', '2016-09-07 10:13:36', 49, '2016-08-02 20:29:25', 'Y'),
(35, 39, 6, 467, '69134048', '69134048', '64492', '69134', 'RUB', '59', 66, 6, '2016-09-13 22:30:38', '2016-06-26 18:52:05', 82, '2016-09-12 22:54:47', 'Y'),
(37, 77, 3, 292, '4537815', '4537815', '27567', '4538', 'IDR', '49', 92, 1, '2016-09-12 22:52:41', '2016-05-26 16:22:56', 78, '2017-02-22 02:29:45', 'Y'),
(40, 12, 8, 467, '22721335', '22721335', '50751', '22721', 'BG', '6', 97, 18, '2016-10-28 11:31:38', '2016-05-28 07:41:07', 18, '2017-02-10 08:22:27', 'Y'),
(41, 27, 6, 442, '44884878', '44884878', '11936', '44885', 'UAH', '35', 99, 57, '2016-10-30 00:49:56', '2016-07-01 13:48:02', 53, '2017-04-13 04:06:10', 'Y'),
(42, 56, 5, 204, '99467976', '99467976', '31686', '99468', 'IDR', '59', 40, 55, '2016-08-19 18:46:57', '2016-04-19 06:57:12', 88, '2016-05-01 12:08:48', 'Y'),
(52, 13, 6, 498, '59067802', '59067802', '71106', '59068', 'BRL', '86', 11, 63, '2016-11-30 22:51:45', '2016-12-20 13:48:53', 62, '2017-02-28 07:38:17', 'Y'),
(57, 20, 5, 434, '88045963', '88045963', '93889', '88046', 'RUB', '3', 98, 64, '2016-10-02 23:32:32', '2016-09-30 16:35:34', 77, '2016-09-10 15:32:26', 'Y'),
(60, 31, 8, 156, '6585715', '6585715', '68046', '6586', 'COP', '15', 60, 80, '2016-12-06 00:03:05', '2016-07-18 16:20:55', 36, '2016-06-13 11:05:53', 'Y'),
(61, 51, 3, 981, '79019981', '79019981', '62707', '79020', 'ARS', '83', 56, 3, '2017-03-19 06:53:08', '2017-04-15 19:01:53', 54, '2017-02-27 11:59:43', 'Y'),
(63, 67, 3, 111, '81156265', '81156265', '54170', '81156', 'PHP', '69', 33, 49, '2017-02-28 17:21:30', '2016-06-13 21:01:33', 41, '2016-07-23 12:39:39', 'Y'),
(66, 34, 8, 907, '9602335', '9602335', '76086', '9602', 'USD', '24', 72, 23, '2016-09-06 18:42:51', '2016-10-04 13:48:07', 95, '2016-07-28 07:03:43', 'Y'),
(67, 74, 7, 815, '87444967', '87444967', '11272', '87445', 'NOK', '4', 2, 23, '2016-07-07 09:06:52', '2016-05-10 05:27:08', 14, '2016-07-18 14:14:11', 'Y'),
(68, 77, 6, 680, '97423752', '97423752', '84856', '97424', 'RUB', '14', 75, 6, '2016-09-27 03:49:49', '2016-11-27 01:45:24', 21, '2016-06-08 19:53:24', 'Y'),
(71, 100, 8, 663, '3011544', '3011544', '37104', '3012', 'CNY', '39', 4, 36, '2016-12-02 21:10:53', '2016-06-24 16:09:57', 39, '2017-02-21 06:38:37', 'Y'),
(73, 16, 8, 584, '71274851', '71274851', '78254', '71275', 'ER', '63', 77, 56, '2016-09-14 16:25:01', '2016-08-23 09:55:08', 54, '2017-04-15 17:39:18', 'Y'),
(75, 61, 7, 999, '29294601', '29294601', '14542', '29295', 'BRL', '8', 37, 54, '2017-04-11 12:01:58', '2016-12-21 15:39:11', 61, '2016-05-25 21:09:47', 'Y'),
(77, 25, 4, 395, '15510689', '15510689', '95503', '15511', 'MX', '26', 5, 74, '2017-03-04 13:12:32', '2017-03-18 02:18:20', 54, '2017-04-09 16:38:16', 'Y'),
(82, 3, 3, 163, '57501025', '57501025', '79344', '57501', 'PL', '36', 75, 25, '2016-12-23 00:27:04', '2016-09-17 11:34:18', 41, '2016-09-24 12:04:56', 'Y'),
(83, 76, 8, 506, '90598928', '90598928', '4678', '90599', 'EUR', '89', 84, 44, '2017-03-27 03:59:05', '2017-03-31 19:01:31', 48, '2016-08-30 08:37:49', 'Y'),
(84, 93, 4, 613, '50341025', '50341025', '74149', '50341', 'CNY', '65', 55, 67, '2016-12-18 06:56:59', '2016-12-02 07:53:30', 71, '2017-03-30 13:11:05', 'Y'),
(89, 8, 1, 1000, '27641655', '27641655', '53299', '27642', 'UAH', '80', 85, 70, '2016-05-02 10:02:01', '2016-12-14 01:57:14', 14, '2016-11-18 11:01:51', 'Y'),
(90, 15, 7, 550, '87843629', '87843629', '40219', '87844', 'NZD', '70', 47, 9, '2017-01-30 09:51:53', '2016-10-13 05:37:50', 98, '2016-10-13 18:09:20', 'Y'),
(91, 36, 1, 880, '3262992', '3262992', '19675', '3263', 'JPY', '5', 12, 86, '2016-11-22 03:31:45', '2016-11-24 15:58:55', 50, '2016-04-20 23:16:53', 'Y'),
(92, 79, 2, 807, '75216179', '75216179', '71631', '75216', 'JOD', '34', 22, 2, '2016-07-20 09:38:42', '2017-01-03 15:53:25', 28, '2017-01-15 21:49:01', 'Y'),
(93, 74, 3, 955, '8890937', '8890937', '41772', '8891', 'IDR', '27', 14, 8, '2016-12-20 11:26:27', '2017-01-12 09:33:37', 23, '2016-09-15 22:59:27', 'Y'),
(94, 90, 6, 299, '35911418', '35911418', '54784', '35911', 'USD', '49', 47, 10, '2016-05-01 06:59:15', '2016-09-29 09:15:05', 68, '2016-12-18 23:14:43', 'Y'),
(95, 9, 4, 683, '4069383', '4069383', '42661', '4069', 'PHP', '53', 79, 86, '2016-10-01 14:14:19', '2016-05-24 14:06:36', 54, '2016-12-26 10:11:49', 'Y'),
(96, 36, 1, 294, '11352341', '11352341', '46979', '11352', 'IDR', '30', 10, 22, '2017-04-16 12:54:26', '2016-05-06 21:32:07', 6, '2016-09-26 05:54:03', 'Y'),
(97, 61, 1, 353, '41854071', '41854071', '3980', '41854', 'CNY', '20', 63, 65, '2016-10-19 00:22:31', '2016-12-31 15:58:48', 43, '2016-12-17 07:44:33', 'Y'),
(100, 51, 3, 993, '16806796', '16806796', '23829', '16807', 'EUR', '52', 71, 75, '2017-01-01 17:19:06', '2016-08-21 03:06:00', 50, '2016-10-31 00:18:47', 'Y'),
(103, 63, 7, 660, '58355443', '58355443', '2626', '58355', 'CNY', '49', 100, 27, '2016-06-16 00:26:16', '2016-08-17 23:51:35', 11, '2017-04-12 23:26:00', 'Y'),
(104, 66, 1, 240, '69104589', '69104589', '42097', '69105', 'EUR', '54', 36, 4, '2017-04-13 07:37:29', '2017-03-23 13:22:47', 30, '2016-05-22 12:43:09', 'Y'),
(105, 91, 2, 580, '18795229', '18795229', '85007', '18795', 'UAH', '45', 81, 50, '2016-09-27 18:19:57', '2016-10-11 13:48:20', 38, '2016-09-28 01:00:34', 'Y'),
(107, 90, 6, 685, '23012427', '23012427', '37003', '23012', 'CNY', '21', 25, 51, '2016-05-16 18:30:20', '2016-06-16 20:03:42', 85, '2016-05-12 06:17:50', 'Y'),
(108, 79, 7, 911, '86240762', '86240762', '76004', '86241', 'CNY', '22', 49, 57, '2016-12-07 10:24:10', '2017-01-11 22:23:16', 51, '2016-11-20 18:03:51', 'Y'),
(110, 35, 5, 364, '25249294', '25249294', '39221', '25249', 'PHP', '32', 72, 54, '2016-05-06 11:05:54', '2016-05-13 08:43:04', 39, '2016-04-26 04:10:59', 'Y'),
(111, 76, 2, 867, '80097226', '80097226', '41008', '80097', 'KRW', '37', 96, 17, '2016-06-27 07:16:44', '2017-02-18 08:27:29', 83, '2016-07-19 16:02:07', 'Y'),
(112, 95, 6, 796, '58633169', '58633169', '51872', '58633', 'CZK', '89', 20, 98, '2016-04-28 04:42:02', '2016-12-14 13:54:22', 95, '2016-07-05 07:20:05', 'Y'),
(114, 85, 4, 937, '63339038', '63339038', '11459', '63339', 'JPY', '14', 97, 3, '2016-11-05 15:04:59', '2016-12-20 19:45:57', 64, '2016-12-16 09:10:28', 'Y'),
(115, 46, 6, 794, '4330822', '4330822', '92166', '4331', 'CNY', '51', 51, 86, '2016-09-03 21:11:14', '2016-10-08 14:23:19', 2, '2016-11-06 06:12:28', 'Y'),
(122, 32, 3, 362, '10708175', '10708175', '29913', '10708', 'JPY', '80', 87, 26, '2016-12-03 17:22:10', '2017-03-16 20:51:18', 63, '2016-11-21 12:33:31', 'Y'),
(124, 27, 4, 158, '1955770', '1955770', '19256', '1956', 'BRL', '40', 66, 95, '2016-10-14 23:39:05', '2017-04-01 20:52:57', 74, '2016-09-11 01:22:35', 'Y'),
(126, 64, 6, 219, '77682854', '77682854', '69250', '77683', 'PHP', '33', 65, 8, '2016-12-13 22:46:53', '2016-11-02 17:25:54', 61, '2016-12-23 20:05:42', 'Y'),
(127, 14, 2, 896, '16674856', '16674856', '14882', '16675', 'CNY', '6', 49, 73, '2017-01-09 08:18:01', '2016-05-07 22:52:25', 14, '2016-10-11 20:11:06', 'Y'),
(128, 52, 7, 340, '29331428', '29331428', '48935', '29331', 'PHP', '98', 72, 22, '2016-10-03 12:54:30', '2016-12-25 02:14:24', 97, '2016-05-27 05:40:21', 'Y'),
(131, 99, 6, 546, '1926328', '1926328', '47073', '1926', 'THB', '23', 90, 17, '2017-02-12 19:26:15', '2016-09-13 13:37:41', 33, '2016-06-24 15:06:29', 'Y'),
(133, 50, 6, 1000, '94665726', '94665726', '55898', '94666', 'ZAR', '75', 3, 66, '2017-01-18 21:05:07', '2016-12-16 05:07:35', 18, '2017-02-14 12:20:58', 'Y'),
(140, 2, 1, 122, '97106699', '97106699', '29664', '97107', 'VND', '31', 1, 88, '2016-05-21 09:35:40', '2016-12-19 07:16:55', 56, '2016-10-29 06:16:04', 'Y'),
(142, 91, 2, 43, '5202651', '5202651', '46009', '5203', 'CNY', '43', 51, 60, '2017-01-02 13:18:34', '2016-08-09 04:52:03', 90, '2016-11-24 16:10:20', 'Y'),
(144, 67, 8, 162, '21410219', '21410219', '15258', '21410', 'CNY', '30', 71, 85, '2017-04-08 01:53:31', '2016-08-12 02:15:44', 33, '2016-10-09 22:52:50', 'Y'),
(146, 81, 1, 916, '91773232', '91773232', '46930', '91773', 'RUB', '64', 78, 86, '2016-10-04 00:03:12', '2016-07-06 13:30:19', 37, '2016-08-09 19:16:34', 'Y'),
(149, 13, 7, 1, '5464375', '5464375', '53812', '5464', 'EUR', '71', 91, 95, '2016-05-25 03:16:53', '2016-07-13 17:58:14', 100, '2016-10-06 00:21:10', 'Y'),
(152, 80, 3, 232, '42117056', '42117056', '40957', '42117', 'CNY', '11', 45, 100, '2016-11-26 22:47:22', '2016-09-28 06:38:46', 92, '2016-09-26 09:49:22', 'Y'),
(161, 5, 2, 381, '47524651', '47524651', '85156', '47525', 'PL', '70', 1, 61, '2016-08-30 13:11:37', '2016-10-05 23:47:33', 32, '2016-12-23 02:14:32', 'Y'),
(162, 19, 8, 706, '55880534', '55880534', '28667', '55881', 'MMK', '11', 43, 5, '2016-07-02 13:04:26', '2016-07-13 03:10:37', 61, '2016-05-14 09:13:29', 'Y'),
(164, 39, 8, 527, '48235148', '48235148', '6102', '48235', 'AMD', '70', 25, 98, '2017-01-01 23:59:20', '2016-06-11 07:55:20', 29, '2017-02-28 09:20:48', 'Y'),
(165, 91, 1, 770, '61660403', '61660403', '55454', '61660', 'CZK', '2', 82, 87, '2016-06-07 16:57:08', '2016-10-11 01:58:08', 75, '2016-07-07 06:17:38', 'Y'),
(168, 16, 7, 800, '74113603', '74113603', '16405', '74114', 'CZK', '80', 52, 26, '2017-03-21 18:03:09', '2016-10-25 00:34:50', 70, '2016-08-24 07:01:43', 'Y'),
(169, 15, 6, 856, '41912400', '41912400', '98757', '41912', 'EUR', '64', 13, 87, '2016-06-18 23:56:20', '2017-02-11 09:07:49', 34, '2016-11-02 19:04:09', 'Y'),
(171, 40, 4, 963, '30932470', '30932470', '38898', '30932', 'UAH', '66', 38, 44, '2017-01-24 14:14:51', '2016-11-22 14:51:45', 49, '2017-04-06 10:22:06', 'Y'),
(172, 15, 2, 161, '16053226', '16053226', '35400', '16053', 'THB', '48', 18, 64, '2016-06-01 23:34:33', '2016-11-19 02:41:36', 10, '2017-04-11 10:55:35', 'Y'),
(173, 70, 4, 864, '22636638', '22636638', '92010', '22637', 'PL', '95', 20, 36, '2016-11-21 00:59:04', '2016-10-19 09:06:33', 96, '2016-10-10 10:06:38', 'Y'),
(174, 44, 8, 937, '59960169', '59960169', '83772', '59960', 'PHP', '50', 40, 91, '2016-10-31 21:59:21', '2016-10-22 02:48:25', 70, '2016-07-24 04:32:01', 'Y'),
(175, 11, 4, 324, '68160232', '68160232', '42686', '68160', 'PL', '6', 11, 23, '2017-03-05 11:23:11', '2016-10-17 05:23:17', 52, '2017-04-15 00:34:33', 'Y'),
(176, 44, 2, 468, '75635826', '75635826', '12008', '75636', 'CNY', '18', 86, 86, '2016-05-05 07:34:23', '2017-03-22 09:12:23', 29, '2016-06-21 12:47:31', 'Y'),
(177, 71, 2, 927, '532447', '532447', '29932', '532', 'CZK', '15', 63, 57, '2016-05-19 19:09:16', '2016-07-28 08:19:18', 57, '2017-03-29 08:04:27', 'Y'),
(182, 38, 3, 409, '50786951', '50786951', '65462', '50787', 'CNY', '84', 18, 58, '2016-09-04 14:30:55', '2016-06-04 15:44:42', 18, '2017-01-05 12:36:40', 'Y'),
(184, 36, 8, 386, '12903838', '12903838', '98643', '12904', 'XOF', '65', 44, 29, '2016-10-17 00:07:22', '2016-07-22 19:17:02', 47, '2016-10-08 12:19:49', 'Y'),
(185, 9, 4, 524, '83545575', '83545575', '9258', '83546', 'RUB', '99', 96, 83, '2016-10-23 15:00:11', '2016-05-06 15:02:26', 48, '2016-12-16 19:24:54', 'Y'),
(190, 91, 3, 950, '11312641', '11312641', '3836', '11313', 'EUR', '96', 52, 25, '2016-08-25 14:40:27', '2017-02-22 02:37:58', 100, '2016-10-07 10:20:29', 'Y'),
(191, 29, 2, 307, '84034866', '84034866', '76256', '84035', 'MMK', '70', 90, 17, '2017-02-12 14:05:42', '2016-07-11 03:36:18', 94, '2016-09-23 22:14:44', 'Y'),
(192, 5, 8, 322, '93584481', '93584481', '60140', '93584', 'USD', '20', 14, 95, '2017-04-15 12:25:35', '2016-11-29 05:08:55', 21, '2017-01-18 19:33:48', 'Y'),
(196, 76, 5, 928, '97673761', '97673761', '86889', '97674', 'SEK', '27', 77, 31, '2016-07-19 18:23:42', '2016-05-04 00:06:16', 29, '2016-06-17 14:05:50', 'Y'),
(197, 1, 1, 287, '6273689', '6273689', '75063', '6274', 'CNY', '79', 65, 10, '2017-03-13 13:22:40', '2016-09-15 07:13:44', 23, '2016-12-05 05:30:51', 'Y'),
(202, 70, 3, 814, '57425055', '57425055', '90712', '57425', 'EUR', '43', 18, 57, '2016-09-18 16:38:45', '2016-10-17 08:41:32', 37, '2016-11-11 02:10:56', 'Y'),
(206, 49, 3, 539, '20633430', '20633430', '69787', '20633', 'BG', '100', 85, 75, '2016-09-23 19:38:57', '2016-12-08 21:20:11', 99, '2016-09-25 04:15:10', 'Y'),
(208, 4, 1, 278, '70218654', '70218654', '70713', '70219', 'BRL', '87', 100, 87, '2016-10-03 10:15:12', '2016-04-28 19:30:14', 32, '2017-03-19 16:17:48', 'Y'),
(209, 21, 3, 440, '38456599', '38456599', '40584', '38457', 'PL', '91', 58, 68, '2016-04-21 23:45:21', '2016-04-25 01:33:43', 65, '2017-01-21 08:37:18', 'Y'),
(210, 47, 6, 589, '48743436', '48743436', '10416', '48743', 'PL', '37', 51, 79, '2016-07-17 00:07:03', '2016-11-21 08:39:38', 56, '2016-11-17 11:04:45', 'Y'),
(213, 86, 5, 76, '57485364', '57485364', '55347', '57485', 'CNY', '67', 22, 12, '2016-10-24 20:39:33', '2016-11-03 04:53:02', 31, '2017-02-11 04:52:28', 'Y'),
(214, 90, 8, 119, '92606955', '92606955', '16435', '92607', 'MX', '71', 86, 17, '2016-11-20 09:45:05', '2016-05-02 06:13:21', 73, '2016-09-13 00:51:28', 'Y'),
(215, 77, 2, 786, '49142598', '49142598', '62496', '49143', 'EUR', '47', 87, 53, '2016-05-23 11:11:50', '2017-04-01 00:42:27', 77, '2016-09-11 10:09:25', 'Y'),
(216, 73, 5, 61, '60876300', '60876300', '98871', '60876', 'UAH', '14', 11, 62, '2017-01-29 07:08:39', '2016-11-14 04:16:19', 15, '2016-11-05 15:26:35', 'Y'),
(218, 11, 8, 3, '64733735', '64733735', '82484', '64734', 'VND', '36', 75, 96, '2016-10-27 10:52:06', '2017-01-22 08:51:38', 90, '2016-12-18 14:53:14', 'Y'),
(221, 53, 7, 311, '43584639', '43584639', '80167', '43585', 'AZ', '79', 85, 5, '2016-08-19 00:00:33', '2016-08-12 14:54:11', 26, '2016-04-19 02:42:08', 'Y'),
(224, 55, 3, 580, '2471531', '2471531', '30590', '2472', 'IDR', '51', 87, 99, '2017-02-06 08:31:20', '2017-03-08 19:19:08', 4, '2017-02-22 20:26:02', 'Y'),
(226, 24, 5, 578, '98506962', '98506962', '85317', '98507', 'CNY', '36', 58, 55, '2016-08-16 14:54:55', '2016-11-14 05:50:56', 54, '2016-07-29 09:51:16', 'Y'),
(229, 41, 3, 207, '2669497', '2669497', '14482', '2669', 'CNY', '64', 99, 37, '2016-08-10 18:12:36', '2016-12-30 18:22:18', 72, '2016-05-02 12:04:41', 'Y'),
(230, 40, 5, 646, '97607459', '97607459', '68756', '97607', 'JPY', '23', 29, 57, '2016-06-08 17:02:27', '2016-11-13 01:59:30', 69, '2016-11-16 08:43:17', 'Y'),
(231, 14, 5, 101, '22316937', '22316937', '35300', '22317', 'UAH', '28', 48, 18, '2016-11-15 16:08:27', '2016-09-20 01:43:14', 66, '2016-07-26 09:07:41', 'Y'),
(233, 6, 4, 24, '35319697', '35319697', '82435', '35320', 'EUR', '8', 65, 4, '2016-10-21 13:12:43', '2016-05-01 09:50:36', 63, '2017-01-29 02:04:12', 'Y'),
(234, 15, 5, 381, '20065056', '20065056', '46194', '20065', 'CNY', '87', 4, 59, '2016-05-26 07:58:22', '2017-02-25 11:04:16', 20, '2016-11-15 17:54:07', 'Y'),
(235, 64, 3, 962, '90120743', '90120743', '42622', '90121', 'UAH', '19', 99, 41, '2016-07-27 03:35:46', '2016-08-02 04:55:45', 70, '2016-05-20 22:08:08', 'Y'),
(237, 36, 1, 857, '50018486', '50018486', '58872', '50018', 'IDR', '60', 66, 11, '2016-06-25 14:08:00', '2017-01-26 21:25:20', 69, '2016-06-14 09:33:15', 'Y'),
(241, 20, 7, 395, '95576547', '95576547', '11532', '95577', 'CNY', '46', 81, 28, '2017-04-08 13:26:58', '2016-06-10 02:09:19', 45, '2016-07-23 06:44:29', 'Y'),
(242, 50, 2, 11, '7549841', '7549841', '69363', '7550', 'NOK', '9', 95, 94, '2017-02-20 01:49:49', '2017-02-21 18:51:50', 79, '2016-07-06 13:39:47', 'Y'),
(243, 94, 1, 168, '89092030', '89092030', '24470', '89092', 'ARS', '31', 86, 81, '2016-09-18 18:10:51', '2016-06-22 23:10:53', 26, '2016-07-12 07:28:01', 'Y'),
(247, 82, 3, 440, '50956618', '50956618', '55292', '50957', 'CNY', '14', 76, 94, '2016-06-19 08:00:17', '2017-03-30 09:41:55', 33, '2017-03-21 09:16:55', 'Y'),
(248, 40, 4, 372, '99278972', '99278972', '16790', '99279', 'PL', '17', 18, 92, '2017-02-19 08:35:39', '2017-02-13 04:52:08', 89, '2017-03-15 20:52:46', 'Y'),
(249, 49, 7, 425, '81059490', '81059490', '48101', '81059', 'RSD', '50', 60, 41, '2017-02-10 10:15:57', '2016-12-25 23:22:18', 36, '2016-12-07 09:11:45', 'Y'),
(251, 73, 8, 294, '3447375', '3447375', '79992', '3447', 'UGX', '85', 52, 35, '2016-11-30 09:57:12', '2016-05-29 06:49:20', 93, '2017-02-19 15:22:33', 'Y'),
(254, 88, 7, 445, '44209456', '44209456', '40855', '44209', 'NG', '88', 98, 80, '2017-01-23 13:05:37', '2016-10-23 17:18:37', 83, '2016-09-04 22:26:33', 'Y'),
(255, 92, 1, 677, '23867501', '23867501', '15453', '23868', 'USD', '61', 21, 79, '2016-10-26 22:41:35', '2016-07-18 23:21:33', 3, '2016-06-21 12:59:37', 'Y'),
(256, 38, 8, 695, '15061249', '15061249', '82254', '15061', 'JPY', '7', 67, 38, '2016-09-18 17:01:42', '2016-08-02 19:46:25', 85, '2016-10-15 15:41:18', 'Y'),
(257, 70, 6, 992, '48115523', '48115523', '2362', '48116', 'IDR', '27', 27, 40, '2017-01-22 17:13:00', '2016-11-24 09:42:36', 2, '2016-06-24 06:49:53', 'Y'),
(258, 80, 1, 168, '33260123', '33260123', '30634', '33260', 'EUR', '82', 98, 8, '2016-04-30 10:47:35', '2016-09-07 14:19:12', 46, '2017-01-10 04:52:01', 'Y'),
(259, 12, 5, 709, '9964991', '9964991', '86970', '9965', 'IDR', '80', 99, 7, '2017-04-05 14:47:04', '2016-07-12 04:29:06', 89, '2016-11-07 00:47:56', 'Y'),
(260, 88, 3, 743, '52516387', '52516387', '43726', '52516', 'CZK', '83', 25, 13, '2017-02-22 05:58:43', '2017-04-11 09:40:46', 92, '2017-01-08 13:01:20', 'Y'),
(263, 63, 3, 513, '49102624', '49102624', '28686', '49103', 'CNY', '48', 20, 84, '2016-08-06 20:12:19', '2017-03-17 06:56:54', 68, '2016-06-14 18:19:27', 'Y'),
(264, 63, 4, 700, '18684208', '18684208', '95442', '18684', 'BG', '84', 49, 87, '2017-04-10 21:59:39', '2016-05-03 20:38:55', 21, '2017-04-11 00:50:57', 'Y'),
(265, 8, 6, 761, '95749132', '95749132', '16217', '95749', 'CNY', '9', 27, 45, '2016-09-16 19:28:08', '2016-11-08 07:18:30', 29, '2016-12-10 14:28:53', 'Y'),
(267, 87, 1, 680, '25465690', '25465690', '98237', '25466', 'SEK', '66', 46, 34, '2016-05-23 21:14:12', '2016-09-12 23:30:12', 63, '2017-01-29 16:31:17', 'Y'),
(268, 33, 4, 181, '12092550', '12092550', '53520', '12093', 'HUF', '54', 15, 5, '2017-01-05 04:47:01', '2016-06-23 19:20:29', 11, '2016-10-18 03:02:16', 'Y'),
(270, 32, 2, 494, '27298833', '27298833', '97106', '27299', 'PL', '12', 28, 22, '2017-04-01 19:32:07', '2016-06-23 06:31:31', 46, '2016-05-04 11:17:32', 'Y'),
(276, 2, 8, 479, '11438906', '11438906', '49982', '11439', 'CNY', '62', 59, 73, '2016-06-22 04:10:50', '2016-09-18 03:30:53', 22, '2017-03-03 22:34:32', 'Y'),
(277, 77, 5, 786, '47563531', '47563531', '51433', '47564', 'EUR', '91', 98, 69, '2016-07-15 20:33:33', '2017-01-08 09:47:05', 20, '2016-07-22 14:25:16', 'Y'),
(278, 98, 1, 774, '7076582', '7076582', '35397', '7077', 'MWK', '47', 80, 26, '2016-07-09 23:29:38', '2017-01-07 16:48:49', 85, '2016-06-22 16:42:27', 'Y'),
(279, 86, 2, 659, '91298251', '91298251', '98886', '91298', 'IDR', '44', 87, 82, '2016-10-24 01:04:51', '2016-10-06 15:11:38', 50, '2016-05-04 09:23:38', 'Y'),
(281, 43, 6, 76, '38893415', '38893415', '6943', '38893', 'PHP', '53', 97, 5, '2017-02-22 17:22:59', '2016-10-18 06:17:15', 79, '2016-05-28 07:32:47', 'Y'),
(282, 21, 3, 673, '19241779', '19241779', '10549', '19242', 'BDT', '76', 7, 52, '2016-09-10 21:07:51', '2017-04-15 23:17:50', 9, '2016-05-03 10:21:55', 'Y'),
(283, 45, 5, 357, '42467687', '42467687', '72194', '42468', 'IDR', '82', 59, 95, '2016-12-18 20:45:52', '2016-06-22 18:27:53', 77, '2016-05-23 09:45:28', 'Y'),
(284, 9, 2, 819, '91791368', '91791368', '83346', '91791', 'IDR', '72', 83, 95, '2016-06-05 06:47:14', '2017-01-18 06:54:31', 28, '2016-04-18 05:51:27', 'Y'),
(287, 46, 3, 74, '80227891', '80227891', '68829', '80228', 'TZS', '17', 46, 35, '2016-11-29 20:22:25', '2016-06-19 19:48:04', 53, '2016-11-16 19:53:23', 'Y'),
(290, 75, 5, 162, '34579306', '34579306', '62174', '34579', 'JPY', '78', 93, 20, '2016-10-10 04:44:24', '2016-05-27 07:24:02', 77, '2017-01-18 20:01:54', 'Y'),
(293, 8, 2, 165, '76307210', '76307210', '20001', '76307', 'CNY', '54', 96, 66, '2016-07-10 11:19:24', '2016-09-06 16:41:43', 19, '2017-04-06 20:11:01', 'Y'),
(295, 25, 4, 511, '38423651', '38423651', '13103', '38424', 'SEK', '29', 10, 29, '2016-06-24 12:21:03', '2016-07-07 17:23:41', 81, '2016-10-26 04:08:52', 'Y'),
(297, 77, 7, 246, '7010012', '7010012', '84719', '7010', 'PL', '9', 97, 69, '2016-12-08 05:06:28', '2016-06-01 16:22:06', 24, '2016-10-18 22:26:37', 'Y'),
(298, 90, 6, 442, '98298644', '98298644', '5140', '98299', 'BRL', '84', 69, 25, '2016-04-28 03:59:19', '2016-05-25 03:24:07', 75, '2016-05-28 17:24:45', 'Y'),
(300, 18, 8, 403, '47402818', '47402818', '67614', '47403', 'CNY', '12', 56, 21, '2016-11-23 21:48:08', '2016-05-11 02:12:53', 12, '2017-01-25 12:13:38', 'Y'),
(302, 54, 2, 663, '30697288', '30697288', '85419', '30697', 'ILS', '51', 73, 56, '2016-12-29 06:36:25', '2017-02-01 22:56:45', 43, '2017-02-10 03:32:13', 'Y'),
(304, 28, 5, 507, '22986102', '22986102', '87590', '22986', 'SDG', '62', 44, 50, '2016-08-23 21:44:17', '2016-11-20 21:57:49', 36, '2016-12-15 07:07:35', 'Y'),
(307, 19, 4, 345, '96544631', '96544631', '31490', '96545', 'COP', '91', 82, 87, '2016-07-04 22:14:35', '2016-08-04 05:59:06', 35, '2016-06-14 06:07:55', 'Y'),
(309, 59, 1, 963, '29521849', '29521849', '98745', '29522', 'CNY', '43', 42, 34, '2016-06-20 06:58:31', '2016-10-24 20:08:54', 71, '2017-03-11 01:23:26', 'Y'),
(312, 62, 3, 583, '85013029', '85013029', '13444', '85013', 'RUB', '88', 5, 39, '2016-08-12 21:12:58', '2016-07-11 06:00:41', 24, '2016-10-24 04:02:19', 'Y'),
(313, 51, 6, 506, '74792464', '74792464', '37623', '74792', 'CNY', '27', 88, 1, '2017-01-20 11:21:00', '2016-07-16 02:55:21', 39, '2016-12-24 00:36:15', 'Y'),
(315, 82, 8, 866, '35675161', '35675161', '89137', '35675', 'EUR', '48', 83, 61, '2016-06-24 06:41:18', '2017-01-31 13:15:07', 15, '2016-08-20 19:31:10', 'Y'),
(316, 5, 2, 313, '32884960', '32884960', '36240', '32885', 'CLP', '75', 4, 69, '2016-10-31 01:08:12', '2016-10-15 06:57:55', 34, '2017-03-25 23:03:13', 'Y'),
(317, 81, 5, 101, '69863749', '69863749', '56699', '69864', 'IDR', '51', 82, 88, '2016-07-12 07:16:06', '2016-04-17 10:25:30', 25, '2016-12-30 13:02:36', 'Y'),
(319, 21, 8, 962, '61973011', '61973011', '34854', '61973', 'IDR', '27', 20, 44, '2016-11-18 22:52:58', '2017-04-14 09:49:34', 39, '2016-05-01 06:55:35', 'Y'),
(321, 6, 3, 366, '73998827', '73998827', '56939', '73999', 'RUB', '19', 7, 66, '2016-04-21 14:47:13', '2016-06-27 23:51:32', 7, '2016-06-11 12:02:02', 'Y'),
(322, 47, 6, 613, '97079637', '97079637', '13429', '97080', 'CNY', '76', 32, 40, '2016-11-04 13:57:35', '2016-05-21 18:44:23', 78, '2017-02-19 04:06:00', 'Y'),
(324, 95, 1, 399, '39335726', '39335726', '9292', '39336', 'PL', '52', 69, 42, '2017-02-20 04:07:54', '2016-07-17 09:11:21', 97, '2017-03-24 00:59:07', 'Y'),
(325, 40, 3, 821, '16960196', '16960196', '7708', '16960', 'IDR', '6', 27, 61, '2017-03-11 01:40:21', '2016-08-24 03:29:05', 74, '2016-12-31 02:14:46', 'Y'),
(326, 56, 7, 365, '53190465', '53190465', '20250', '53190', 'USD', '53', 60, 40, '2016-08-04 16:37:29', '2016-08-10 13:24:33', 18, '2016-10-06 12:26:15', 'Y'),
(327, 31, 3, 522, '49092833', '49092833', '93140', '49093', 'CUP', '30', 28, 86, '2016-08-26 21:47:00', '2016-08-30 11:05:18', 43, '2016-11-25 18:51:43', 'Y'),
(330, 12, 6, 500, '44665657', '44665657', '28635', '44666', 'MNT', '91', 71, 72, '2016-08-12 03:07:35', '2016-05-23 17:02:05', 98, '2016-10-11 21:58:01', 'Y'),
(332, 89, 3, 330, '29189079', '29189079', '56606', '29189', 'PHP', '37', 79, 33, '2016-08-18 02:17:01', '2017-02-23 19:08:19', 100, '2016-12-13 03:15:46', 'Y'),
(335, 21, 1, 758, '42809447', '42809447', '93178', '42809', 'CNY', '75', 2, 6, '2016-11-12 14:40:13', '2016-04-20 01:28:50', 13, '2016-10-14 01:24:15', 'Y'),
(336, 57, 6, 396, '83971767', '83971767', '97518', '83972', 'PHP', '49', 2, 32, '2016-12-15 10:52:10', '2016-04-20 05:55:46', 59, '2017-04-09 16:21:40', 'Y'),
(339, 16, 3, 579, '90446553', '90446553', '30536', '90447', 'CNY', '41', 32, 82, '2016-06-30 16:21:25', '2017-01-11 18:53:41', 79, '2016-04-24 13:40:43', 'Y'),
(343, 78, 7, 633, '58530190', '58530190', '490', '58530', 'MZ', '12', 77, 74, '2017-04-11 05:49:18', '2017-03-25 01:19:58', 34, '2017-02-23 02:21:12', 'Y'),
(345, 97, 8, 349, '5601272', '5601272', '68890', '5601', 'UAH', '96', 86, 21, '2017-02-01 13:51:30', '2017-03-11 01:09:36', 48, '2016-08-16 10:54:22', 'Y'),
(348, 59, 2, 592, '33443889', '33443889', '28720', '33444', 'BOB', '29', 6, 14, '2016-05-17 10:45:52', '2017-02-16 05:45:50', 58, '2016-06-09 22:54:42', 'Y'),
(349, 68, 5, 165, '16716547', '16716547', '68991', '16717', 'COP', '89', 5, 37, '2016-10-09 22:59:25', '2016-08-14 01:20:17', 41, '2016-08-18 05:56:29', 'Y'),
(350, 75, 4, 410, '45860109', '45860109', '12123', '45860', 'RUB', '73', 15, 3, '2016-05-29 12:58:16', '2016-08-24 01:16:46', 61, '2017-02-25 22:06:11', 'Y'),
(351, 4, 6, 420, '12376921', '12376921', '84883', '12377', 'ALL', '59', 64, 87, '2016-07-30 22:38:02', '2017-01-12 19:38:38', 49, '2016-08-24 06:02:45', 'Y'),
(352, 36, 2, 779, '51166449', '51166449', '4819', '51166', 'EUR', '57', 12, 77, '2016-04-21 19:29:22', '2017-01-17 17:41:42', 6, '2016-11-13 03:25:33', 'Y'),
(353, 60, 1, 906, '43841649', '43841649', '71368', '43842', 'RUB', '48', 3, 35, '2017-02-21 02:34:43', '2016-11-11 20:30:49', 27, '2016-10-02 06:20:54', 'Y'),
(354, 11, 3, 582, '60141907', '60141907', '82187', '60142', 'CNY', '48', 38, 39, '2017-04-11 12:26:56', '2017-04-09 17:55:36', 58, '2016-05-27 03:58:45', 'Y'),
(355, 97, 3, 380, '24922805', '24922805', '99609', '24923', 'PHP', '92', 14, 69, '2017-01-19 04:38:19', '2016-05-17 19:01:40', 45, '2017-03-13 04:49:29', 'Y'),
(359, 37, 4, 503, '56660106', '56660106', '65143', '56660', 'CNY', '42', 48, 56, '2017-01-06 06:30:16', '2017-03-10 04:34:37', 75, '2017-04-07 23:55:05', 'Y'),
(360, 75, 6, 263, '46151153', '46151153', '36491', '46151', 'EUR', '32', 25, 72, '2016-06-13 06:27:36', '2016-08-06 22:16:27', 23, '2016-04-21 09:06:48', 'Y'),
(361, 75, 2, 957, '73821138', '73821138', '95263', '73821', 'XAF', '89', 14, 87, '2016-06-11 05:29:57', '2016-06-27 03:26:45', 68, '2016-08-03 03:03:20', 'Y'),
(362, 22, 4, 34, '16196844', '16196844', '83315', '16197', 'EUR', '21', 62, 11, '2016-05-23 10:29:01', '2016-11-22 09:26:25', 99, '2016-07-10 02:26:16', 'Y'),
(364, 70, 6, 443, '68671909', '68671909', '54602', '68672', 'EUR', '50', 46, 95, '2016-08-14 22:07:42', '2016-08-07 23:47:59', 93, '2016-07-31 14:07:17', 'Y'),
(367, 16, 7, 423, '96388048', '96388048', '77504', '96388', 'EUR', '80', 5, 13, '2016-05-02 20:36:21', '2016-05-02 03:25:28', 80, '2016-08-30 16:12:00', 'Y'),
(368, 75, 5, 707, '64468658', '64468658', '77686', '64469', 'BRL', '46', 21, 88, '2016-05-03 13:27:25', '2016-09-08 17:12:50', 99, '2016-05-03 01:18:57', 'Y'),
(369, 77, 6, 410, '17455129', '17455129', '94221', '17455', 'RSD', '47', 29, 1, '2016-09-12 12:50:17', '2017-02-04 00:44:48', 4, '2016-05-21 09:58:22', 'Y'),
(370, 68, 3, 507, '82116480', '82116480', '99344', '82116', 'SYP', '35', 50, 56, '2017-01-12 10:53:45', '2016-05-12 05:39:32', 13, '2017-02-09 16:24:17', 'Y'),
(371, 20, 8, 680, '22142055', '22142055', '42654', '22142', 'UGX', '93', 48, 44, '2016-12-01 21:33:41', '2016-04-29 18:02:37', 50, '2016-11-11 23:53:32', 'Y'),
(372, 66, 7, 578, '11703884', '11703884', '16721', '11704', 'EUR', '41', 6, 89, '2017-04-15 22:29:25', '2016-10-30 11:55:35', 6, '2017-01-30 17:27:19', 'Y'),
(373, 24, 8, 994, '1584267', '1584267', '48157', '1584', 'EUR', '29', 83, 7, '2016-06-19 02:40:02', '2016-08-12 04:14:35', 48, '2016-10-13 12:30:32', 'Y'),
(375, 28, 2, 328, '48211589', '48211589', '86730', '48212', 'BYR', '96', 78, 56, '2017-01-01 20:56:35', '2016-10-04 11:21:54', 89, '2017-03-22 12:31:12', 'Y'),
(378, 24, 5, 128, '26752644', '26752644', '15058', '26753', 'UAH', '84', 92, 72, '2017-04-01 12:06:25', '2016-06-18 09:57:03', 67, '2017-01-04 05:30:54', 'Y'),
(379, 8, 5, 789, '3146784', '3146784', '36120', '3147', 'CZK', '4', 88, 56, '2016-09-25 00:36:12', '2016-08-22 10:02:40', 88, '2016-10-26 18:28:19', 'Y'),
(381, 85, 6, 944, '19395644', '19395644', '66092', '19396', 'PL', '19', 57, 52, '2016-08-29 18:29:11', '2016-05-29 08:48:29', 78, '2017-04-04 20:42:47', 'Y'),
(383, 43, 5, 882, '67808159', '67808159', '37594', '67808', 'UAH', '76', 24, 16, '2016-06-08 09:16:16', '2017-03-31 12:57:47', 58, '2016-08-10 09:15:17', 'Y'),
(385, 11, 3, 867, '18075619', '18075619', '99705', '18076', 'CNY', '68', 40, 53, '2016-12-02 03:09:42', '2017-01-07 04:49:01', 15, '2017-04-03 22:52:34', 'Y'),
(386, 62, 1, 887, '29514834', '29514834', '43630', '29515', 'HTG', '52', 80, 17, '2016-07-19 23:43:13', '2016-10-08 10:17:01', 65, '2017-01-25 20:08:31', 'Y'),
(388, 20, 8, 1, '72902768', '72902768', '48670', '72903', 'MAD', '73', 57, 7, '2016-08-21 05:27:41', '2016-08-10 21:50:24', 85, '2016-05-05 15:55:27', 'Y'),
(389, 81, 2, 537, '89154490', '89154490', '49643', '89154', 'TND', '41', 6, 22, '2017-02-28 10:47:23', '2016-11-21 07:17:56', 30, '2016-08-14 00:42:10', 'Y'),
(390, 58, 1, 319, '79378325', '79378325', '60690', '79378', 'BRL', '44', 89, 69, '2017-03-29 11:03:00', '2016-06-13 01:15:11', 12, '2017-04-15 22:30:57', 'Y'),
(392, 31, 8, 230, '61904326', '61904326', '99850', '61904', 'CAD', '44', 90, 94, '2016-11-04 19:12:18', '2016-05-15 04:16:42', 12, '2016-10-05 23:38:04', 'Y'),
(393, 13, 8, 328, '77116637', '77116637', '54135', '77117', 'CNY', '29', 25, 56, '2017-04-14 08:06:23', '2016-09-05 20:05:54', 60, '2016-06-20 10:02:58', 'Y'),
(397, 80, 7, 405, '52499638', '52499638', '60620', '52500', 'CLP', '29', 4, 58, '2017-03-13 16:50:38', '2016-08-23 03:22:07', 76, '2016-07-16 07:59:53', 'Y'),
(399, 82, 1, 211, '16038198', '16038198', '49051', '16038', 'RUB', '18', 68, 55, '2016-11-25 10:22:04', '2016-04-25 02:44:08', 93, '2016-06-10 17:48:41', 'Y'),
(401, 56, 2, 16, '31082927', '31082927', '52042', '31083', 'PHP', '69', 62, 46, '2016-09-20 02:19:35', '2017-03-18 20:01:34', 43, '2016-11-02 10:47:15', 'Y'),
(403, 5, 4, 786, '7397175', '7397175', '20580', '7397', 'ZMW', '46', 57, 35, '2016-11-06 04:10:03', '2017-03-22 05:27:10', 4, '2016-09-19 15:22:21', 'Y'),
(404, 36, 2, 132, '10730221', '10730221', '4539', '10730', 'CAD', '49', 10, 45, '2017-04-02 11:33:54', '2016-10-07 09:15:15', 29, '2016-05-31 07:46:20', 'Y'),
(407, 24, 3, 627, '41969678', '41969678', '26152', '41970', 'CNY', '30', 23, 5, '2016-10-11 19:32:22', '2017-03-27 05:24:39', 100, '2016-06-18 22:54:14', 'Y'),
(410, 46, 2, 692, '95053418', '95053418', '11593', '95053', 'CNY', '78', 2, 24, '2016-12-16 11:22:08', '2016-11-10 11:03:16', 55, '2016-10-31 00:44:32', 'Y'),
(412, 27, 2, 941, '66012006', '66012006', '67469', '66012', 'CNY', '58', 85, 34, '2016-08-30 16:54:45', '2016-11-25 14:37:28', 4, '2016-10-11 23:03:11', 'Y'),
(414, 95, 8, 22, '91459185', '91459185', '47618', '91459', 'EUR', '33', 11, 82, '2016-06-22 01:09:35', '2016-08-01 08:53:06', 4, '2016-06-11 10:31:24', 'Y'),
(415, 17, 8, 119, '54885590', '54885590', '78415', '54886', 'EUR', '90', 84, 10, '2016-10-13 20:10:15', '2017-01-26 00:21:08', 73, '2016-06-12 05:01:59', 'Y'),
(416, 13, 5, 997, '83170171', '83170171', '23281', '83170', 'PHP', '20', 69, 60, '2017-03-16 19:11:29', '2016-09-12 15:22:29', 89, '2017-04-05 20:48:26', 'Y'),
(417, 91, 7, 80, '4227101', '4227101', '83215', '4227', 'LAK', '61', 3, 43, '2017-04-02 21:38:31', '2017-03-17 14:50:00', 34, '2016-05-09 01:12:45', 'Y'),
(419, 5, 8, 638, '30942160', '30942160', '90633', '30942', 'CNY', '8', 21, 83, '2016-09-21 08:22:00', '2016-06-09 20:02:56', 60, '2016-08-12 08:29:35', 'Y'),
(422, 99, 4, 758, '32251705', '32251705', '16203', '32252', 'CNY', '78', 13, 23, '2016-05-06 18:58:46', '2016-07-15 18:18:51', 37, '2017-03-26 01:09:23', 'Y'),
(424, 4, 7, 208, '4024519', '4024519', '40755', '4025', 'USD', '93', 95, 74, '2016-04-23 00:52:20', '2016-10-23 10:29:16', 91, '2017-01-25 10:05:00', 'Y'),
(425, 48, 1, 906, '13488845', '13488845', '56077', '13489', 'CNY', '79', 81, 58, '2016-06-01 00:41:12', '2017-02-10 00:40:50', 15, '2017-01-13 07:51:35', 'Y'),
(426, 14, 3, 912, '88739773', '88739773', '61356', '88740', 'AF', '36', 72, 44, '2016-10-08 16:18:59', '2016-08-29 08:46:35', 35, '2017-03-24 14:49:09', 'Y'),
(428, 36, 6, 928, '28529839', '28529839', '27222', '28530', 'PHP', '72', 32, 84, '2016-09-07 02:40:04', '2017-03-19 18:16:46', 15, '2016-08-19 05:39:21', 'Y'),
(429, 72, 1, 556, '74956714', '74956714', '10026', '74957', 'CNY', '24', 85, 83, '2016-10-09 19:29:36', '2016-11-11 01:51:30', 55, '2016-07-10 22:37:47', 'Y'),
(435, 46, 8, 460, '3236660', '3236660', '92096', '3237', 'EUR', '44', 17, 16, '2016-12-01 03:25:48', '2016-09-09 02:58:32', 79, '2017-02-28 15:51:36', 'Y'),
(436, 12, 5, 293, '34134593', '34134593', '28771', '34135', 'CNY', '13', 90, 13, '2017-01-14 18:49:17', '2017-01-26 14:56:52', 53, '2017-01-04 00:36:28', 'Y'),
(437, 30, 5, 377, '6734926', '6734926', '99256', '6735', 'AOA', '60', 51, 41, '2017-02-14 15:02:54', '2017-02-01 08:37:20', 15, '2016-09-19 03:22:51', 'Y'),
(447, 66, 1, 448, '53502449', '53502449', '5', '53502', 'ZMW', '33', 98, 8, '2017-02-02 19:12:09', '2016-10-31 01:49:21', 92, '2016-05-02 19:22:59', 'Y'),
(449, 12, 2, 372, '72497375', '72497375', '8885', '72497', 'SEK', '57', 50, 72, '2017-03-16 01:56:17', '2016-04-23 11:39:14', 94, '2016-07-21 14:56:18', 'Y'),
(453, 60, 2, 104, '3504927', '3504927', '9685', '3505', 'UAH', '67', 1, 39, '2016-04-21 11:30:33', '2017-01-01 20:14:02', 3, '2016-11-06 07:29:43', 'Y'),
(454, 33, 8, 131, '39114457', '39114457', '86940', '39114', 'EUR', '47', 12, 63, '2016-06-19 23:59:23', '2016-08-17 22:10:50', 85, '2017-03-27 16:48:59', 'Y'),
(456, 30, 6, 706, '99211921', '99211921', '63151', '99212', 'BRL', '48', 78, 43, '2016-04-24 08:30:04', '2016-10-26 02:55:23', 35, '2017-03-21 12:24:38', 'Y'),
(457, 12, 6, 933, '68266780', '68266780', '4111', '68267', 'CNY', '67', 55, 84, '2017-01-15 18:18:16', '2016-11-18 20:38:37', 59, '2016-04-19 00:52:52', 'Y'),
(458, 87, 8, 341, '82596640', '82596640', '16503', '82597', 'BRL', '78', 59, 38, '2016-10-14 11:24:00', '2017-04-05 17:32:02', 20, '2016-05-24 18:36:30', 'Y'),
(461, 30, 4, 814, '40400476', '40400476', '30494', '40400', 'CZK', '68', 42, 22, '2017-03-22 07:19:52', '2016-09-01 15:35:49', 88, '2016-04-17 12:48:36', 'Y'),
(462, 26, 4, 779, '2674189', '2674189', '72126', '2674', 'SEK', '69', 60, 28, '2017-02-22 23:01:07', '2017-03-25 01:22:14', 71, '2016-05-25 02:20:21', 'Y'),
(464, 61, 5, 858, '89034177', '89034177', '3616', '89034', 'PHP', '97', 26, 75, '2016-11-28 14:45:00', '2017-04-08 08:41:46', 88, '2017-02-23 00:01:03', 'Y'),
(465, 39, 6, 957, '11342315', '11342315', '45783', '11342', 'KZT', '43', 62, 70, '2017-03-14 21:46:34', '2016-07-14 11:17:59', 17, '2016-07-18 21:45:40', 'Y'),
(466, 85, 2, 789, '59009506', '59009506', '71233', '59010', 'BRL', '21', 14, 74, '2017-03-16 11:37:28', '2016-12-26 10:17:34', 42, '2016-05-13 04:57:59', 'Y'),
(473, 65, 4, 69, '29381188', '29381188', '24178', '29381', 'VEF', '17', 76, 91, '2016-12-05 23:07:13', '2017-01-03 00:18:54', 73, '2017-03-05 14:24:02', 'Y'),
(474, 5, 6, 574, '47964588', '47964588', '67281', '47965', 'EUR', '98', 53, 46, '2017-02-05 23:35:56', '2017-01-14 05:42:00', 71, '2017-03-02 15:02:09', 'Y'),
(475, 74, 8, 580, '49995903', '49995903', '35577', '49996', 'VND', '54', 78, 93, '2016-06-23 20:36:23', '2017-03-22 04:17:36', 20, '2017-01-09 18:13:36', 'Y'),
(476, 17, 8, 287, '80620743', '80620743', '49013', '80621', 'IDR', '47', 36, 56, '2016-11-22 18:10:50', '2017-03-05 14:25:07', 50, '2017-01-22 07:28:33', 'Y'),
(477, 51, 4, 204, '24993642', '24993642', '69449', '24994', 'COP', '5', 61, 76, '2017-04-14 17:49:13', '2016-09-15 01:07:23', 65, '2016-12-27 02:31:05', 'Y'),
(478, 21, 6, 368, '7051073', '7051073', '43915', '7051', 'KES', '91', 28, 69, '2016-09-25 23:52:48', '2016-12-29 10:00:08', 18, '2016-05-22 02:05:25', 'Y'),
(479, 91, 3, 405, '65311733', '65311733', '97200', '65312', 'EUR', '42', 92, 72, '2016-07-09 00:31:32', '2016-11-18 03:42:13', 31, '2016-09-21 15:30:16', 'Y'),
(480, 17, 1, 552, '66969853', '66969853', '30651', '66970', 'COP', '35', 55, 81, '2017-03-29 09:48:01', '2017-03-26 17:40:39', 45, '2017-01-07 16:05:42', 'Y'),
(481, 32, 4, 677, '1666450', '1666450', '91044', '1666', 'MKD', '68', 32, 73, '2017-02-28 17:08:24', '2016-08-30 09:27:54', 35, '2017-02-15 09:10:16', 'Y'),
(482, 43, 7, 852, '39206069', '39206069', '91413', '39206', 'CNY', '68', 26, 78, '2017-04-08 07:56:27', '2016-07-09 01:21:53', 45, '2017-02-25 19:18:17', 'Y'),
(483, 21, 5, 994, '66024395', '66024395', '75878', '66024', 'IDR', '91', 64, 18, '2016-07-15 03:12:06', '2016-08-04 07:07:30', 92, '2016-12-02 03:42:14', 'Y'),
(486, 86, 3, 306, '35827785', '35827785', '45635', '35828', 'SEK', '16', 22, 71, '2016-08-22 12:08:30', '2017-02-11 22:31:04', 32, '2017-04-09 12:09:50', 'Y'),
(488, 18, 8, 941, '34414792', '34414792', '22953', '34415', 'ZMW', '49', 55, 47, '2016-05-17 23:54:43', '2016-12-02 21:18:31', 17, '2016-07-29 04:03:20', 'Y'),
(493, 3, 1, 517, '95950991', '95950991', '8754', '95951', 'EUR', '75', 40, 29, '2016-09-26 06:42:11', '2016-11-29 20:48:12', 1, '2017-02-21 09:50:01', 'Y'),
(494, 69, 2, 1, '95657916', '95657916', '12547', '95658', 'SEK', '95', 28, 89, '2016-12-23 03:27:05', '2016-10-13 21:05:00', 12, '2017-04-15 04:45:25', 'Y'),
(497, 39, 8, 214, '42881935', '42881935', '40472', '42882', 'CNY', '30', 24, 26, '2017-03-06 18:33:34', '2016-09-14 11:02:04', 35, '2016-08-08 21:43:05', 'Y'),
(499, 100, 5, 49, '66412379', '66412379', '494', '66412', 'CNY', '66', 32, 60, '2016-10-23 22:10:00', '2016-08-15 06:18:48', 78, '2016-12-22 08:35:59', 'Y'),
(500, 95, 3, 520, '98669725', '98669725', '79045', '98670', 'RUB', '51', 59, 52, '2016-12-31 10:53:21', '2016-12-20 05:18:11', 52, '2016-12-07 03:43:57', 'Y'),
(501, 86, 5, 76, '65951918', '65951918', '77771', '65952', 'IQD', '15', 14, 69, '2016-08-22 08:35:57', '2017-03-08 07:04:11', 13, '2017-03-28 10:35:11', 'Y'),
(502, 33, 1, 413, '88088656', '88088656', '75156', '88089', 'BRL', '36', 85, 56, '2016-11-05 09:25:57', '2016-09-05 12:27:20', 100, '2016-09-24 04:58:42', 'Y'),
(504, 85, 5, 537, '20816409', '20816409', '92641', '20816', 'EUR', '67', 19, 67, '2017-02-08 01:19:57', '2016-04-21 07:05:57', 12, '2016-09-01 16:47:10', 'Y'),
(510, 47, 2, 999, '95711599', '95711599', '68449', '95712', 'EUR', '83', 25, 36, '2016-07-13 04:09:37', '2017-04-02 00:07:51', 44, '2016-10-17 20:55:57', 'Y'),
(514, 42, 7, 133, '69739456', '69739456', '47192', '69739', 'PL', '63', 92, 38, '2016-07-16 10:07:11', '2017-01-01 09:55:06', 95, '2016-12-25 06:38:06', 'Y'),
(515, 56, 8, 468, '2798496', '2798496', '75830', '2798', 'PE', '2', 67, 27, '2016-06-24 16:55:53', '2017-02-24 02:49:29', 85, '2017-01-07 07:52:07', 'Y'),
(516, 39, 4, 677, '71615212', '71615212', '78726', '71615', 'TND', '86', 69, 79, '2016-08-22 14:05:02', '2016-12-29 07:06:10', 41, '2016-08-05 15:47:05', 'Y'),
(517, 25, 4, 126, '56208845', '56208845', '32493', '56209', 'IDR', '98', 38, 6, '2016-09-15 18:46:17', '2016-06-12 20:48:40', 41, '2016-11-07 12:49:35', 'Y'),
(519, 50, 7, 819, '54461525', '54461525', '96827', '54462', 'PL', '100', 71, 77, '2017-04-02 12:56:24', '2017-02-01 21:06:53', 73, '2016-05-14 07:43:50', 'Y'),
(520, 93, 1, 530, '98566435', '98566435', '20980', '98566', 'KMF', '56', 79, 38, '2016-05-22 18:31:48', '2016-07-10 14:50:19', 14, '2017-04-14 05:27:05', 'Y'),
(522, 5, 3, 24, '75076867', '75076867', '57108', '75077', 'IDR', '71', 27, 13, '2016-09-08 15:12:40', '2016-05-26 04:54:12', 90, '2016-08-24 03:54:46', 'Y'),
(524, 32, 1, 131, '22592407', '22592407', '65978', '22592', 'EUR', '63', 17, 38, '2016-12-08 23:08:35', '2016-06-08 03:20:54', 51, '2016-09-10 14:50:30', 'Y'),
(525, 76, 3, 368, '20741915', '20741915', '78042', '20742', 'UAH', '48', 81, 39, '2016-04-22 16:10:00', '2016-09-23 01:36:47', 14, '2016-06-23 10:31:43', 'Y'),
(526, 78, 4, 250, '28777522', '28777522', '750', '28778', 'IDR', '45', 10, 13, '2017-02-03 18:59:13', '2016-10-03 21:33:35', 87, '2016-06-12 21:37:58', 'Y'),
(527, 87, 8, 181, '94545326', '94545326', '22145', '94545', 'CNY', '71', 64, 59, '2016-08-11 03:22:17', '2016-06-16 04:52:28', 5, '2017-01-19 07:47:56', 'Y'),
(529, 88, 2, 711, '36551461', '36551461', '57126', '36551', 'CNY', '51', 22, 72, '2016-07-05 10:14:26', '2017-02-25 14:34:16', 57, '2016-11-28 18:21:32', 'Y'),
(531, 61, 4, 692, '29386255', '29386255', '36198', '29386', 'CNY', '90', 68, 23, '2017-03-26 17:45:01', '2016-11-05 15:26:02', 93, '2017-01-21 01:13:59', 'Y'),
(533, 66, 2, 730, '35675195', '35675195', '45001', '35675', 'CZK', '87', 47, 78, '2016-12-20 20:09:24', '2016-11-15 17:30:49', 100, '2017-03-10 10:57:03', 'Y'),
(535, 21, 7, 257, '39007614', '39007614', '47148', '39008', 'EUR', '88', 21, 80, '2016-12-03 23:07:30', '2016-06-15 10:47:44', 24, '2016-05-21 06:14:29', 'Y'),
(538, 68, 6, 866, '3745539', '3745539', '83710', '3746', 'PL', '73', 47, 37, '2017-03-23 22:10:48', '2016-11-04 18:06:03', 58, '2016-09-26 03:15:42', 'Y'),
(539, 46, 1, 864, '26793811', '26793811', '7203', '26794', 'CUP', '4', 32, 41, '2017-04-10 21:34:37', '2017-02-07 18:58:30', 11, '2016-10-23 08:05:15', 'Y'),
(540, 28, 8, 610, '18302324', '18302324', '49068', '18302', 'CNY', '5', 89, 84, '2016-08-16 10:10:13', '2017-02-03 10:20:32', 4, '2016-05-27 06:23:52', 'Y'),
(542, 100, 8, 135, '95538431', '95538431', '72023', '95538', 'CNY', '5', 23, 25, '2016-10-26 16:31:03', '2016-12-17 23:44:50', 31, '2017-02-06 13:47:38', 'Y'),
(543, 35, 3, 638, '63902009', '63902009', '20914', '63902', 'CNY', '90', 67, 77, '2016-08-26 11:34:28', '2016-11-21 20:07:45', 6, '2017-01-26 03:47:29', 'Y'),
(544, 28, 8, 211, '6308048', '6308048', '87444', '6308', 'BRL', '47', 53, 64, '2016-05-17 11:59:24', '2016-12-12 22:27:35', 95, '2016-08-04 21:53:56', 'Y'),
(545, 93, 6, 164, '85383559', '85383559', '40954', '85384', 'USD', '3', 34, 67, '2016-07-31 16:32:52', '2016-12-26 00:45:27', 76, '2017-03-11 05:15:54', 'Y'),
(549, 11, 3, 460, '79722505', '79722505', '76698', '79723', 'IDR', '22', 84, 82, '2016-04-23 03:54:45', '2016-12-08 10:57:03', 62, '2016-05-17 18:10:29', 'Y'),
(552, 81, 7, 999, '25016508', '25016508', '18627', '25017', 'PHP', '45', 41, 67, '2016-06-20 02:12:35', '2017-03-07 13:15:18', 62, '2016-11-27 11:50:17', 'Y'),
(554, 29, 4, 64, '62831354', '62831354', '93844', '62831', 'EUR', '19', 66, 58, '2016-12-14 16:14:32', '2017-01-25 18:48:39', 35, '2016-07-09 23:56:40', 'Y'),
(555, 59, 4, 646, '64142255', '64142255', '78536', '64142', 'SEK', '9', 93, 13, '2016-08-02 17:48:40', '2016-08-30 09:56:22', 52, '2016-05-05 19:47:49', 'Y'),
(556, 53, 1, 612, '84228898', '84228898', '25825', '84229', 'JPY', '77', 27, 40, '2017-03-08 16:21:38', '2016-07-18 17:56:01', 91, '2016-05-31 00:36:25', 'Y'),
(557, 12, 2, 110, '95402020', '95402020', '52274', '95402', 'THB', '9', 47, 88, '2016-09-28 13:44:03', '2017-02-04 11:27:42', 88, '2016-05-01 09:49:22', 'Y'),
(559, 25, 5, 828, '315009', '315009', '92165', '315', 'KZT', '60', 33, 24, '2016-09-27 18:08:59', '2016-09-14 18:21:49', 79, '2016-12-18 03:38:46', 'Y'),
(561, 72, 2, 885, '43739222', '43739222', '66723', '43739', 'CNY', '81', 53, 70, '2016-10-11 20:47:19', '2016-07-22 15:20:20', 95, '2017-03-28 08:53:37', 'Y'),
(563, 79, 6, 309, '142185', '142185', '22256', '142', 'NPR', '3', 13, 52, '2016-08-02 17:25:35', '2016-04-24 14:56:03', 64, '2016-12-07 01:47:22', 'Y'),
(568, 58, 2, 813, '17809528', '17809528', '15872', '17810', 'IDR', '50', 28, 34, '2017-04-10 12:43:55', '2017-03-14 11:33:46', 25, '2016-10-19 20:40:15', 'Y'),
(570, 48, 4, 165, '5224902', '5224902', '33360', '5225', 'BRL', '89', 37, 26, '2017-04-09 21:12:01', '2016-05-07 10:29:55', 26, '2016-09-01 22:25:18', 'Y'),
(573, 47, 5, 513, '34582294', '34582294', '14533', '34582', 'EUR', '39', 54, 75, '2016-07-05 02:17:56', '2017-03-09 04:05:55', 35, '2017-02-13 04:05:14', 'Y'),
(574, 88, 1, 815, '23956098', '23956098', '91717', '23956', 'EUR', '90', 15, 96, '2016-08-27 11:29:45', '2017-03-18 00:19:54', 42, '2016-10-23 01:24:53', 'Y'),
(576, 42, 7, 635, '5449591', '5449591', '11503', '5450', 'UZS', '9', 28, 69, '2016-09-09 02:29:50', '2016-06-03 02:29:15', 68, '2016-04-30 10:17:33', 'Y'),
(579, 39, 3, 901, '19728621', '19728621', '23532', '19729', 'CNY', '35', 36, 98, '2016-10-09 12:53:54', '2016-06-30 03:24:06', 12, '2016-10-11 14:08:02', 'Y'),
(580, 39, 3, 164, '76711889', '76711889', '27726', '76712', 'BRL', '52', 28, 54, '2016-06-20 07:24:28', '2016-12-04 11:20:02', 37, '2017-01-08 08:44:13', 'Y'),
(584, 11, 1, 61, '13529940', '13529940', '38470', '13530', 'CNY', '12', 97, 52, '2016-08-16 09:56:55', '2016-04-28 22:58:12', 89, '2017-03-17 12:25:18', 'Y'),
(585, 91, 1, 49, '2169197', '2169197', '69747', '2169', 'CNY', '23', 40, 74, '2016-12-10 16:50:47', '2016-09-08 19:30:09', 34, '2016-10-30 21:28:47', 'Y'),
(586, 31, 6, 49, '99291945', '99291945', '73554', '99292', 'CUP', '64', 72, 70, '2017-02-22 17:05:51', '2016-06-26 04:05:22', 27, '2016-05-12 19:25:01', 'Y'),
(587, 3, 6, 271, '58111693', '58111693', '17931', '58112', 'GTQ', '87', 18, 8, '2016-10-20 03:52:36', '2017-01-31 12:13:10', 40, '2016-09-01 21:23:51', 'Y'),
(588, 74, 1, 275, '87086890', '87086890', '28420', '87087', 'SEK', '87', 64, 87, '2016-12-25 11:22:45', '2017-04-04 19:47:37', 27, '2016-09-18 20:03:24', 'Y'),
(589, 52, 8, 870, '64829267', '64829267', '90466', '64829', 'JPY', '7', 10, 24, '2016-05-23 06:30:33', '2017-01-23 21:53:54', 65, '2017-03-21 01:52:32', 'Y'),
(592, 46, 6, 261, '27364245', '27364245', '41939', '27364', 'SEK', '82', 17, 31, '2016-05-09 21:30:28', '2017-01-12 02:04:13', 72, '2016-05-07 13:10:24', 'Y'),
(593, 44, 7, 183, '46288667', '46288667', '3990', '46289', 'CNY', '12', 9, 95, '2016-09-08 07:56:36', '2016-11-19 05:04:45', 25, '2016-09-07 17:30:13', 'Y'),
(594, 71, 5, 161, '59100592', '59100592', '85488', '59101', 'PAB', '27', 68, 71, '2016-05-31 03:47:37', '2017-03-22 08:47:28', 10, '2016-10-30 10:12:34', 'Y'),
(597, 12, 3, 129, '92043003', '92043003', '53290', '92043', 'CNY', '20', 13, 17, '2016-05-19 03:37:22', '2016-12-30 15:29:56', 3, '2016-06-17 22:14:21', 'Y'),
(598, 60, 7, 674, '22022747', '22022747', '82066', '22023', 'SEK', '61', 67, 93, '2017-03-22 22:23:26', '2016-12-28 13:41:38', 57, '2016-08-19 20:14:05', 'Y'),
(599, 5, 7, 776, '65970212', '65970212', '46022', '65970', 'RUB', '90', 15, 10, '2016-10-18 15:09:59', '2017-04-15 17:50:10', 81, '2016-05-14 03:46:08', 'Y'),
(601, 87, 6, 527, '66409857', '66409857', '70135', '66410', 'IDR', '34', 13, 68, '2017-04-13 00:17:46', '2016-06-20 22:36:13', 75, '2016-10-25 23:22:28', 'Y'),
(602, 50, 5, 93, '73101805', '73101805', '54821', '73102', 'IDR', '27', 25, 67, '2016-09-14 01:19:54', '2016-12-25 19:33:06', 86, '2016-12-24 10:16:25', 'Y'),
(603, 79, 6, 723, '36575037', '36575037', '14509', '36575', 'ZAR', '100', 27, 27, '2016-09-04 07:30:42', '2016-11-24 14:19:52', 2, '2016-12-12 00:01:38', 'Y'),
(604, 1, 2, 488, '33410058', '33410058', '52539', '33410', 'CNY', '42', 6, 31, '2016-09-01 15:46:36', '2016-09-02 06:40:34', 69, '2017-01-19 22:49:15', 'Y'),
(605, 50, 4, 679, '83819698', '83819698', '29546', '83820', 'USD', '79', 6, 93, '2016-05-30 03:09:20', '2016-11-28 15:15:38', 74, '2017-01-06 07:07:18', 'Y'),
(606, 97, 2, 807, '14238880', '14238880', '28021', '14239', 'CNY', '44', 90, 48, '2016-10-28 20:12:51', '2016-06-17 08:36:01', 32, '2016-06-09 18:42:42', 'Y'),
(607, 11, 4, 395, '11512995', '11512995', '14269', '11513', 'HRK', '41', 78, 16, '2016-12-09 22:39:13', '2016-05-18 15:23:49', 49, '2017-03-18 16:42:31', 'Y'),
(615, 97, 5, 135, '2340194', '2340194', '27028', '2340', 'IDR', '20', 51, 98, '2017-03-12 05:16:21', '2016-08-27 22:28:55', 75, '2017-01-10 00:32:22', 'Y'),
(617, 84, 5, 103, '90559024', '90559024', '68810', '90559', 'IDR', '64', 85, 97, '2017-03-21 10:13:41', '2016-10-26 05:38:53', 69, '2016-06-11 01:07:45', 'Y');
INSERT INTO `transactions` (`idTRANSACTIONS`, `idBranch`, `idTRANSACTION_TYPES`, `idACCOUNT`, `Entered_amount`, `Accounted_amount`, `Fee_amount`, `Tax_amount`, `Currentcy_code`, `Exchange_rate`, `Created_by`, `Last_update_by`, `Created_date`, `Last_update_date`, `Approver_by`, `Approver_date`, `Status`) VALUES
(618, 42, 6, 613, '58761738', '58761738', '38601', '58762', 'CNY', '77', 60, 93, '2016-06-28 03:38:52', '2016-05-15 05:40:59', 88, '2016-12-28 04:58:04', 'Y'),
(619, 73, 3, 781, '50585615', '50585615', '61116', '50586', 'PE', '79', 10, 87, '2016-11-26 09:18:06', '2016-08-20 06:19:16', 90, '2017-01-14 00:37:38', 'Y'),
(621, 68, 6, 758, '94408450', '94408450', '10343', '94408', 'CNY', '77', 37, 5, '2016-06-24 13:45:14', '2016-06-18 03:12:00', 89, '2017-03-18 02:13:19', 'Y'),
(622, 100, 3, 287, '56506777', '56506777', '70616', '56507', 'PYG', '2', 17, 100, '2016-05-09 21:12:56', '2016-11-14 22:16:41', 9, '2017-03-12 23:27:46', 'Y'),
(626, 83, 7, 804, '10578330', '10578330', '81372', '10578', 'UAH', '33', 68, 29, '2016-07-09 15:12:33', '2016-08-26 22:33:57', 1, '2016-10-15 15:00:08', 'Y'),
(627, 41, 8, 253, '43933646', '43933646', '17819', '43934', 'BRL', '100', 86, 41, '2016-09-17 15:17:41', '2016-10-01 19:54:15', 52, '2016-09-10 01:56:19', 'Y'),
(630, 77, 4, 209, '42053649', '42053649', '93905', '42054', 'MRO', '80', 56, 50, '2016-07-24 20:49:40', '2016-09-25 07:15:58', 51, '2016-08-01 18:21:44', 'Y'),
(631, 86, 1, 843, '26560122', '26560122', '55594', '26560', 'IDR', '82', 41, 21, '2017-01-30 13:31:33', '2016-06-29 09:40:11', 91, '2016-10-06 14:41:36', 'Y'),
(632, 6, 7, 836, '51962429', '51962429', '51328', '51962', 'EUR', '7', 97, 67, '2016-06-12 02:07:02', '2016-12-25 19:04:28', 97, '2016-07-15 04:16:51', 'Y'),
(633, 77, 4, 319, '30072037', '30072037', '14031', '30072', 'RSD', '19', 41, 70, '2016-05-20 01:00:10', '2016-11-28 19:51:53', 81, '2017-02-01 13:20:44', 'Y'),
(635, 61, 1, 486, '3967664', '3967664', '44775', '3968', 'BRL', '40', 27, 70, '2017-03-14 14:57:30', '2017-01-25 14:41:09', 52, '2017-02-15 20:28:21', 'Y'),
(637, 72, 4, 553, '37091847', '37091847', '2637', '37092', 'CNY', '23', 20, 88, '2016-06-23 01:26:11', '2017-03-04 10:48:19', 4, '2016-05-16 22:33:33', 'Y'),
(639, 80, 5, 439, '31627779', '31627779', '58951', '31628', 'EUR', '3', 66, 64, '2016-11-14 11:01:42', '2016-07-19 09:13:57', 99, '2016-06-22 06:04:09', 'Y'),
(640, 16, 2, 636, '50661549', '50661549', '62003', '50662', 'PHP', '79', 94, 27, '2016-06-02 04:39:24', '2016-07-20 08:02:05', 81, '2016-08-22 22:53:57', 'Y'),
(643, 50, 4, 796, '6012526', '6012526', '91985', '6013', 'SEK', '48', 70, 49, '2016-08-13 03:36:28', '2016-12-05 03:10:30', 2, '2017-02-15 11:12:23', 'Y'),
(645, 47, 8, 172, '77230937', '77230937', '82053', '77231', 'JPY', '35', 99, 11, '2016-11-19 22:29:11', '2016-12-13 02:34:54', 90, '2016-09-27 04:47:58', 'Y'),
(650, 58, 2, 731, '95281914', '95281914', '6807', '95282', 'MAD', '46', 92, 27, '2016-10-06 11:51:14', '2017-03-10 12:42:17', 50, '2016-04-30 08:09:46', 'Y'),
(654, 8, 6, 888, '56786246', '56786246', '72555', '56786', 'COP', '10', 57, 90, '2017-01-17 13:34:00', '2016-06-26 11:35:17', 21, '2017-03-09 11:21:59', 'Y'),
(655, 85, 2, 732, '65149359', '65149359', '47167', '65149', 'BRL', '55', 81, 69, '2017-02-18 00:09:47', '2016-04-20 01:26:49', 52, '2017-02-07 10:44:31', 'Y'),
(658, 72, 2, 362, '95127410', '95127410', '56618', '95127', 'BRL', '27', 40, 74, '2017-02-10 03:29:11', '2016-11-04 13:35:47', 99, '2016-06-08 07:06:42', 'Y'),
(659, 52, 7, 640, '7464563', '7464563', '6484', '7465', 'CNY', '24', 52, 9, '2016-12-14 18:43:01', '2016-11-13 22:36:14', 59, '2016-11-10 06:16:27', 'Y'),
(660, 3, 1, 659, '84701445', '84701445', '31203', '84701', 'PHP', '93', 88, 52, '2017-03-06 20:45:31', '2016-06-07 05:03:24', 7, '2016-06-26 11:26:54', 'Y'),
(661, 9, 8, 994, '45459270', '45459270', '70787', '45459', 'EUR', '85', 97, 27, '2017-01-29 06:25:41', '2016-08-12 18:19:04', 56, '2016-08-28 00:53:56', 'Y'),
(662, 26, 4, 289, '55560248', '55560248', '62911', '55560', 'EUR', '8', 73, 21, '2016-09-16 13:33:54', '2016-09-11 18:28:23', 91, '2016-07-14 04:59:12', 'Y'),
(663, 14, 7, 789, '37769213', '37769213', '40628', '37769', 'HNL', '98', 100, 71, '2017-01-27 10:47:13', '2016-06-25 11:07:13', 70, '2016-08-29 02:52:47', 'Y'),
(668, 6, 5, 435, '39605624', '39605624', '80476', '39606', 'BT', '63', 55, 69, '2016-05-31 17:30:17', '2017-01-07 11:12:11', 16, '2016-11-19 01:39:13', 'Y'),
(669, 95, 3, 640, '11211234', '11211234', '97132', '11211', 'CNY', '46', 6, 43, '2016-06-06 15:27:36', '2016-08-18 13:05:18', 9, '2017-03-12 08:58:15', 'Y'),
(670, 38, 7, 581, '98968128', '98968128', '65992', '98968', 'USD', '17', 55, 66, '2016-07-05 18:15:55', '2016-11-22 00:17:28', 82, '2016-10-10 17:30:55', 'Y'),
(671, 71, 2, 473, '58897945', '58897945', '45000', '58898', 'IDR', '82', 30, 76, '2016-11-13 19:57:12', '2016-04-25 23:22:40', 25, '2016-12-22 05:02:19', 'Y'),
(673, 24, 1, 980, '41257899', '41257899', '45685', '41258', 'CNY', '66', 91, 40, '2017-01-29 03:00:34', '2017-04-12 23:29:57', 33, '2016-12-24 05:16:26', 'Y'),
(676, 1, 5, 190, '23728652', '23728652', '921', '23729', 'CZK', '17', 97, 40, '2016-11-23 21:50:23', '2016-12-09 08:32:09', 88, '2016-12-18 21:15:59', 'Y'),
(677, 99, 4, 454, '66662152', '66662152', '81098', '66662', 'KZT', '90', 61, 35, '2017-02-10 15:22:24', '2016-12-01 13:01:19', 9, '2016-05-27 06:01:52', 'Y'),
(679, 69, 1, 191, '58256204', '58256204', '45947', '58256', 'YER', '34', 43, 10, '2016-04-23 09:29:57', '2016-09-06 21:56:15', 59, '2016-10-28 16:16:37', 'Y'),
(683, 14, 8, 158, '17998042', '17998042', '5469', '17998', 'USD', '71', 57, 42, '2016-09-16 01:57:55', '2016-05-22 17:45:45', 31, '2016-10-14 07:59:16', 'Y'),
(685, 53, 8, 656, '77536176', '77536176', '70631', '77536', 'CNY', '60', 2, 39, '2017-04-06 12:22:18', '2016-11-15 14:35:41', 44, '2016-06-20 15:06:06', 'Y'),
(686, 97, 2, 707, '51888796', '51888796', '40760', '51889', 'EUR', '11', 76, 52, '2016-05-12 03:24:32', '2017-02-18 01:44:02', 95, '2016-07-30 19:52:05', 'Y'),
(692, 52, 7, 898, '65808910', '65808910', '17489', '65809', 'USD', '62', 57, 11, '2016-08-14 15:02:31', '2016-10-23 19:26:18', 100, '2016-08-23 01:39:02', 'Y'),
(694, 34, 7, 238, '79122573', '79122573', '9436', '79123', 'CNY', '9', 92, 93, '2016-09-25 08:46:36', '2016-10-16 07:02:52', 23, '2016-09-22 01:36:14', 'Y'),
(696, 65, 2, 509, '60316233', '60316233', '5998', '60316', 'ALL', '62', 11, 97, '2016-07-21 17:25:08', '2016-05-17 04:16:24', 49, '2017-03-16 04:03:20', 'Y'),
(698, 45, 1, 781, '27942754', '27942754', '75591', '27943', 'CNY', '42', 91, 89, '2017-01-17 14:52:36', '2016-07-17 00:57:53', 38, '2016-11-06 05:02:04', 'Y'),
(699, 47, 2, 659, '92902370', '92902370', '47668', '92902', 'IDR', '33', 39, 86, '2017-03-22 09:13:29', '2016-09-18 09:31:19', 79, '2017-01-20 04:50:43', 'Y'),
(700, 94, 4, 93, '87002028', '87002028', '3412', '87002', 'PHP', '75', 92, 100, '2016-08-29 22:10:21', '2017-04-03 00:10:33', 77, '2016-05-11 04:13:57', 'Y'),
(702, 50, 6, 592, '14161552', '14161552', '89746', '14162', 'JMD', '17', 73, 96, '2016-11-09 18:12:46', '2016-09-25 12:40:59', 88, '2016-09-01 11:40:23', 'Y'),
(703, 93, 7, 973, '46665209', '46665209', '20148', '46665', 'RUB', '5', 44, 80, '2016-06-13 22:32:47', '2016-07-21 16:18:42', 24, '2016-07-04 07:03:54', 'Y'),
(706, 62, 5, 813, '43011604', '43011604', '43076', '43012', 'JPY', '96', 90, 52, '2017-01-25 05:40:59', '2016-07-29 23:33:21', 19, '2017-02-07 11:19:12', 'Y'),
(710, 94, 7, 439, '6065483', '6065483', '28414', '6065', 'CZK', '14', 59, 7, '2017-02-03 01:54:42', '2016-06-19 02:42:39', 96, '2017-01-20 18:51:11', 'Y'),
(713, 68, 2, 863, '9226053', '9226053', '219', '9226', 'THB', '38', 83, 61, '2016-11-14 20:33:43', '2016-04-17 13:31:16', 74, '2016-10-10 06:59:26', 'Y'),
(714, 38, 5, 51, '6716759', '6716759', '64146', '6717', 'EUR', '97', 68, 87, '2016-11-28 13:09:09', '2017-02-01 22:48:30', 4, '2017-01-19 21:53:30', 'Y'),
(715, 48, 1, 516, '8901801', '8901801', '2583', '8902', 'HRK', '86', 92, 70, '2016-10-03 05:31:07', '2016-06-17 04:42:33', 71, '2016-12-16 03:53:45', 'Y'),
(716, 12, 4, 727, '26977872', '26977872', '39115', '26978', 'CNY', '17', 55, 82, '2016-08-26 20:19:21', '2016-04-22 12:26:13', 49, '2016-12-19 13:35:10', 'Y'),
(719, 81, 2, 43, '18432469', '18432469', '82512', '18432', 'RUB', '29', 41, 50, '2016-12-19 21:52:20', '2016-11-22 05:17:05', 72, '2016-09-15 21:38:00', 'Y'),
(721, 87, 6, 955, '80443238', '80443238', '44791', '80443', 'BG', '74', 31, 16, '2017-02-06 07:49:39', '2016-08-08 15:14:15', 60, '2016-07-02 00:34:25', 'Y'),
(722, 67, 6, 652, '73740366', '73740366', '43481', '73740', 'IDR', '93', 92, 52, '2016-05-08 17:52:07', '2016-11-21 12:36:26', 87, '2016-04-29 16:29:52', 'Y'),
(724, 80, 4, 844, '2674269', '2674269', '32352', '2674', 'PHP', '100', 24, 33, '2016-07-18 07:19:24', '2016-05-01 15:56:51', 71, '2016-09-11 21:52:53', 'Y'),
(726, 37, 6, 907, '91319881', '91319881', '10230', '91320', 'BRL', '49', 76, 95, '2016-12-11 10:55:26', '2017-02-20 08:13:14', 31, '2016-06-25 11:37:20', 'Y'),
(727, 90, 1, 942, '75592429', '75592429', '10722', '75592', 'SEK', '93', 10, 53, '2016-12-06 13:24:53', '2017-02-08 12:05:01', 75, '2016-07-01 01:36:37', 'Y'),
(729, 28, 2, 570, '39997145', '39997145', '79036', '39997', 'COP', '74', 10, 66, '2016-06-15 19:02:14', '2016-09-26 05:26:07', 61, '2016-04-25 19:26:30', 'Y'),
(735, 54, 6, 446, '44893640', '44893640', '60275', '44894', 'USD', '8', 10, 88, '2016-07-12 04:13:32', '2017-03-07 16:55:46', 63, '2017-03-08 10:51:08', 'Y'),
(737, 31, 5, 711, '90088274', '90088274', '5979', '90088', 'CNY', '2', 15, 90, '2016-08-23 02:32:15', '2016-11-04 21:29:19', 54, '2017-03-11 10:20:34', 'Y'),
(738, 27, 6, 4, '94588025', '94588025', '59826', '94588', 'ILS', '82', 42, 15, '2016-07-14 07:56:17', '2016-11-13 12:31:44', 93, '2016-12-20 18:06:26', 'Y'),
(741, 55, 6, 662, '92027498', '92027498', '28710', '92027', 'THB', '48', 47, 23, '2016-05-28 19:46:48', '2017-03-03 13:04:53', 7, '2016-05-05 07:32:06', 'Y'),
(743, 26, 6, 61, '94866112', '94866112', '50533', '94866', 'ZAR', '88', 95, 44, '2017-04-13 22:11:22', '2017-04-13 03:47:21', 42, '2017-02-02 02:14:40', 'Y'),
(746, 98, 4, 678, '51278676', '51278676', '49336', '51279', 'AZ', '15', 77, 83, '2016-10-18 17:04:06', '2017-03-08 20:31:33', 71, '2016-05-27 01:17:26', 'Y'),
(747, 50, 4, 177, '78282893', '78282893', '92927', '78283', 'IDR', '23', 59, 75, '2017-03-13 19:44:38', '2016-09-17 02:23:57', 21, '2017-04-16 07:09:33', 'Y'),
(749, 75, 7, 61, '74758149', '74758149', '5163', '74758', 'AMD', '31', 31, 98, '2016-11-01 04:47:43', '2017-03-10 16:49:37', 17, '2016-12-11 05:12:25', 'Y'),
(751, 63, 8, 796, '6237301', '6237301', '84308', '6237', 'MX', '37', 19, 47, '2016-06-21 00:04:07', '2017-03-15 18:17:06', 10, '2016-10-22 22:53:14', 'Y'),
(752, 60, 7, 546, '8800564', '8800564', '64897', '8801', 'VEF', '38', 62, 2, '2016-08-11 11:23:14', '2016-09-17 17:11:35', 33, '2016-10-06 10:18:14', 'Y'),
(754, 13, 6, 377, '1150968', '1150968', '3716', '1151', 'CNY', '15', 28, 90, '2016-05-17 11:36:49', '2017-02-27 08:10:43', 96, '2016-06-28 09:42:51', 'Y'),
(756, 79, 3, 66, '30510708', '30510708', '97087', '30511', 'TZS', '61', 16, 88, '2017-03-02 00:21:55', '2017-03-02 12:07:46', 87, '2016-12-15 13:45:51', 'Y'),
(757, 58, 8, 650, '15255137', '15255137', '23119', '15255', 'CNY', '7', 32, 14, '2017-02-12 22:21:12', '2016-12-29 02:33:31', 8, '2016-11-21 17:21:12', 'Y'),
(758, 13, 5, 380, '31715913', '31715913', '73015', '31716', 'BAM', '62', 46, 83, '2016-08-12 19:12:04', '2016-12-22 07:24:37', 74, '2017-02-04 16:30:59', 'Y'),
(763, 56, 2, 474, '44846665', '44846665', '51830', '44847', 'AF', '3', 94, 53, '2016-05-23 07:38:36', '2016-10-09 05:16:19', 35, '2017-02-10 00:27:40', 'Y'),
(764, 14, 6, 253, '64782527', '64782527', '96971', '64783', 'PHP', '3', 58, 15, '2017-01-13 08:43:55', '2017-04-01 00:14:40', 16, '2016-06-15 18:25:53', 'Y'),
(766, 43, 2, 770, '89562800', '89562800', '48584', '89563', 'IDR', '16', 18, 11, '2017-01-24 06:26:44', '2016-06-02 18:10:05', 52, '2016-09-03 05:25:59', 'Y'),
(767, 8, 2, 870, '35373941', '35373941', '18440', '35374', 'JPY', '65', 7, 64, '2017-02-15 23:50:31', '2016-04-21 19:31:04', 85, '2017-02-02 04:28:05', 'Y'),
(769, 36, 7, 520, '55537055', '55537055', '71174', '55537', 'CNY', '46', 19, 58, '2017-01-28 19:41:54', '2016-11-11 16:11:55', 7, '2016-07-28 21:07:38', 'Y'),
(770, 61, 6, 573, '78378591', '78378591', '63166', '78379', 'IDR', '9', 37, 26, '2017-01-11 14:08:58', '2017-03-06 04:46:46', 56, '2016-10-12 22:22:33', 'Y'),
(771, 88, 3, 38, '51827701', '51827701', '70729', '51828', 'PE', '99', 91, 59, '2017-02-10 17:07:23', '2017-01-24 22:05:53', 21, '2016-05-30 05:48:41', 'Y'),
(773, 9, 4, 377, '39734784', '39734784', '15700', '39735', 'UAH', '68', 6, 59, '2016-05-02 05:14:05', '2016-12-16 11:50:40', 46, '2016-05-07 20:16:50', 'Y'),
(774, 43, 6, 536, '71126092', '71126092', '50476', '71126', 'MMK', '47', 9, 65, '2016-10-05 01:45:25', '2017-01-23 01:59:02', 22, '2016-05-16 19:06:41', 'Y'),
(776, 73, 7, 898, '4964952', '4964952', '61217', '4965', 'PHP', '24', 36, 21, '2016-07-28 02:06:06', '2016-10-06 19:53:13', 44, '2017-03-13 14:10:19', 'Y'),
(780, 54, 4, 45, '58935867', '58935867', '68515', '58936', 'EUR', '4', 31, 9, '2016-10-16 10:19:44', '2017-04-15 20:14:01', 74, '2016-11-23 16:16:56', 'Y'),
(782, 90, 8, 171, '2274341', '2274341', '67487', '2274', 'RUB', '32', 93, 58, '2016-05-06 14:13:48', '2016-09-24 23:47:47', 75, '2016-04-25 02:34:45', 'Y'),
(784, 18, 6, 133, '85451105', '85451105', '44276', '85451', 'SEK', '40', 49, 87, '2016-08-14 10:25:41', '2017-03-25 20:49:52', 88, '2016-05-12 19:57:03', 'Y'),
(788, 57, 1, 791, '62347299', '62347299', '66670', '62347', 'CNY', '44', 71, 81, '2016-12-25 23:21:53', '2017-03-27 03:48:08', 54, '2016-08-21 14:13:58', 'Y'),
(792, 55, 1, 168, '91900346', '91900346', '93987', '91900', 'CNY', '39', 2, 23, '2017-03-20 00:32:20', '2017-04-09 15:13:38', 56, '2016-05-19 08:10:49', 'Y'),
(794, 87, 7, 567, '71501437', '71501437', '53864', '71501', 'IDR', '43', 69, 11, '2017-04-16 23:09:33', '2017-02-05 06:48:01', 79, '2016-11-18 19:02:38', 'Y'),
(795, 57, 6, 214, '80045658', '80045658', '54951', '80046', 'CNY', '77', 48, 6, '2016-05-12 10:28:21', '2016-06-02 18:07:20', 100, '2016-11-08 14:48:35', 'Y'),
(796, 64, 4, 80, '69828137', '69828137', '50282', '69828', 'BRL', '79', 65, 28, '2017-03-12 21:32:49', '2016-09-04 06:45:26', 12, '2016-10-31 02:59:25', 'Y'),
(797, 49, 7, 895, '68834403', '68834403', '63074', '68834', 'CNY', '14', 96, 40, '2016-05-14 10:38:51', '2017-03-29 12:29:08', 1, '2016-05-21 14:57:48', 'Y'),
(798, 47, 6, 314, '28819557', '28819557', '3245', '28820', 'CUP', '4', 96, 64, '2016-09-23 16:30:15', '2016-12-22 11:35:00', 13, '2017-04-15 02:29:52', 'Y'),
(799, 7, 6, 25, '78989872', '78989872', '5656', '78990', 'CNY', '98', 93, 77, '2017-04-03 21:39:27', '2017-03-29 10:11:30', 84, '2016-08-26 00:07:07', 'Y'),
(801, 50, 6, 70, '64153985', '64153985', '26559', '64154', 'CNY', '46', 6, 42, '2017-02-14 04:03:32', '2016-04-30 15:08:48', 75, '2017-03-28 06:58:52', 'Y'),
(802, 17, 3, 807, '45389334', '45389334', '26770', '45389', 'PHP', '7', 2, 81, '2017-03-02 09:06:53', '2016-04-25 09:02:45', 23, '2017-03-19 01:36:56', 'Y'),
(804, 75, 5, 513, '52534858', '52534858', '62070', '52535', 'PL', '45', 87, 95, '2017-02-11 17:45:45', '2016-11-20 01:43:08', 15, '2017-02-02 04:30:51', 'Y'),
(805, 18, 2, 472, '43953944', '43953944', '79242', '43954', 'CNY', '35', 36, 69, '2017-02-14 20:47:58', '2016-11-01 05:17:50', 46, '2016-12-16 22:18:47', 'Y'),
(806, 81, 5, 928, '27122834', '27122834', '17821', '27123', 'CZK', '92', 16, 94, '2016-09-18 19:28:10', '2016-07-16 04:54:00', 83, '2017-03-06 08:04:29', 'Y'),
(807, 48, 8, 850, '22725152', '22725152', '66082', '22725', 'PHP', '20', 31, 91, '2016-10-20 07:59:58', '2016-09-07 10:37:09', 22, '2016-12-03 02:14:14', 'Y'),
(809, 46, 8, 160, '25475117', '25475117', '81382', '25475', 'COP', '73', 67, 1, '2017-02-28 23:15:29', '2016-07-26 07:14:28', 36, '2016-07-20 00:50:00', 'Y'),
(810, 62, 6, 45, '23962520', '23962520', '16506', '23963', 'JPY', '89', 43, 66, '2016-08-01 09:18:14', '2016-07-31 11:18:06', 18, '2016-09-11 16:11:05', 'Y'),
(812, 51, 7, 916, '53426062', '53426062', '22671', '53426', 'NOK', '20', 50, 6, '2016-05-11 16:31:00', '2017-04-12 23:08:18', 63, '2016-08-03 12:49:50', 'Y'),
(813, 95, 2, 443, '42169747', '42169747', '34237', '42170', 'PL', '84', 40, 71, '2017-02-03 02:27:21', '2017-02-20 20:37:46', 18, '2016-09-12 18:20:09', 'Y'),
(817, 88, 7, 906, '77193255', '77193255', '76734', '77193', 'PHP', '97', 54, 72, '2017-01-30 15:58:40', '2016-07-10 02:23:53', 40, '2016-12-16 12:08:01', 'Y'),
(818, 9, 5, 676, '12254723', '12254723', '40454', '12255', 'THB', '38', 35, 41, '2016-10-01 19:32:45', '2017-03-30 12:24:50', 34, '2017-04-03 00:44:32', 'Y'),
(821, 60, 3, 752, '48615521', '48615521', '93833', '48616', 'HNL', '34', 55, 19, '2016-04-27 21:45:17', '2016-09-09 21:44:28', 93, '2016-12-27 16:20:47', 'Y'),
(823, 39, 1, 207, '50559659', '50559659', '87898', '50560', 'IDR', '68', 15, 50, '2016-07-07 11:33:08', '2016-12-09 21:24:38', 91, '2016-10-23 07:14:24', 'Y'),
(825, 62, 6, 472, '24107604', '24107604', '37937', '24108', 'NG', '81', 55, 26, '2016-12-03 08:09:43', '2016-11-06 07:00:03', 64, '2016-09-08 18:02:58', 'Y'),
(826, 81, 1, 812, '26434101', '26434101', '2303', '26434', 'USD', '44', 65, 33, '2017-01-11 19:33:24', '2016-06-19 23:55:32', 73, '2017-02-22 08:41:29', 'Y'),
(828, 63, 4, 708, '68950537', '68950537', '19531', '68951', 'CNY', '22', 91, 26, '2016-11-06 09:48:19', '2016-05-31 06:56:44', 62, '2016-06-09 06:54:22', 'Y'),
(829, 9, 8, 789, '9579551', '9579551', '9762', '9580', 'MDL', '93', 59, 17, '2016-11-28 09:09:42', '2016-05-21 12:16:34', 65, '2016-05-17 21:25:12', 'Y'),
(831, 48, 5, 536, '81445011', '81445011', '1896', '81445', 'HUF', '43', 11, 45, '2016-10-11 09:16:07', '2016-07-29 05:09:46', 31, '2017-04-09 16:15:31', 'Y'),
(832, 30, 6, 272, '47442809', '47442809', '78131', '47443', 'IDR', '68', 55, 37, '2016-08-21 16:15:10', '2016-10-18 17:10:05', 16, '2016-12-16 10:59:12', 'Y'),
(834, 94, 2, 445, '43730341', '43730341', '90220', '43730', 'XOF', '77', 74, 39, '2016-08-11 07:44:56', '2016-05-08 01:34:43', 82, '2016-11-07 01:43:35', 'Y'),
(837, 13, 3, 435, '65428584', '65428584', '31911', '65429', 'VND', '61', 100, 77, '2017-01-24 23:22:53', '2016-10-18 16:22:19', 80, '2016-09-03 07:28:46', 'Y'),
(840, 32, 4, 308, '76492787', '76492787', '29432', '76493', 'EUR', '25', 33, 32, '2017-02-23 04:35:32', '2016-10-08 05:29:09', 22, '2016-06-09 13:30:57', 'Y'),
(842, 53, 3, 736, '42489943', '42489943', '94675', '42490', 'EUR', '28', 37, 99, '2016-06-13 20:15:25', '2016-09-20 04:28:22', 1, '2016-10-27 20:52:38', 'Y'),
(844, 86, 4, 820, '25244282', '25244282', '82074', '25244', 'PL', '2', 70, 83, '2017-03-13 19:06:41', '2017-03-03 09:19:50', 26, '2016-09-02 21:05:06', 'Y'),
(845, 68, 8, 761, '39469151', '39469151', '17274', '39469', 'CNY', '97', 36, 96, '2016-08-22 15:23:00', '2017-02-12 15:05:46', 27, '2016-05-02 20:41:14', 'Y'),
(848, 10, 6, 950, '25052568', '25052568', '62325', '25053', 'RUB', '75', 78, 78, '2016-06-20 05:11:39', '2017-03-01 21:54:19', 5, '2016-08-23 20:10:51', 'Y'),
(853, 27, 1, 942, '68353592', '68353592', '48256', '68354', 'PE', '45', 26, 20, '2017-03-03 07:32:54', '2016-08-15 07:41:32', 90, '2016-09-24 02:48:17', 'Y'),
(855, 58, 5, 436, '85818932', '85818932', '83241', '85819', 'CZK', '72', 11, 70, '2016-08-16 13:56:20', '2016-05-20 05:47:44', 93, '2016-11-04 11:50:06', 'Y'),
(859, 46, 4, 460, '28932547', '28932547', '25729', '28933', 'SEK', '86', 45, 40, '2016-12-19 12:51:37', '2016-12-23 22:05:38', 28, '2016-06-09 13:44:50', 'Y'),
(860, 66, 5, 368, '85511829', '85511829', '1456', '85512', 'PL', '60', 57, 16, '2016-08-19 17:15:15', '2016-10-02 21:01:52', 47, '2016-06-14 22:46:38', 'Y'),
(861, 65, 8, 265, '37621808', '37621808', '33988', '37622', 'OMR', '17', 78, 16, '2016-07-04 19:49:12', '2016-06-21 10:58:45', 83, '2017-01-06 23:29:37', 'Y'),
(863, 10, 5, 806, '2839030', '2839030', '79725', '2839', 'CZK', '80', 6, 5, '2017-04-04 04:58:22', '2016-12-31 17:01:46', 98, '2017-03-29 20:10:54', 'Y'),
(864, 87, 4, 34, '40197201', '40197201', '1033', '40197', 'THB', '51', 46, 85, '2017-02-17 21:33:59', '2016-12-22 00:22:49', 60, '2016-11-22 06:49:02', 'Y'),
(865, 96, 6, 677, '99242484', '99242484', '91483', '99242', 'CNY', '20', 16, 55, '2016-10-21 15:07:38', '2017-03-27 04:48:54', 79, '2016-08-13 16:44:41', 'Y'),
(868, 77, 3, 149, '91460170', '91460170', '70819', '91460', 'SEK', '74', 93, 85, '2016-07-16 21:09:40', '2017-01-09 15:52:09', 91, '2017-01-18 17:59:36', 'Y'),
(869, 59, 7, 981, '13306076', '13306076', '34881', '13306', 'ARS', '81', 10, 77, '2016-06-17 05:46:09', '2016-12-07 21:34:05', 62, '2017-02-18 00:02:00', 'Y'),
(871, 34, 7, 407, '15636668', '15636668', '71999', '15637', 'CNY', '41', 6, 14, '2016-06-03 19:25:53', '2016-10-11 04:26:38', 42, '2017-04-02 22:33:56', 'Y'),
(877, 16, 6, 219, '47312699', '47312699', '47881', '47313', 'CUP', '11', 22, 22, '2017-04-02 04:30:54', '2016-08-23 13:53:26', 77, '2016-05-23 19:02:01', 'Y'),
(880, 78, 5, 992, '52911561', '52911561', '16957', '52912', 'CNY', '10', 31, 56, '2016-08-30 21:41:27', '2016-08-07 21:14:19', 20, '2016-05-20 19:52:18', 'Y'),
(881, 44, 3, 858, '91431493', '91431493', '94022', '91431', 'AF', '19', 35, 61, '2016-05-17 08:31:34', '2016-06-27 16:16:16', 92, '2016-11-27 15:24:26', 'Y'),
(882, 42, 8, 373, '64466790', '64466790', '15382', '64467', 'CZK', '78', 66, 16, '2016-10-07 22:09:42', '2016-09-01 14:31:03', 87, '2017-02-03 23:36:50', 'Y'),
(886, 72, 4, 966, '88749642', '88749642', '2703', '88750', 'AF', '25', 28, 18, '2017-03-31 18:03:26', '2016-12-22 12:12:53', 50, '2016-11-19 10:50:30', 'Y'),
(887, 49, 8, 713, '65622499', '65622499', '27659', '65622', 'EUR', '49', 55, 69, '2016-04-26 04:14:24', '2017-02-19 12:59:18', 17, '2016-05-08 22:38:53', 'Y'),
(888, 6, 2, 806, '67378741', '67378741', '48378', '67379', 'IDR', '12', 46, 93, '2016-09-18 15:33:39', '2017-02-08 08:13:00', 47, '2017-02-17 22:01:13', 'Y'),
(890, 40, 7, 386, '20681727', '20681727', '20808', '20682', 'USD', '95', 44, 61, '2016-06-04 17:37:47', '2016-12-03 09:02:40', 68, '2017-01-09 00:18:43', 'Y'),
(892, 71, 7, 673, '35848595', '35848595', '85358', '35849', 'CNY', '15', 67, 7, '2017-01-10 06:14:14', '2016-06-22 04:56:55', 17, '2016-04-21 00:18:35', 'Y'),
(894, 31, 6, 242, '55893375', '55893375', '17582', '55893', 'NIO', '100', 20, 31, '2016-10-02 09:27:03', '2016-11-02 11:29:38', 95, '2016-04-25 08:51:09', 'Y'),
(895, 79, 7, 556, '29081091', '29081091', '63964', '29081', 'YER', '55', 89, 21, '2016-04-19 14:52:43', '2017-04-09 05:39:20', 47, '2016-09-16 03:11:52', 'Y'),
(898, 5, 6, 474, '63895210', '63895210', '93608', '63895', 'IDR', '21', 17, 91, '2016-09-17 08:06:03', '2016-07-17 20:00:13', 80, '2016-06-06 02:46:02', 'Y'),
(901, 28, 3, 79, '10122462', '10122462', '11189', '10122', 'BRL', '13', 65, 18, '2016-10-12 02:01:46', '2016-12-23 06:42:39', 39, '2016-12-23 05:27:57', 'Y'),
(902, 4, 1, 27, '50909616', '50909616', '15015', '50910', 'USD', '28', 46, 90, '2017-01-09 10:32:59', '2016-08-25 14:43:39', 10, '2016-11-07 06:25:45', 'Y'),
(904, 76, 2, 942, '29337257', '29337257', '21981', '29337', 'EUR', '37', 41, 100, '2016-07-24 01:14:36', '2016-09-17 19:45:42', 5, '2016-12-22 21:29:20', 'Y'),
(905, 28, 2, 426, '18971772', '18971772', '94691', '18972', 'PHP', '16', 82, 100, '2016-07-10 06:33:57', '2016-10-31 01:20:03', 5, '2017-03-06 18:22:11', 'Y'),
(906, 48, 1, 738, '82666329', '82666329', '68208', '82666', 'RUB', '92', 78, 89, '2017-01-12 20:32:01', '2016-11-07 12:32:15', 77, '2016-10-21 17:22:29', 'Y'),
(909, 50, 3, 349, '75576302', '75576302', '70008', '75576', 'THB', '42', 41, 34, '2016-07-12 05:23:12', '2016-10-22 15:17:26', 59, '2017-01-23 21:25:18', 'Y'),
(911, 27, 8, 366, '39194611', '39194611', '69508', '39195', 'IDR', '24', 81, 76, '2016-05-02 11:58:14', '2017-01-21 14:28:40', 10, '2016-08-09 08:13:17', 'Y'),
(914, 44, 3, 345, '56040418', '56040418', '5913', '56040', 'PYG', '6', 16, 47, '2017-01-20 22:42:56', '2016-10-05 11:04:59', 63, '2016-10-15 21:51:50', 'Y'),
(918, 2, 6, 527, '28206146', '28206146', '42780', '28206', 'CNY', '75', 53, 33, '2017-02-17 17:00:50', '2016-08-02 10:28:09', 45, '2016-06-22 03:35:30', 'Y'),
(921, 91, 7, 635, '72866494', '72866494', '87334', '72866', 'CNY', '31', 91, 21, '2016-12-25 02:51:43', '2016-11-05 11:58:52', 32, '2016-12-04 00:30:40', 'Y'),
(922, 4, 1, 215, '8995746', '8995746', '210', '8996', 'IRR', '48', 63, 94, '2016-06-19 22:10:17', '2017-04-16 00:43:10', 79, '2017-01-03 13:31:27', 'Y'),
(925, 22, 8, 133, '98497295', '98497295', '60740', '98497', 'UAH', '63', 88, 18, '2017-01-08 09:27:57', '2017-03-06 15:12:19', 21, '2016-08-05 13:59:28', 'Y'),
(926, 3, 7, 686, '47976296', '47976296', '94023', '47976', 'RUB', '67', 31, 85, '2016-12-17 06:36:35', '2016-12-11 23:38:54', 51, '2016-09-13 08:43:21', 'Y'),
(929, 25, 4, 916, '14603274', '14603274', '88808', '14603', 'PHP', '93', 8, 78, '2016-06-17 01:35:29', '2016-05-03 00:39:14', 12, '2016-05-26 12:47:59', 'Y'),
(931, 98, 5, 577, '52249196', '52249196', '47486', '52249', 'IDR', '69', 79, 7, '2016-11-30 23:47:46', '2017-01-24 13:14:02', 98, '2016-10-27 00:42:00', 'Y'),
(932, 44, 8, 307, '23353670', '23353670', '96342', '23354', 'EUR', '33', 72, 48, '2017-01-20 06:19:21', '2016-04-17 22:36:56', 66, '2017-03-14 04:11:23', 'Y'),
(936, 83, 4, 107, '71717499', '71717499', '95599', '71717', 'BRL', '48', 37, 69, '2016-06-27 11:16:43', '2016-06-10 06:44:41', 40, '2017-02-18 09:00:01', 'Y'),
(938, 61, 7, 302, '17444017', '17444017', '66223', '17444', 'VND', '53', 40, 69, '2017-02-07 05:10:48', '2017-02-08 13:53:51', 99, '2017-01-24 19:05:10', 'Y'),
(941, 20, 2, 408, '8292979', '8292979', '97153', '8293', 'BYR', '48', 37, 40, '2017-03-28 15:39:38', '2016-11-30 17:17:24', 95, '2017-03-16 14:13:02', 'Y'),
(942, 58, 1, 201, '47807436', '47807436', '4788', '47807', 'PHP', '81', 67, 90, '2016-07-16 04:36:50', '2016-12-09 17:15:20', 91, '2016-07-21 02:11:51', 'Y'),
(944, 52, 3, 820, '29573579', '29573579', '54686', '29574', 'CNY', '12', 53, 17, '2017-02-22 04:12:21', '2017-03-24 07:38:36', 8, '2016-12-30 14:50:06', 'Y'),
(945, 69, 8, 276, '77247019', '77247019', '67740', '77247', 'JPY', '92', 7, 32, '2017-01-31 17:05:37', '2017-02-27 13:45:43', 51, '2016-10-16 11:39:23', 'Y'),
(946, 59, 4, 322, '64146976', '64146976', '42706', '64147', 'IRR', '96', 69, 89, '2016-10-03 20:52:36', '2017-01-02 19:26:13', 32, '2016-10-10 22:56:29', 'Y'),
(947, 23, 2, 188, '11413735', '11413735', '89243', '11414', 'LYD', '13', 46, 22, '2016-06-26 20:26:50', '2016-04-28 21:19:40', 40, '2016-08-20 18:39:45', 'Y'),
(948, 28, 4, 315, '48134393', '48134393', '24731', '48134', 'BRL', '51', 4, 99, '2016-08-30 22:20:10', '2016-09-11 18:23:01', 25, '2016-06-04 19:12:17', 'Y'),
(951, 87, 1, 957, '38617355', '38617355', '49155', '38617', 'MNT', '83', 71, 92, '2016-12-15 12:46:38', '2016-06-13 09:38:08', 77, '2016-12-09 00:36:12', 'Y'),
(955, 21, 8, 481, '48523340', '48523340', '70838', '48523', 'EUR', '33', 91, 11, '2016-05-13 11:21:53', '2016-10-09 18:22:58', 50, '2017-02-10 00:05:56', 'Y'),
(956, 43, 1, 126, '15229017', '15229017', '77900', '15229', 'JPY', '31', 35, 100, '2016-09-07 05:01:06', '2016-04-24 07:22:53', 34, '2016-05-15 16:34:45', 'Y'),
(959, 8, 5, 399, '10570373', '10570373', '5644', '10570', 'BRL', '53', 78, 79, '2017-02-19 13:21:09', '2016-06-07 05:51:03', 62, '2016-09-06 10:44:16', 'Y'),
(960, 42, 8, 580, '80432182', '80432182', '81138', '80432', 'LTL', '74', 70, 12, '2016-08-05 14:57:36', '2016-09-15 23:23:34', 92, '2016-11-06 08:22:10', 'Y'),
(962, 8, 2, 174, '91005261', '91005261', '61972', '91005', 'EUR', '83', 24, 84, '2017-01-15 13:53:38', '2016-07-18 21:46:52', 86, '2016-12-20 10:09:18', 'Y'),
(963, 94, 8, 918, '47719340', '47719340', '4777', '47719', 'IDR', '31', 60, 24, '2016-09-05 02:13:02', '2016-05-08 01:31:14', 3, '2016-06-11 02:03:05', 'Y'),
(969, 10, 6, 107, '34725702', '34725702', '88586', '34726', 'PL', '59', 93, 48, '2016-09-07 12:23:04', '2016-10-19 19:09:18', 20, '2017-03-03 00:22:18', 'Y'),
(975, 12, 5, 189, '34653414', '34653414', '66019', '34653', 'USD', '35', 62, 5, '2016-09-26 22:56:29', '2016-08-01 07:12:44', 74, '2016-04-23 03:52:37', 'Y'),
(976, 10, 1, 579, '60531988', '60531988', '95723', '60532', 'CNY', '69', 89, 13, '2016-09-11 18:54:50', '2016-06-17 20:23:13', 85, '2016-04-20 10:40:45', 'Y'),
(977, 29, 7, 895, '19643919', '19643919', '71506', '19644', 'CNY', '50', 17, 12, '2016-09-24 22:03:44', '2016-07-26 21:47:58', 89, '2016-06-02 20:10:59', 'Y'),
(978, 81, 1, 310, '44931918', '44931918', '46104', '44932', 'IDR', '96', 67, 2, '2016-07-07 02:22:01', '2016-06-17 21:45:36', 66, '2016-11-26 04:13:26', 'Y'),
(979, 95, 2, 225, '27145069', '27145069', '60201', '27145', 'VEF', '31', 71, 62, '2016-07-17 22:42:03', '2016-09-26 02:46:56', 89, '2016-08-11 21:22:56', 'Y'),
(980, 92, 2, 733, '57870814', '57870814', '29832', '57871', 'RUB', '43', 3, 70, '2016-09-13 12:59:32', '2017-03-06 00:22:37', 70, '2016-12-07 07:19:59', 'Y'),
(982, 21, 2, 713, '42777830', '42777830', '38294', '42778', 'PL', '36', 28, 39, '2016-12-04 18:25:59', '2016-08-30 22:47:15', 25, '2016-12-14 19:14:10', 'Y'),
(983, 60, 1, 519, '61384628', '61384628', '72315', '61385', 'CNY', '32', 4, 3, '2016-04-17 23:59:21', '2016-10-28 19:51:58', 87, '2017-02-10 04:41:53', 'Y'),
(984, 17, 3, 237, '88219888', '88219888', '28428', '88220', 'EUR', '41', 39, 41, '2016-05-03 18:51:09', '2016-05-11 17:50:19', 11, '2017-01-08 01:24:35', 'Y'),
(985, 26, 4, 864, '44930403', '44930403', '57807', '44930', 'HNL', '83', 90, 55, '2016-12-14 06:46:22', '2016-06-16 04:24:11', 41, '2016-04-25 15:57:32', 'Y'),
(986, 1, 7, 426, '13711825', '13711825', '90527', '13712', 'PHP', '69', 58, 56, '2017-03-21 19:43:59', '2016-07-07 00:53:12', 47, '2016-05-21 13:19:01', 'Y'),
(989, 90, 1, 410, '2764578', '2764578', '87193', '2765', 'EUR', '99', 13, 87, '2016-04-24 23:11:07', '2016-08-22 16:10:51', 30, '2016-07-10 23:01:22', 'Y'),
(990, 40, 6, 307, '75004250', '75004250', '19539', '75004', 'GTQ', '29', 93, 93, '2016-10-04 20:20:13', '2017-04-11 21:50:56', 96, '2016-12-04 20:51:12', 'Y'),
(993, 73, 7, 663, '14588424', '14588424', '5376', '14588', 'ETB', '9', 88, 41, '2017-04-11 15:19:02', '2017-02-27 03:04:18', 41, '2016-06-07 17:38:09', 'Y'),
(994, 77, 8, 417, '4121298', '4121298', '1558', '4121', 'ALL', '66', 89, 46, '2016-04-21 14:51:00', '2016-08-17 21:07:09', 63, '2017-04-03 17:28:10', 'Y'),
(995, 75, 7, 683, '65813168', '65813168', '14786', '65813', 'EUR', '36', 35, 77, '2016-06-21 23:57:05', '2017-02-28 03:17:39', 69, '2017-01-20 23:41:12', 'Y'),
(996, 86, 1, 306, '83953263', '83953263', '51761', '83953', 'CNY', '51', 5, 62, '2017-04-06 20:00:21', '2017-01-11 06:43:15', 86, '2017-01-15 18:19:01', 'Y'),
(998, 1, 7, 969, '31444127', '31444127', '26958', '31444', 'CNY', '74', 42, 34, '2016-12-06 16:33:04', '2016-09-30 11:31:33', 57, '2016-06-04 18:20:24', 'Y'),
(999, 52, 4, 60, '76665555', '76665555', '44048', '76666', 'IDR', '57', 59, 86, '2016-11-30 01:54:21', '2016-10-18 03:21:53', 7, '2016-06-26 21:11:42', 'Y');

-- --------------------------------------------------------

--
-- Table structure for table `transaction_types`
--

CREATE TABLE `transaction_types` (
  `idTRANSACTION_TYPES` int(11) NOT NULL,
  `Name` varchar(155) DEFAULT NULL,
  `Status` varchar(15) DEFAULT NULL,
  `Created_by` int(11) DEFAULT NULL,
  `Last_update_by` int(11) DEFAULT NULL,
  `Created_date` datetime DEFAULT NULL,
  `Last_update_date` datetime DEFAULT NULL
) ENGINE=InnoDB DEFAULT CHARSET=utf8;

--
-- Dumping data for table `transaction_types`
--

INSERT INTO `transaction_types` (`idTRANSACTION_TYPES`, `Name`, `Status`, `Created_by`, `Last_update_by`, `Created_date`, `Last_update_date`) VALUES
(1, 'Bank Adjustment', 'Y', 87, 28, '2016-06-08 01:26:20', '2017-04-04 16:10:08'),
(2, 'Interest', 'Y', 94, 95, '2016-10-02 03:20:45', '2017-02-05 11:47:54'),
(3, 'Cash Transfer', 'Y', 86, 89, '2017-02-22 04:49:53', '2017-01-10 21:15:44'),
(4, 'Daily Cash Deposit', 'Y', 23, 6, '2016-09-16 08:57:57', '2016-05-30 14:13:35'),
(5, 'Credit Card Receipt', 'Y', 99, 12, '2017-03-28 01:26:18', '2016-07-29 20:25:49'),
(6, 'Credit Card Processing Fee', 'Y', 40, 50, '2016-04-23 21:00:30', '2017-01-11 11:24:33'),
(7, 'Credit Card Chargeback', 'Y', 93, 93, '2016-11-01 06:59:38', '2016-06-17 18:16:40'),
(8, 'Customer Order Payment', 'Y', 67, 76, '2016-05-11 04:02:46', '2016-09-18 23:19:24');

-- --------------------------------------------------------

--
-- Table structure for table `type_savings_account`
--

CREATE TABLE `type_savings_account` (
  `idTYPE_SAVINGS_ACCOUNT` int(11) NOT NULL,
  `Name` varchar(155) DEFAULT NULL,
  `Status` varchar(15) DEFAULT NULL,
  `Create_by` int(11) DEFAULT NULL,
  `Last_update_by` int(11) DEFAULT NULL,
  `Created_date` datetime DEFAULT NULL,
  `Last_update_date` datetime DEFAULT NULL
) ENGINE=InnoDB DEFAULT CHARSET=utf8;

--
-- Dumping data for table `type_savings_account`
--

INSERT INTO `type_savings_account` (`idTYPE_SAVINGS_ACCOUNT`, `Name`, `Status`, `Create_by`, `Last_update_by`, `Created_date`, `Last_update_date`) VALUES
(1, 'Ti?t ki?m c k h?', 'Y', 79, 91, '2016-11-29 20:57:58', '2016-12-31 02:09:50'),
(2, 'Ti?t ki?m an sinh', 'Y', 35, 14, '2017-01-10 05:22:43', '2016-10-18 00:51:06'),
(3, 'Ti?t ki?m linh ho?t', 'Y', 60, 51, '2016-11-09 21:23:03', '2017-04-08 17:57:44'),
(4, 'Ti?t ki?m h?c du?ng', 'Y', 25, 59, '2017-01-21 07:59:19', '2016-07-28 19:11:28'),
(5, 'Ti?t ki?m c k? h?n li su?t th? n?i', 'Y', 33, 42, '2016-08-25 21:15:08', '2016-10-19 09:05:54'),
(6, 'Ti?t ki?m g?i gp hng thng', 'Y', 5, 27, '2016-12-25 04:05:14', '2017-01-22 12:03:07'),
(7, 'Ti?t ki?m khng k h?', 'Y', 4, 91, '2016-07-27 12:54:00', '2016-05-29 23:52:50');

--
-- Indexes for dumped tables
--

--
-- Indexes for table `account`
--
ALTER TABLE `account`
  ADD PRIMARY KEY (`idACCOUNT`),
  ADD KEY `fk_ACCOUNT_ACCOUNT_TYPE1_idx` (`idACCOUNT_TYPE`),
  ADD KEY `fk_ACCOUNT_BRANCH1_idx` (`idBranch`),
  ADD KEY `fk_ACCOUNT_CUSTOMER1_idx` (`idCUSTOMER`);

--
-- Indexes for table `account_type`
--
ALTER TABLE `account_type`
  ADD PRIMARY KEY (`idACCOUNT_TYPE`);

--
-- Indexes for table `branch`
--
ALTER TABLE `branch`
  ADD PRIMARY KEY (`idBranch`),
  ADD KEY `fk_BRANCH_OWNER_idx` (`idOWNER`);

--
-- Indexes for table `customer`
--
ALTER TABLE `customer`
  ADD PRIMARY KEY (`idCUSTOMER`),
  ADD KEY `fk_CUSTOMER_BRANCH1_idx` (`idBranch`);

--
-- Indexes for table `employee`
--
ALTER TABLE `employee`
  ADD PRIMARY KEY (`idEMPLOYEE`),
  ADD KEY `fk_EMPLOYEE_BRANCH1_idx` (`idBranch`),
  ADD KEY `fk_EMPLOYEE_POSITION_EMP1_idx` (`idPOSITION`);

--
-- Indexes for table `owner`
--
ALTER TABLE `owner`
  ADD PRIMARY KEY (`idOWNER`);

--
-- Indexes for table `position_emp`
--
ALTER TABLE `position_emp`
  ADD PRIMARY KEY (`idPOSITION`);

--
-- Indexes for table `savings_account`
--
ALTER TABLE `savings_account`
  ADD PRIMARY KEY (`idSAVINGS_ACCOUNT`),
  ADD KEY `fk_SAVINGS_ACCOUNT_TYPE_SAVINGS_ACCOUNT1_idx` (`idTYPE_SAVINGS_ACCOUNT`),
  ADD KEY `fk_SAVINGS_ACCOUNT_CUSTOMER1_idx` (`idCUSTOMER`),
  ADD KEY `fk_SAVINGS_ACCOUNT_ACCOUNT1_idx` (`idACCOUNT`),
  ADD KEY `fk_SAVINGS_ACCOUNT_BRANCH1_idx` (`idBranch`);

--
-- Indexes for table `transactions`
--
ALTER TABLE `transactions`
  ADD PRIMARY KEY (`idTRANSACTIONS`),
  ADD KEY `fk_TRANSACTIONS_TRANSACTION_TYPES1_idx` (`idTRANSACTION_TYPES`),
  ADD KEY `fk_TRANSACTIONS_ACCOUNT1_idx` (`idACCOUNT`),
  ADD KEY `fk_TRANSACTIONS_BRANCH1_idx` (`idBranch`);

--
-- Indexes for table `transaction_types`
--
ALTER TABLE `transaction_types`
  ADD PRIMARY KEY (`idTRANSACTION_TYPES`);

--
-- Indexes for table `type_savings_account`
--
ALTER TABLE `type_savings_account`
  ADD PRIMARY KEY (`idTYPE_SAVINGS_ACCOUNT`);

--
-- AUTO_INCREMENT for dumped tables
--

--
-- AUTO_INCREMENT for table `account`
--
ALTER TABLE `account`
  MODIFY `idACCOUNT` int(11) NOT NULL AUTO_INCREMENT, AUTO_INCREMENT=1001;
--
-- AUTO_INCREMENT for table `account_type`
--
ALTER TABLE `account_type`
  MODIFY `idACCOUNT_TYPE` int(11) NOT NULL AUTO_INCREMENT, AUTO_INCREMENT=8;
--
-- AUTO_INCREMENT for table `branch`
--
ALTER TABLE `branch`
  MODIFY `idBranch` int(11) NOT NULL AUTO_INCREMENT, AUTO_INCREMENT=101;
--
-- AUTO_INCREMENT for table `customer`
--
ALTER TABLE `customer`
  MODIFY `idCUSTOMER` int(11) NOT NULL AUTO_INCREMENT, AUTO_INCREMENT=488;
--
-- AUTO_INCREMENT for table `employee`
--
ALTER TABLE `employee`
  MODIFY `idEMPLOYEE` int(11) NOT NULL AUTO_INCREMENT, AUTO_INCREMENT=1001;
--
-- AUTO_INCREMENT for table `owner`
--
ALTER TABLE `owner`
  MODIFY `idOWNER` int(11) NOT NULL AUTO_INCREMENT, AUTO_INCREMENT=4;
--
-- AUTO_INCREMENT for table `position_emp`
--
ALTER TABLE `position_emp`
  MODIFY `idPOSITION` int(11) NOT NULL AUTO_INCREMENT, AUTO_INCREMENT=11;
--
-- AUTO_INCREMENT for table `savings_account`
--
ALTER TABLE `savings_account`
  MODIFY `idSAVINGS_ACCOUNT` int(11) NOT NULL AUTO_INCREMENT, AUTO_INCREMENT=1001;
--
-- AUTO_INCREMENT for table `transactions`
--
ALTER TABLE `transactions`
  MODIFY `idTRANSACTIONS` int(11) NOT NULL AUTO_INCREMENT, AUTO_INCREMENT=1001;
--
-- AUTO_INCREMENT for table `transaction_types`
--
ALTER TABLE `transaction_types`
  MODIFY `idTRANSACTION_TYPES` int(11) NOT NULL AUTO_INCREMENT, AUTO_INCREMENT=9;
--
-- AUTO_INCREMENT for table `type_savings_account`
--
ALTER TABLE `type_savings_account`
  MODIFY `idTYPE_SAVINGS_ACCOUNT` int(11) NOT NULL AUTO_INCREMENT, AUTO_INCREMENT=8;
--
-- Constraints for dumped tables
--

--
-- Constraints for table `account`
--
ALTER TABLE `account`
  ADD CONSTRAINT `fk_ACCOUNT_ACCOUNT_TYPE1` FOREIGN KEY (`idACCOUNT_TYPE`) REFERENCES `account_type` (`idACCOUNT_TYPE`) ON DELETE NO ACTION ON UPDATE NO ACTION,
  ADD CONSTRAINT `fk_ACCOUNT_BRANCH1` FOREIGN KEY (`idBranch`) REFERENCES `branch` (`idBranch`) ON DELETE NO ACTION ON UPDATE NO ACTION,
  ADD CONSTRAINT `fk_ACCOUNT_CUSTOMER1` FOREIGN KEY (`idCUSTOMER`) REFERENCES `customer` (`idCUSTOMER`) ON DELETE NO ACTION ON UPDATE NO ACTION;

--
-- Constraints for table `branch`
--
ALTER TABLE `branch`
  ADD CONSTRAINT `fk_BRANCH_OWNER` FOREIGN KEY (`idOWNER`) REFERENCES `owner` (`idOWNER`) ON DELETE NO ACTION ON UPDATE NO ACTION;

--
-- Constraints for table `customer`
--
ALTER TABLE `customer`
  ADD CONSTRAINT `fk_CUSTOMER_BRANCH1` FOREIGN KEY (`idBranch`) REFERENCES `branch` (`idBranch`) ON DELETE NO ACTION ON UPDATE NO ACTION;

--
-- Constraints for table `employee`
--
ALTER TABLE `employee`
  ADD CONSTRAINT `fk_EMPLOYEE_BRANCH1` FOREIGN KEY (`idBranch`) REFERENCES `branch` (`idBranch`) ON DELETE NO ACTION ON UPDATE NO ACTION,
  ADD CONSTRAINT `fk_EMPLOYEE_POSITION_EMP1` FOREIGN KEY (`idPOSITION`) REFERENCES `position_emp` (`idPOSITION`) ON DELETE NO ACTION ON UPDATE NO ACTION;

--
-- Constraints for table `savings_account`
--
ALTER TABLE `savings_account`
  ADD CONSTRAINT `fk_SAVINGS_ACCOUNT_ACCOUNT1` FOREIGN KEY (`idACCOUNT`) REFERENCES `account` (`idACCOUNT`) ON DELETE NO ACTION ON UPDATE NO ACTION,
  ADD CONSTRAINT `fk_SAVINGS_ACCOUNT_BRANCH1` FOREIGN KEY (`idBranch`) REFERENCES `branch` (`idBranch`) ON DELETE NO ACTION ON UPDATE NO ACTION,
  ADD CONSTRAINT `fk_SAVINGS_ACCOUNT_CUSTOMER1` FOREIGN KEY (`idCUSTOMER`) REFERENCES `customer` (`idCUSTOMER`) ON DELETE NO ACTION ON UPDATE NO ACTION,
  ADD CONSTRAINT `fk_SAVINGS_ACCOUNT_TYPE_SAVINGS_ACCOUNT1` FOREIGN KEY (`idTYPE_SAVINGS_ACCOUNT`) REFERENCES `type_savings_account` (`idTYPE_SAVINGS_ACCOUNT`) ON DELETE NO ACTION ON UPDATE NO ACTION;

--
-- Constraints for table `transactions`
--
ALTER TABLE `transactions`
  ADD CONSTRAINT `fk_TRANSACTIONS_ACCOUNT1` FOREIGN KEY (`idACCOUNT`) REFERENCES `account` (`idACCOUNT`) ON DELETE NO ACTION ON UPDATE NO ACTION,
  ADD CONSTRAINT `fk_TRANSACTIONS_BRANCH1` FOREIGN KEY (`idBranch`) REFERENCES `branch` (`idBranch`) ON DELETE NO ACTION ON UPDATE NO ACTION,
  ADD CONSTRAINT `fk_TRANSACTIONS_TRANSACTION_TYPES1` FOREIGN KEY (`idTRANSACTION_TYPES`) REFERENCES `transaction_types` (`idTRANSACTION_TYPES`) ON DELETE NO ACTION ON UPDATE NO ACTION;

/*!40101 SET CHARACTER_SET_CLIENT=@OLD_CHARACTER_SET_CLIENT */;
/*!40101 SET CHARACTER_SET_RESULTS=@OLD_CHARACTER_SET_RESULTS */;
/*!40101 SET COLLATION_CONNECTION=@OLD_COLLATION_CONNECTION */;
